/****************************************************************************
** Resource object code
**
** Created by: The Resource Compiler for Qt version 6.7.3
**
** WARNING! All changes made in this file will be lost!
*****************************************************************************/

static const unsigned char qt_resource_data[] = {
  // C:/Users/hp/Desktop/interapp/recherche.png
  0x0,0x0,0xb8,0xe7,
  0x89,
  0x50,0x4e,0x47,0xd,0xa,0x1a,0xa,0x0,0x0,0x0,0xd,0x49,0x48,0x44,0x52,0x0,
  0x0,0x7,0xd0,0x0,0x0,0x7,0xd0,0x8,0x6,0x0,0x0,0x0,0x9a,0x38,0xc4,0x79,
  0x0,0x0,0x0,0x4,0x67,0x41,0x4d,0x41,0x0,0x0,0xb1,0x8e,0x7c,0xfb,0x51,0x93,
  0x0,0x0,0x0,0x20,0x63,0x48,0x52,0x4d,0x0,0x0,0x87,0xf,0x0,0x0,0x8c,0xf,
  0x0,0x0,0xfd,0x52,0x0,0x0,0x81,0x40,0x0,0x0,0x7d,0x79,0x0,0x0,0xe9,0x8b,
  0x0,0x0,0x3c,0xe5,0x0,0x0,0x19,0xcc,0x73,0x3c,0x85,0x77,0x0,0x0,0xa,0x2f,
  0x69,0x43,0x43,0x50,0x49,0x43,0x43,0x20,0x50,0x72,0x6f,0x66,0x69,0x6c,0x65,0x0,
  0x0,0x48,0xc7,0x9d,0x96,0x77,0x54,0x54,0xd7,0x16,0x87,0xcf,0xbd,0x77,0x7a,0xa1,
  0xcd,0x30,0xd2,0x19,0x7a,0x93,0x2e,0x30,0x80,0xf4,0x2e,0x20,0x1d,0x4,0x51,0x18,
  0x66,0x6,0x18,0xca,0x0,0xc3,0xc,0x4d,0x6c,0x88,0xa8,0x40,0x44,0x11,0x11,0x1,
  0x45,0x90,0xa0,0x80,0x1,0xa3,0xa1,0x48,0xac,0x88,0x62,0x21,0x28,0xa8,0x60,0xf,
  0x48,0x10,0x50,0x62,0x30,0x8a,0xa8,0xa8,0x64,0x46,0xd6,0x4a,0x7c,0x79,0x79,0xef,
  0xe5,0xe5,0xf7,0xc7,0xbd,0xdf,0xda,0x67,0xef,0x73,0xf7,0xd9,0x7b,0x9f,0xb5,0x2e,
  0x0,0x24,0x4f,0x1f,0x2e,0x2f,0x5,0x96,0x2,0x20,0x99,0x27,0xe0,0x7,0x7a,0x38,
  0xd3,0x57,0x85,0x47,0xd0,0xb1,0xfd,0x0,0x6,0x78,0x80,0x1,0xa6,0x0,0x30,0x59,
  0xe9,0xa9,0xbe,0x41,0xee,0xc1,0x40,0x24,0x2f,0x37,0x17,0x7a,0xba,0xc8,0x9,0xfc,
  0x8b,0xde,0xc,0x1,0x48,0xfc,0xbe,0x65,0xe8,0xe9,0x4f,0xa7,0x83,0xff,0x4f,0xd2,
  0xac,0x54,0xbe,0x0,0x0,0xc8,0x5f,0xc4,0xe6,0x6c,0x4e,0x3a,0x4b,0xc4,0xf9,0x22,
  0x4e,0xca,0x14,0xa4,0x8a,0xed,0x33,0x22,0xa6,0xc6,0x24,0x8a,0x19,0x46,0x89,0x99,
  0x2f,0x4a,0x50,0xc4,0x72,0x62,0x8e,0x5b,0xe4,0xa5,0x9f,0x7d,0x16,0xd9,0x51,0xcc,
  0xec,0x64,0x1e,0x5b,0xc4,0xe2,0x9c,0x53,0xd9,0xc9,0x6c,0x31,0xf7,0x88,0x78,0x7b,
  0x86,0x90,0x23,0x62,0xc4,0x47,0xc4,0x5,0x19,0x5c,0x4e,0xa6,0x88,0x6f,0x8b,0x58,
  0x33,0x49,0x98,0xcc,0x15,0xf1,0x5b,0x71,0x6c,0x32,0x87,0x99,0xe,0x0,0x8a,0x24,
  0xb6,0xb,0x38,0xac,0x78,0x11,0x9b,0x88,0x98,0xc4,0xf,0xe,0x74,0x11,0xf1,0x72,
  0x0,0x70,0xa4,0xb8,0x2f,0x38,0xe6,0xb,0x16,0x70,0xb2,0x4,0xe2,0x43,0xb9,0xa4,
  0xa4,0x66,0xf3,0xb9,0x71,0xf1,0x2,0xba,0x2e,0x4b,0x8f,0x6e,0x6a,0x6d,0xcd,0xa0,
  0x7b,0x72,0x32,0x93,0x38,0x2,0x81,0xa1,0x3f,0x93,0x95,0xc8,0xe4,0xb3,0xe9,0x2e,
  0x29,0xc9,0xa9,0x4c,0x5e,0x36,0x0,0x8b,0x67,0xfe,0x2c,0x19,0x71,0x6d,0xe9,0xa2,
  0x22,0x5b,0x9a,0x5a,0x5b,0x5a,0x1a,0x9a,0x19,0x99,0x7e,0x51,0xa8,0xff,0xba,0xf8,
  0x37,0x25,0xee,0xed,0x22,0xbd,0xa,0xf8,0xdc,0x33,0x88,0xd6,0xf7,0x87,0xed,0xaf,
  0xfc,0x52,0xea,0x0,0x60,0xcc,0x8a,0x6a,0xb3,0xeb,0xf,0x5b,0xcc,0x7e,0x0,0x3a,
  0xb6,0x2,0x20,0x77,0xff,0xf,0x9b,0xe6,0x21,0x0,0x24,0x45,0x7d,0x6b,0xbf,0xf1,
  0xc5,0x79,0x68,0xe2,0x79,0x89,0x17,0x8,0x52,0x6d,0x8c,0x8d,0x33,0x33,0x33,0x8d,
  0xb8,0x1c,0x96,0x91,0xb8,0xa0,0xbf,0xeb,0x7f,0x3a,0xfc,0xd,0x7d,0xf1,0x3d,0x23,
  0xf1,0x76,0xbf,0x97,0x87,0xee,0xca,0x89,0x65,0xa,0x93,0x4,0x74,0x71,0xdd,0x58,
  0x29,0x49,0x29,0x42,0x3e,0x3d,0x3d,0x95,0xc9,0xe2,0xd0,0xd,0xff,0x3c,0xc4,0xff,
  0x38,0xf0,0xaf,0xf3,0x58,0x1a,0xc8,0x89,0xe5,0xf0,0x39,0x3c,0x51,0x44,0xa8,0x68,
  0xca,0xb8,0xbc,0x38,0x51,0xbb,0x79,0x6c,0xae,0x80,0x9b,0xc2,0xa3,0x73,0x79,0xff,
  0xa9,0x89,0xff,0x30,0xec,0x4f,0x5a,0x9c,0x6b,0x91,0x28,0xf5,0x9f,0x0,0x35,0xca,
  0x8,0x48,0xdd,0xa0,0x2,0xe4,0xe7,0x3e,0x80,0xa2,0x10,0x1,0x12,0x79,0x50,0xdc,
  0xf5,0xdf,0xfb,0xe6,0x83,0xf,0x5,0xe2,0x9b,0x17,0xa6,0x3a,0xb1,0x38,0xf7,0x9f,
  0x5,0xfd,0xfb,0xae,0x70,0x89,0xf8,0x91,0xce,0x8d,0xfb,0x1c,0xe7,0x12,0x18,0x4c,
  0x67,0x9,0xf9,0x19,0x8b,0x6b,0xe2,0x6b,0x9,0xd0,0x80,0x0,0x24,0x1,0x15,0xc8,
  0x3,0x15,0xa0,0x1,0x74,0x81,0x21,0x30,0x3,0x56,0xc0,0x16,0x38,0x2,0x37,0xb0,
  0x2,0xf8,0x81,0x60,0x10,0xe,0xd6,0x2,0x16,0x88,0x7,0xc9,0x80,0xf,0x32,0x41,
  0x2e,0xd8,0xc,0xa,0x40,0x11,0xd8,0x5,0xf6,0x82,0x4a,0x50,0x3,0xea,0x41,0x23,
  0x68,0x1,0x27,0x40,0x7,0x38,0xd,0x2e,0x80,0xcb,0xe0,0x3a,0xb8,0x9,0xee,0x80,
  0x7,0x60,0x4,0x8c,0x83,0xe7,0x60,0x6,0xbc,0x1,0xf3,0x10,0x4,0x61,0x21,0x32,
  0x44,0x81,0xe4,0x21,0x55,0x48,0xb,0x32,0x80,0xcc,0x20,0x6,0x64,0xf,0xb9,0x41,
  0x3e,0x50,0x20,0x14,0xe,0x45,0x43,0x71,0x10,0xf,0x12,0x42,0xb9,0xd0,0x16,0xa8,
  0x8,0x2a,0x85,0x2a,0xa1,0x5a,0xa8,0x11,0xfa,0x16,0x3a,0x5,0x5d,0x80,0xae,0x42,
  0x3,0xd0,0x3d,0x68,0x14,0x9a,0x82,0x7e,0x85,0xde,0xc3,0x8,0x4c,0x82,0xa9,0xb0,
  0x32,0xac,0xd,0x1b,0xc3,0xc,0xd8,0x9,0xf6,0x86,0x83,0xe1,0x35,0x70,0x1c,0x9c,
  0x6,0xe7,0xc0,0xf9,0xf0,0x4e,0xb8,0x2,0xae,0x83,0x8f,0xc1,0xed,0xf0,0x5,0xf8,
  0x3a,0x7c,0x7,0x1e,0x81,0x9f,0xc3,0xb3,0x8,0x40,0x88,0x8,0xd,0x51,0x43,0xc,
  0x11,0x6,0xe2,0x82,0xf8,0x21,0x11,0x48,0x2c,0xc2,0x47,0x36,0x20,0x85,0x48,0x39,
  0x52,0x87,0xb4,0x20,0x5d,0x48,0x2f,0x72,0xb,0x19,0x41,0xa6,0x91,0x77,0x28,0xc,
  0x8a,0x82,0xa2,0xa3,0xc,0x51,0xb6,0x28,0x4f,0x54,0x8,0x8a,0x85,0x4a,0x43,0x6d,
  0x40,0x15,0xa3,0x2a,0x51,0x47,0x51,0xed,0xa8,0x1e,0xd4,0x2d,0xd4,0x28,0x6a,0x6,
  0xf5,0x9,0x4d,0x46,0x2b,0xa1,0xd,0xd0,0x36,0x68,0x2f,0xf4,0x2a,0x74,0x1c,0x3a,
  0x13,0x5d,0x80,0x2e,0x47,0x37,0xa0,0xdb,0xd0,0x97,0xd0,0x77,0xd0,0xe3,0xe8,0x37,
  0x18,0xc,0x86,0x86,0xd1,0xc1,0x58,0x61,0x3c,0x31,0xe1,0x98,0x4,0xcc,0x3a,0x4c,
  0x31,0xe6,0x0,0xa6,0x15,0x73,0x1e,0x33,0x80,0x19,0xc3,0xcc,0x62,0xb1,0x58,0x79,
  0xac,0x1,0xd6,0xe,0xeb,0x87,0x65,0x62,0x5,0xd8,0x2,0xec,0x7e,0xec,0x31,0xec,
  0x39,0xec,0x20,0x76,0x1c,0xfb,0x16,0x47,0xc4,0xa9,0xe2,0xcc,0x70,0xee,0xb8,0x8,
  0x1c,0xf,0x97,0x87,0x2b,0xc7,0x35,0xe1,0xce,0xe2,0x6,0x71,0x13,0xb8,0x79,0xbc,
  0x14,0x5e,0xb,0x6f,0x83,0xf7,0xc3,0xb3,0xf1,0xd9,0xf8,0x12,0x7c,0x3d,0xbe,0xb,
  0x7f,0x3,0x3f,0x8e,0x9f,0x27,0x48,0x13,0x74,0x8,0x76,0x84,0x60,0x42,0x2,0x61,
  0x33,0xa1,0x82,0xd0,0x42,0xb8,0x44,0x78,0x48,0x78,0x45,0x24,0x12,0xd5,0x89,0xd6,
  0xc4,0x0,0x22,0x97,0xb8,0x89,0x58,0x41,0x3c,0x4e,0xbc,0x42,0x1c,0x25,0xbe,0x23,
  0xc9,0x90,0xf4,0x49,0x2e,0xa4,0x48,0x92,0x90,0xb4,0x93,0x74,0x84,0x74,0x9e,0x74,
  0x8f,0xf4,0x8a,0x4c,0x26,0x6b,0x93,0x1d,0xc9,0x11,0x64,0x1,0x79,0x27,0xb9,0x91,
  0x7c,0x91,0xfc,0x98,0xfc,0x56,0x82,0x22,0x61,0x24,0xe1,0x25,0xc1,0x96,0xd8,0x28,
  0x51,0x25,0xd1,0x2e,0x31,0x28,0xf1,0x42,0x12,0x2f,0xa9,0x25,0xe9,0x24,0xb9,0x56,
  0x32,0x47,0xb2,0x5c,0xf2,0xa4,0xe4,0xd,0xc9,0x69,0x29,0xbc,0x94,0xb6,0x94,0x8b,
  0x14,0x53,0x6a,0x83,0x54,0x95,0xd4,0x29,0xa9,0x61,0xa9,0x59,0x69,0x8a,0xb4,0xa9,
  0xb4,0x9f,0x74,0xb2,0x74,0xb1,0x74,0x93,0xf4,0x55,0xe9,0x49,0x19,0xac,0x8c,0xb6,
  0x8c,0x9b,0xc,0x5b,0x26,0x5f,0xe6,0xb0,0xcc,0x45,0x99,0x31,0xa,0x42,0xd1,0xa0,
  0xb8,0x50,0x58,0x94,0x2d,0x94,0x7a,0xca,0x25,0xca,0x38,0x15,0x43,0xd5,0xa1,0x7a,
  0x51,0x13,0xa8,0x45,0xd4,0x6f,0xa8,0xfd,0xd4,0x19,0x59,0x19,0xd9,0x65,0xb2,0xa1,
  0xb2,0x59,0xb2,0x55,0xb2,0x67,0x64,0x47,0x68,0x8,0x4d,0x9b,0xe6,0x45,0x4b,0xa2,
  0x95,0xd0,0x4e,0xd0,0x86,0x68,0xef,0x97,0x28,0x2f,0x71,0x5a,0xc2,0x59,0xb2,0x63,
  0x49,0xcb,0x92,0xc1,0x25,0x73,0x72,0x8a,0x72,0x8e,0x72,0x1c,0xb9,0x42,0xb9,0x56,
  0xb9,0x3b,0x72,0xef,0xe5,0xe9,0xf2,0x6e,0xf2,0x89,0xf2,0xbb,0xe5,0x3b,0xe4,0x1f,
  0x29,0xa0,0x14,0xf4,0x15,0x2,0x14,0x32,0x15,0xe,0x2a,0x5c,0x52,0x98,0x56,0xa4,
  0x2a,0xda,0x2a,0xb2,0x14,0xb,0x15,0x4f,0x28,0xde,0x57,0x82,0x95,0xf4,0x95,0x2,
  0x95,0xd6,0x29,0x1d,0x56,0xea,0x53,0x9a,0x55,0x56,0x51,0xf6,0x50,0x4e,0x55,0xde,
  0xaf,0x7c,0x51,0x79,0x5a,0x85,0xa6,0xe2,0xa8,0x92,0xa0,0x52,0xa6,0x72,0x56,0x65,
  0x4a,0x95,0xa2,0x6a,0xaf,0xca,0x55,0x2d,0x53,0x3d,0xa7,0xfa,0x8c,0x2e,0x4b,0x77,
  0xa2,0x27,0xd1,0x2b,0xe8,0x3d,0xf4,0x19,0x35,0x25,0x35,0x4f,0x35,0xa1,0x5a,0xad,
  0x5a,0xbf,0xda,0xbc,0xba,0x8e,0x7a,0x88,0x7a,0x9e,0x7a,0xab,0xfa,0x23,0xd,0x82,
  0x6,0x43,0x23,0x56,0xa3,0x4c,0xa3,0x5b,0x63,0x46,0x53,0x55,0xd3,0x57,0x33,0x57,
  0xb3,0x59,0xf3,0xbe,0x16,0x5e,0x8b,0xa1,0x15,0xaf,0xb5,0x4f,0xab,0x57,0x6b,0x4e,
  0x5b,0x47,0x3b,0x4c,0x7b,0x9b,0x76,0x87,0xf6,0xa4,0x8e,0x9c,0x8e,0x97,0x4e,0x8e,
  0x4e,0xb3,0xce,0x43,0x5d,0xb2,0xae,0x83,0x6e,0x9a,0x6e,0x9d,0xee,0x6d,0x3d,0x8c,
  0x1e,0x43,0x2f,0x51,0xef,0x80,0xde,0x4d,0x7d,0x58,0xdf,0x42,0x3f,0x5e,0xbf,0x4a,
  0xff,0x86,0x1,0x6c,0x60,0x69,0xc0,0x35,0x38,0x60,0x30,0xb0,0x14,0xbd,0xd4,0x7a,
  0x29,0x6f,0x69,0xdd,0xd2,0x61,0x43,0x92,0xa1,0x93,0x61,0x86,0x61,0xb3,0xe1,0xa8,
  0x11,0xcd,0xc8,0xc7,0x28,0xcf,0xa8,0xc3,0xe8,0x85,0xb1,0xa6,0x71,0x84,0xf1,0x6e,
  0xe3,0x5e,0xe3,0x4f,0x26,0x16,0x26,0x49,0x26,0xf5,0x26,0xf,0x4c,0x65,0x4c,0x57,
  0x98,0xe6,0x99,0x76,0x99,0xfe,0x6a,0xa6,0x6f,0xc6,0x32,0xab,0x32,0xbb,0x6d,0x4e,
  0x36,0x77,0x37,0xdf,0x68,0xde,0x69,0xfe,0x72,0x99,0xc1,0x32,0xce,0xb2,0x83,0xcb,
  0xee,0x5a,0x50,0x2c,0x7c,0x2d,0xb6,0x59,0x74,0x5b,0x7c,0xb4,0xb4,0xb2,0xe4,0x5b,
  0xb6,0x58,0x4e,0x59,0x69,0x5a,0x45,0x5b,0x55,0x5b,0xd,0x33,0xa8,0xc,0x7f,0x46,
  0x31,0xe3,0x8a,0x35,0xda,0xda,0xd9,0x7a,0xa3,0xf5,0x69,0xeb,0x77,0x36,0x96,0x36,
  0x2,0x9b,0x13,0x36,0xbf,0xd8,0x1a,0xda,0x26,0xda,0x36,0xd9,0x4e,0x2e,0xd7,0x59,
  0xce,0x59,0x5e,0xbf,0x7c,0xcc,0x4e,0xdd,0x8e,0x69,0x57,0x6b,0x37,0x62,0x4f,0xb7,
  0x8f,0xb6,0x3f,0x64,0x3f,0xe2,0xa0,0xe6,0xc0,0x74,0xa8,0x73,0x78,0xe2,0xa8,0xe1,
  0xc8,0x76,0x6c,0x70,0x9c,0x70,0xd2,0x73,0x4a,0x70,0x3a,0xe6,0xf4,0xc2,0xd9,0xc4,
  0x99,0xef,0xdc,0xe6,0x3c,0xe7,0x62,0xe3,0xb2,0xde,0xe5,0xbc,0x2b,0xe2,0xea,0xe1,
  0x5a,0xe8,0xda,0xef,0x26,0xe3,0x16,0xe2,0x56,0xe9,0xf6,0xd8,0x5d,0xdd,0x3d,0xce,
  0xbd,0xd9,0x7d,0xc6,0xc3,0xc2,0x63,0x9d,0xc7,0x79,0x4f,0xb4,0xa7,0xb7,0xe7,0x6e,
  0xcf,0x61,0x2f,0x65,0x2f,0x96,0x57,0xa3,0xd7,0xcc,0xa,0xab,0x15,0xeb,0x57,0xf4,
  0x78,0x93,0xbc,0x83,0xbc,0x2b,0xbd,0x9f,0xf8,0xe8,0xfb,0xf0,0x7d,0xba,0x7c,0x61,
  0xdf,0x15,0xbe,0x7b,0x7c,0x1f,0xae,0xd4,0x5a,0xc9,0x5b,0xd9,0xe1,0x7,0xfc,0xbc,
  0xfc,0xf6,0xf8,0x3d,0xf2,0xd7,0xf1,0x4f,0xf3,0xff,0x3e,0x0,0x13,0xe0,0x1f,0x50,
  0x15,0xf0,0x34,0xd0,0x34,0x30,0x37,0xb0,0x37,0x88,0x12,0x14,0x15,0xd4,0x14,0xf4,
  0x26,0xd8,0x39,0xb8,0x24,0xf8,0x41,0x88,0x6e,0x88,0x30,0xa4,0x3b,0x54,0x32,0x34,
  0x32,0xb4,0x31,0x74,0x2e,0xcc,0x35,0xac,0x34,0x6c,0x64,0x95,0xf1,0xaa,0xf5,0xab,
  0xae,0x87,0x2b,0x84,0x73,0xc3,0x3b,0x23,0xb0,0x11,0xa1,0x11,0xd,0x11,0xb3,0xab,
  0xdd,0x56,0xef,0x5d,0x3d,0x1e,0x69,0x11,0x59,0x10,0x39,0xb4,0x46,0x67,0x4d,0xd6,
  0x9a,0xab,0x6b,0x15,0xd6,0x26,0xad,0x3d,0x13,0x25,0x19,0xc5,0x8c,0x3a,0x19,0x8d,
  0x8e,0xe,0x8b,0x6e,0x8a,0xfe,0xc0,0xf4,0x63,0xd6,0x31,0x67,0x63,0xbc,0x62,0xaa,
  0x63,0x66,0x58,0x2e,0xac,0x7d,0xac,0xe7,0x6c,0x47,0x76,0x19,0x7b,0x8a,0x63,0xc7,
  0x29,0xe5,0x4c,0xc4,0xda,0xc5,0x96,0xc6,0x4e,0xc6,0xd9,0xc5,0xed,0x89,0x9b,0x8a,
  0x77,0x88,0x2f,0x8f,0x9f,0xe6,0xba,0x70,0x2b,0xb9,0x2f,0x13,0x3c,0x13,0x6a,0x12,
  0xe6,0x12,0xfd,0x12,0x8f,0x24,0x2e,0x24,0x85,0x25,0xb5,0x26,0xe3,0x92,0xa3,0x93,
  0x4f,0xf1,0x64,0x78,0x89,0xbc,0x9e,0x14,0x95,0x94,0xac,0x94,0x81,0x54,0x83,0xd4,
  0x82,0xd4,0x91,0x34,0x9b,0xb4,0xbd,0x69,0x33,0x7c,0x6f,0x7e,0x43,0x3a,0x94,0xbe,
  0x26,0xbd,0x53,0x40,0x15,0xfd,0x4c,0xf5,0x9,0x75,0x85,0x5b,0x85,0xa3,0x19,0xf6,
  0x19,0x55,0x19,0x6f,0x33,0x43,0x33,0x4f,0x66,0x49,0x67,0xf1,0xb2,0xfa,0xb2,0xf5,
  0xb3,0x77,0x64,0x4f,0xe4,0xb8,0xe7,0x7c,0xbd,0xe,0xb5,0x8e,0xb5,0xae,0x3b,0x57,
  0x2d,0x77,0x73,0xee,0xe8,0x7a,0xa7,0xf5,0xb5,0x1b,0xa0,0xd,0x31,0x1b,0xba,0x37,
  0x6a,0x6c,0xcc,0xdf,0x38,0xbe,0xc9,0x63,0xd3,0xd1,0xcd,0x84,0xcd,0x89,0x9b,0x7f,
  0xc8,0x33,0xc9,0x2b,0xcd,0x7b,0xbd,0x25,0x6c,0x4b,0x57,0xbe,0x72,0xfe,0xa6,0xfc,
  0xb1,0xad,0x1e,0x5b,0x9b,0xb,0x24,0xa,0xf8,0x5,0xc3,0xdb,0x6c,0xb7,0xd5,0x6c,
  0x47,0x6d,0xe7,0x6e,0xef,0xdf,0x61,0xbe,0x63,0xff,0x8e,0x4f,0x85,0xec,0xc2,0x6b,
  0x45,0x26,0x45,0xe5,0x45,0x1f,0x8a,0x59,0xc5,0xd7,0xbe,0x32,0xfd,0xaa,0xe2,0xab,
  0x85,0x9d,0xb1,0x3b,0xfb,0x4b,0x2c,0x4b,0xe,0xee,0xc2,0xec,0xe2,0xed,0x1a,0xda,
  0xed,0xb0,0xfb,0x68,0xa9,0x74,0x69,0x4e,0xe9,0xd8,0x1e,0xdf,0x3d,0xed,0x65,0xf4,
  0xb2,0xc2,0xb2,0xd7,0x7b,0xa3,0xf6,0x5e,0x2d,0x5f,0x56,0x5e,0xb3,0x8f,0xb0,0x4f,
  0xb8,0x6f,0xa4,0xc2,0xa7,0xa2,0x73,0xbf,0xe6,0xfe,0x5d,0xfb,0x3f,0x54,0xc6,0x57,
  0xde,0xa9,0x72,0xae,0x6a,0xad,0x56,0xaa,0xde,0x51,0x3d,0x77,0x80,0x7d,0x60,0xf0,
  0xa0,0xe3,0xc1,0x96,0x1a,0xe5,0x9a,0xa2,0x9a,0xf7,0x87,0xb8,0x87,0xee,0xd6,0x7a,
  0xd4,0xb6,0xd7,0x69,0xd7,0x95,0x1f,0xc6,0x1c,0xce,0x38,0xfc,0xb4,0x3e,0xb4,0xbe,
  0xf7,0x6b,0xc6,0xd7,0x8d,0xd,0xa,0xd,0x45,0xd,0x1f,0x8f,0xf0,0x8e,0x8c,0x1c,
  0xd,0x3c,0xda,0xd3,0x68,0xd5,0xd8,0xd8,0xa4,0xd4,0x54,0xd2,0xc,0x37,0xb,0x9b,
  0xa7,0x8e,0x45,0x1e,0xbb,0xf9,0x8d,0xeb,0x37,0x9d,0x2d,0x86,0x2d,0xb5,0xad,0xb4,
  0xd6,0xa2,0xe3,0xe0,0xb8,0xf0,0xf8,0xb3,0x6f,0xa3,0xbf,0x1d,0x3a,0xe1,0x7d,0xa2,
  0xfb,0x24,0xe3,0x64,0xcb,0x77,0x5a,0xdf,0x55,0xb7,0x51,0xda,0xa,0xdb,0xa1,0xf6,
  0xec,0xf6,0x99,0x8e,0xf8,0x8e,0x91,0xce,0xf0,0xce,0x81,0x53,0x2b,0x4e,0x75,0x77,
  0xd9,0x76,0xb5,0x7d,0x6f,0xf4,0xfd,0x91,0xd3,0x6a,0xa7,0xab,0xce,0xc8,0x9e,0x29,
  0x39,0x4b,0x38,0x9b,0x7f,0x76,0xe1,0x5c,0xce,0xb9,0xd9,0xf3,0xa9,0xe7,0xa7,0x2f,
  0xc4,0x5d,0x18,0xeb,0x8e,0xea,0x7e,0x70,0x71,0xd5,0xc5,0xdb,0x3d,0x1,0x3d,0xfd,
  0x97,0xbc,0x2f,0x5d,0xb9,0xec,0x7e,0xf9,0x62,0xaf,0x53,0xef,0xb9,0x2b,0x76,0x57,
  0x4e,0x5f,0xb5,0xb9,0x7a,0xea,0x1a,0xe3,0x5a,0xc7,0x75,0xcb,0xeb,0xed,0x7d,0x16,
  0x7d,0x6d,0x3f,0x58,0xfc,0xd0,0xd6,0x6f,0xd9,0xdf,0x7e,0xc3,0xea,0x46,0xe7,0x4d,
  0xeb,0x9b,0x5d,0x3,0xcb,0x7,0xce,0xe,0x3a,0xc,0x5e,0xb8,0xe5,0x7a,0xeb,0xf2,
  0x6d,0xaf,0xdb,0xd7,0xef,0xac,0xbc,0x33,0x30,0x14,0x32,0x74,0x77,0x38,0x72,0x78,
  0xe4,0x2e,0xfb,0xee,0xe4,0xbd,0xa4,0x7b,0x2f,0xef,0x67,0xdc,0x9f,0x7f,0xb0,0xe9,
  0x21,0xfa,0x61,0xe1,0x23,0xa9,0x47,0xe5,0x8f,0x95,0x1e,0xd7,0xfd,0xa8,0xf7,0x63,
  0xeb,0x88,0xe5,0xc8,0x99,0x51,0xd7,0xd1,0xbe,0x27,0x41,0x4f,0x1e,0x8c,0xb1,0xc6,
  0x9e,0xff,0x94,0xfe,0xd3,0x87,0xf1,0xfc,0xa7,0xe4,0xa7,0xe5,0x13,0xaa,0x13,0x8d,
  0x93,0x66,0x93,0xa7,0xa7,0xdc,0xa7,0x6e,0x3e,0x5b,0xfd,0x6c,0xfc,0x79,0xea,0xf3,
  0xf9,0xe9,0x82,0x9f,0xa5,0x7f,0xae,0x7e,0xa1,0xfb,0xe2,0xbb,0x5f,0x1c,0x7f,0xe9,
  0x9b,0x59,0x35,0x33,0xfe,0x92,0xff,0x72,0xe1,0xd7,0xe2,0x57,0xf2,0xaf,0x8e,0xbc,
  0x5e,0xf6,0xba,0x7b,0xd6,0x7f,0xf6,0xf1,0x9b,0xe4,0x37,0xf3,0x73,0x85,0x6f,0xe5,
  0xdf,0x1e,0x7d,0xc7,0x78,0xd7,0xfb,0x3e,0xec,0xfd,0xc4,0x7c,0xe6,0x7,0xec,0x87,
  0x8a,0x8f,0x7a,0x1f,0xbb,0x3e,0x79,0x7f,0x7a,0xb8,0x90,0xbc,0xb0,0xf0,0x1b,0xf7,
  0x84,0xf3,0xfb,0x37,0x4,0x29,0x1e,0x0,0x0,0x0,0x9,0x70,0x48,0x59,0x73,0x0,
  0x0,0x2e,0x23,0x0,0x0,0x2e,0x23,0x1,0x78,0xa5,0x3f,0x76,0x0,0x0,0xae,0x22,
  0x49,0x44,0x41,0x54,0x78,0x5e,0xec,0xdd,0x77,0x98,0xad,0x67,0x5d,0xe8,0xef,0xcf,
  0x4e,0x48,0x80,0xd0,0x5b,0xa4,0x84,0x20,0xbd,0x86,0x2a,0x4d,0xe9,0x4d,0x5,0x45,
  0x4,0x44,0x41,0x39,0xd2,0xf4,0xa0,0x8,0xd8,0x5,0x8e,0xe0,0xb1,0x1d,0x51,0x8f,
  0xe2,0x1,0x11,0xfd,0xa1,0x80,0x47,0x29,0xa,0x82,0x7,0x4,0x1,0xe9,0xbd,0x4a,
  0x15,0xb,0x28,0x8a,0x10,0x3a,0x24,0xf4,0x84,0x24,0xfb,0xf7,0xc7,0x7a,0x23,0x9b,
  0x87,0x5d,0x66,0xf6,0x9a,0x99,0xd5,0xee,0xfb,0xba,0xe6,0x9a,0xcd,0xf7,0xbb,0x76,
  0x2e,0xff,0x88,0x99,0x99,0xf5,0x99,0xe7,0x79,0xf7,0xed,0xdf,0xbf,0x3f,0x0,0x0,
  0x0,0x0,0x0,0x0,0x0,0xd8,0x74,0xc7,0x8c,0x3,0x0,0x0,0x0,0x0,0x0,0x0,
  0x0,0xd8,0x44,0x2,0x3a,0x0,0x0,0x0,0x0,0x0,0x0,0x0,0x8,0xe8,0x0,0x0,
  0x0,0x0,0x0,0x0,0x0,0x30,0x23,0xa0,0x3,0x0,0x0,0x0,0x0,0x0,0x0,0x80,
  0x80,0xe,0x0,0x0,0x0,0x0,0x0,0x0,0x0,0x33,0x2,0x3a,0x0,0x0,0x0,0x0,
  0x0,0x0,0x0,0x8,0xe8,0x0,0x0,0x0,0x0,0x0,0x0,0x0,0x30,0x23,0xa0,0x3,
  0x0,0x0,0x0,0x0,0x0,0x0,0x80,0x80,0xe,0x0,0x0,0x0,0x0,0x0,0x0,0x0,
  0x33,0x2,0x3a,0x0,0x0,0x0,0x0,0x0,0x0,0x0,0x8,0xe8,0x0,0x0,0x0,0x0,
  0x0,0x0,0x0,0x30,0x23,0xa0,0x3,0x0,0x0,0x0,0x0,0x0,0x0,0x80,0x80,0xe,
  0x0,0x0,0x0,0x0,0x0,0x0,0x0,0x33,0x2,0x3a,0x0,0x0,0x0,0x0,0x0,0x0,
  0x0,0x8,0xe8,0x0,0x0,0x0,0x0,0x0,0x0,0x0,0x30,0x23,0xa0,0x3,0x0,0x0,
  0x0,0x0,0x0,0x0,0x80,0x80,0xe,0x0,0x0,0x0,0x0,0x0,0x0,0x0,0x33,0x2,
  0x3a,0x0,0x0,0x0,0x0,0x0,0x0,0x0,0x8,0xe8,0x0,0x0,0x0,0x0,0x0,0x0,
  0x0,0x30,0x23,0xa0,0x3,0x0,0x0,0x0,0x0,0x0,0x0,0x80,0x80,0xe,0x0,0x0,
  0x0,0x0,0x0,0x0,0x0,0x33,0x2,0x3a,0x0,0x0,0x0,0x0,0x0,0x0,0x0,0x8,
  0xe8,0x0,0x0,0x0,0x0,0x0,0x0,0x0,0x30,0x23,0xa0,0x3,0x0,0x0,0x0,0x0,
  0x0,0x0,0x80,0x80,0xe,0x0,0x0,0x0,0x0,0x0,0x0,0x0,0x33,0x2,0x3a,0x0,
  0x0,0x0,0x0,0x0,0x0,0x0,0x8,0xe8,0x0,0x0,0x0,0x0,0x0,0x0,0x0,0x30,
  0x23,0xa0,0x3,0x0,0x0,0x0,0x0,0x0,0x0,0x80,0x80,0xe,0x0,0x0,0x0,0x0,
  0x0,0x0,0x0,0x33,0x2,0x3a,0x0,0x0,0x0,0x0,0x0,0x0,0x0,0x8,0xe8,0x0,
  0x0,0x0,0x0,0x0,0x0,0x0,0x30,0x23,0xa0,0x3,0x0,0x0,0x0,0x0,0x0,0x0,
  0x80,0x80,0xe,0x0,0x0,0x0,0x0,0x0,0x0,0x0,0x33,0x2,0x3a,0x0,0x0,0x0,
  0x0,0x0,0x0,0x0,0x8,0xe8,0x0,0x0,0x0,0x0,0x0,0x0,0x0,0x30,0x23,0xa0,
  0x3,0x0,0x0,0x0,0x0,0x0,0x0,0x80,0x80,0xe,0x0,0x0,0x0,0x0,0x0,0x0,
  0x0,0x33,0x2,0x3a,0x0,0x0,0x0,0x0,0x0,0x0,0x0,0x8,0xe8,0x0,0x0,0x0,
  0x0,0x0,0x0,0x0,0x30,0x23,0xa0,0x3,0x0,0x0,0x0,0x0,0x0,0x0,0x80,0x80,
  0xe,0x0,0x0,0x0,0x0,0x0,0x0,0x0,0x33,0x2,0x3a,0x0,0x0,0x0,0x0,0x0,
  0x0,0x0,0x8,0xe8,0x0,0x0,0x0,0x0,0x0,0x0,0x0,0x30,0x23,0xa0,0x3,0x0,
  0x0,0x0,0x0,0x0,0x0,0x80,0x80,0xe,0x0,0x0,0x0,0x0,0x0,0x0,0x0,0x33,
  0x2,0x3a,0x0,0x0,0x0,0x0,0x0,0x0,0x0,0x8,0xe8,0x0,0x0,0x0,0x0,0x0,
  0x0,0x0,0x30,0x23,0xa0,0x3,0x0,0x0,0x0,0x0,0x0,0x0,0x80,0x80,0xe,0x0,
  0x0,0x0,0x0,0x0,0x0,0x0,0x33,0x2,0x3a,0x0,0x0,0x0,0x0,0x0,0x0,0x0,
  0x8,0xe8,0x0,0x0,0x0,0x0,0x0,0x0,0x0,0x30,0x23,0xa0,0x3,0x0,0x0,0x0,
  0x0,0x0,0x0,0x80,0x80,0xe,0x0,0x0,0x0,0x0,0x0,0x0,0x0,0x33,0x2,0x3a,
  0x0,0x0,0x0,0x0,0x0,0x0,0x0,0x8,0xe8,0x0,0x0,0x0,0x0,0x0,0x0,0x0,
  0x30,0x23,0xa0,0x3,0x0,0x0,0x0,0x0,0x0,0x0,0x80,0x80,0xe,0x0,0x0,0x0,
  0x0,0x0,0x0,0x0,0x33,0x2,0x3a,0x0,0x0,0x0,0x0,0x0,0x0,0x0,0x8,0xe8,
  0x0,0x0,0x0,0x0,0x0,0x0,0x0,0x30,0x23,0xa0,0x3,0x0,0x0,0x0,0x0,0x0,
  0x0,0x80,0x80,0xe,0x0,0x0,0x0,0x0,0x0,0x0,0x0,0x33,0x2,0x3a,0x0,0x0,
  0x0,0x0,0x0,0x0,0x0,0x8,0xe8,0x0,0x0,0x0,0x0,0x0,0x0,0x0,0x30,0x23,
  0xa0,0x3,0x0,0x0,0x0,0x0,0x0,0x0,0x80,0x80,0xe,0x0,0x0,0x0,0x0,0x0,
  0x0,0x0,0x33,0x2,0x3a,0x0,0x0,0x0,0x0,0x0,0x0,0x0,0x8,0xe8,0x0,0x0,
  0x0,0x0,0x0,0x0,0x0,0x30,0x23,0xa0,0x3,0x0,0x0,0x0,0x0,0x0,0x0,0x80,
  0x80,0xe,0x0,0x0,0x0,0x0,0x0,0x0,0x0,0x33,0x2,0x3a,0x0,0x0,0x0,0x0,
  0x0,0x0,0x0,0x8,0xe8,0x0,0x0,0x0,0x0,0x0,0x0,0x0,0x30,0x23,0xa0,0x3,
  0x0,0x0,0x0,0x0,0x0,0x0,0x80,0x80,0xe,0x0,0x0,0x0,0x0,0x0,0x0,0x0,
  0x33,0x2,0x3a,0x0,0x0,0x0,0x0,0x0,0x0,0x0,0x8,0xe8,0x0,0x0,0x0,0x0,
  0x0,0x0,0x0,0x30,0x23,0xa0,0x3,0x0,0x0,0x0,0x0,0x0,0x0,0x80,0x80,0xe,
  0x0,0x0,0x0,0x0,0x0,0x0,0x0,0x33,0x2,0x3a,0x0,0x0,0x0,0x0,0x0,0x0,
  0x0,0x8,0xe8,0x0,0x0,0x0,0x0,0x0,0x0,0x0,0x30,0x23,0xa0,0x3,0x0,0x0,
  0x0,0x0,0x0,0x0,0x80,0x80,0xe,0x0,0x0,0x0,0x0,0x0,0x0,0x0,0x33,0x2,
  0x3a,0x0,0x0,0x0,0x0,0x0,0x0,0x0,0x8,0xe8,0x0,0x0,0x0,0x0,0x0,0x0,
  0x0,0x30,0x23,0xa0,0x3,0x0,0x0,0x0,0x0,0x0,0x0,0x80,0x80,0xe,0x0,0x0,
  0x0,0x0,0x0,0x0,0x0,0x33,0x2,0x3a,0x0,0x0,0x0,0x0,0x0,0x0,0x0,0x8,
  0xe8,0x0,0x0,0x0,0x0,0x0,0x0,0x0,0x30,0x23,0xa0,0x3,0x0,0x0,0x0,0x0,
  0x0,0x0,0x80,0x80,0xe,0x0,0x0,0x0,0x0,0x0,0x0,0x0,0x33,0x2,0x3a,0x0,
  0x0,0x0,0x0,0x0,0x0,0x0,0x8,0xe8,0x0,0x0,0x0,0x0,0x0,0x0,0x0,0x30,
  0x23,0xa0,0x3,0x0,0x0,0x0,0x0,0x0,0x0,0x80,0x80,0xe,0x0,0x0,0x0,0x0,
  0x0,0x0,0x0,0x33,0x2,0x3a,0x0,0x0,0x0,0x0,0x0,0x0,0x0,0x8,0xe8,0x0,
  0x0,0x0,0x0,0x0,0x0,0x0,0x30,0x23,0xa0,0x3,0x0,0x0,0x0,0x0,0x0,0x0,
  0x80,0x80,0xe,0x0,0x0,0x0,0x0,0x0,0x0,0x0,0x33,0x2,0x3a,0x0,0x0,0x0,
  0x0,0x0,0x0,0x0,0x8,0xe8,0x0,0x0,0x0,0x0,0x0,0x0,0x0,0x30,0x23,0xa0,
  0x3,0x0,0x0,0x0,0x0,0x0,0x0,0x80,0x80,0xe,0x0,0x0,0x0,0x0,0x0,0x0,
  0x0,0x33,0x2,0x3a,0x0,0x0,0x0,0x0,0x0,0x0,0x0,0x8,0xe8,0x0,0x0,0x0,
  0x0,0x0,0x0,0x0,0x30,0x23,0xa0,0x3,0x0,0x0,0x0,0x0,0x0,0x0,0x80,0x80,
  0xe,0x0,0x0,0x0,0x0,0x0,0x0,0x0,0x33,0x2,0x3a,0x0,0x0,0x0,0x0,0x0,
  0x0,0x0,0x8,0xe8,0x0,0x0,0x0,0x0,0x0,0x0,0x0,0x30,0x23,0xa0,0x3,0x0,
  0x0,0x0,0x0,0x0,0x0,0x80,0x80,0xe,0x0,0x0,0x0,0x0,0x0,0x0,0x0,0x33,
  0x2,0x3a,0x0,0x0,0x0,0x0,0x0,0x0,0x0,0x8,0xe8,0x0,0x0,0x0,0x0,0x0,
  0x0,0x0,0x30,0x23,0xa0,0x3,0x0,0x0,0x0,0x0,0x0,0x0,0x80,0x80,0xe,0x0,
  0x0,0x0,0x0,0x0,0x0,0x0,0x33,0x2,0x3a,0x0,0x0,0x0,0x0,0x0,0x0,0x0,
  0x8,0xe8,0x0,0x0,0x0,0x0,0x0,0x0,0x0,0x30,0x23,0xa0,0x3,0x0,0x0,0x0,
  0x0,0x0,0x0,0x80,0x80,0xe,0x0,0x0,0x0,0x0,0x0,0x0,0x0,0x33,0x2,0x3a,
  0x0,0x0,0x0,0x0,0x0,0x0,0x0,0x8,0xe8,0x0,0x0,0x0,0x0,0x0,0x0,0x0,
  0x30,0x23,0xa0,0x3,0x0,0x0,0x0,0x0,0x0,0x0,0x80,0x80,0xe,0x0,0x0,0x0,
  0x0,0x0,0x0,0x0,0x33,0x2,0x3a,0x0,0x0,0x0,0x0,0x0,0x0,0x0,0x8,0xe8,
  0x0,0x0,0x0,0x0,0x0,0x0,0x0,0x30,0x23,0xa0,0x3,0x0,0x0,0x0,0x0,0x0,
  0x0,0x80,0x80,0xe,0x0,0x0,0x0,0x0,0x0,0x0,0x0,0x33,0x2,0x3a,0x0,0x0,
  0x0,0x0,0x0,0x0,0x0,0x8,0xe8,0x0,0x0,0x0,0x0,0x0,0x0,0x0,0x30,0x23,
  0xa0,0x3,0x0,0x0,0x0,0x0,0x0,0x0,0x80,0x80,0xe,0x0,0x0,0x0,0x0,0x0,
  0x0,0x0,0x33,0x2,0x3a,0x0,0x0,0x0,0x0,0x0,0x0,0x0,0x8,0xe8,0x0,0x0,
  0x0,0x0,0x0,0x0,0x0,0x30,0x23,0xa0,0x3,0x0,0x0,0x0,0x0,0x0,0x0,0x80,
  0x80,0xe,0x0,0x0,0x0,0x0,0x0,0x0,0x0,0x33,0x2,0x3a,0x0,0x0,0x0,0x0,
  0x0,0x0,0x0,0x8,0xe8,0x0,0x0,0x0,0x0,0x0,0x0,0x0,0x30,0x23,0xa0,0x3,
  0x0,0x0,0x0,0x0,0x0,0x0,0x80,0x80,0xe,0x0,0x0,0x0,0x0,0x0,0x0,0x0,
  0x33,0x2,0x3a,0x0,0x0,0x0,0x0,0x0,0x0,0x0,0x8,0xe8,0x0,0x0,0x0,0x0,
  0x0,0x0,0x0,0x30,0x23,0xa0,0x3,0x0,0x0,0x0,0x0,0x0,0x0,0x80,0x80,0xe,
  0x0,0x0,0x0,0x0,0x0,0x0,0x0,0x33,0x2,0x3a,0x0,0x0,0x0,0x0,0x0,0x0,
  0x0,0x8,0xe8,0x0,0x0,0x0,0x0,0x0,0x0,0x0,0x30,0x23,0xa0,0x3,0x0,0x0,
  0x0,0x0,0x0,0x0,0x80,0x80,0xe,0x0,0x0,0x0,0x0,0x0,0x0,0x0,0x33,0x2,
  0x3a,0x0,0x0,0x0,0x0,0x0,0x0,0x0,0x8,0xe8,0x0,0x0,0x0,0x0,0x0,0x0,
  0x0,0x30,0x23,0xa0,0x3,0x0,0x0,0x0,0x0,0x0,0x0,0x80,0x80,0xe,0x0,0x0,
  0x0,0x0,0x0,0x0,0x0,0x33,0x2,0x3a,0x0,0x0,0x0,0x0,0x0,0x0,0x0,0x8,
  0xe8,0x0,0x0,0x0,0x0,0x0,0x0,0x0,0x30,0x23,0xa0,0x3,0x0,0x0,0x0,0x0,
  0x0,0x0,0x80,0x80,0xe,0x0,0x0,0x0,0x0,0x0,0x0,0x0,0x33,0x2,0x3a,0x0,
  0x0,0x0,0x0,0x0,0x0,0x0,0x8,0xe8,0x0,0x0,0x0,0x0,0x0,0x0,0x0,0x30,
  0x23,0xa0,0x3,0x0,0x0,0x0,0x0,0x0,0x0,0x80,0x80,0xe,0x0,0x0,0x0,0x0,
  0x0,0x0,0x0,0x33,0x2,0x3a,0x0,0x0,0x0,0x0,0x0,0x0,0x0,0x8,0xe8,0x0,
  0x0,0x0,0x0,0x0,0x0,0x0,0x30,0x23,0xa0,0x3,0x0,0x0,0x0,0x0,0x0,0x0,
  0x80,0x80,0xe,0x0,0x0,0x0,0x0,0x0,0x0,0x0,0x33,0x2,0x3a,0x0,0x0,0x0,
  0x0,0x0,0x0,0x0,0x8,0xe8,0x0,0x0,0x0,0x0,0x0,0x0,0x0,0x30,0x23,0xa0,
  0x3,0x0,0x0,0x0,0x0,0x0,0x0,0x80,0x80,0xe,0x0,0x0,0x0,0x0,0x0,0x0,
  0x0,0x33,0x2,0x3a,0x0,0x0,0x0,0x0,0x0,0x0,0x0,0x8,0xe8,0x0,0x0,0x0,
  0x0,0x0,0x0,0x0,0x30,0x23,0xa0,0x3,0x0,0x0,0x0,0x0,0x0,0x0,0x80,0x80,
  0xe,0x0,0x0,0x0,0x0,0x0,0x0,0x0,0x33,0x2,0x3a,0x0,0x0,0x0,0x0,0x0,
  0x0,0x0,0x8,0xe8,0x0,0x0,0x0,0x0,0x0,0x0,0x0,0x30,0x23,0xa0,0x3,0x0,
  0x0,0x0,0x0,0x0,0x0,0x80,0x80,0xe,0x0,0x0,0x0,0x0,0x0,0x0,0x0,0x33,
  0x2,0x3a,0x0,0x0,0x0,0x0,0x0,0x0,0x0,0x8,0xe8,0x0,0x0,0x0,0x0,0x0,
  0x0,0x0,0x30,0x23,0xa0,0x3,0x0,0x0,0x0,0x0,0x0,0x0,0x80,0x80,0xe,0x0,
  0x0,0x0,0x0,0x0,0x0,0x0,0x33,0x2,0x3a,0x0,0x0,0x0,0x0,0x0,0x0,0x0,
  0x8,0xe8,0x0,0x0,0x0,0x0,0x0,0x0,0x0,0x30,0x23,0xa0,0x3,0x0,0x0,0x0,
  0x0,0x0,0x0,0x80,0x80,0xe,0x0,0x0,0x0,0x0,0x0,0x0,0x0,0x33,0x2,0x3a,
  0x0,0x0,0x0,0x0,0x0,0x0,0x0,0x8,0xe8,0x0,0x0,0x0,0x0,0x0,0x0,0x0,
  0x30,0x23,0xa0,0x3,0x0,0x0,0x0,0x0,0x0,0x0,0x80,0x80,0xe,0x0,0x0,0x0,
  0x0,0x0,0x0,0x0,0x33,0x2,0x3a,0x0,0x0,0x0,0x0,0x0,0x0,0x0,0x8,0xe8,
  0x0,0x0,0x0,0x0,0x0,0x0,0x0,0x30,0x23,0xa0,0x3,0x0,0x0,0x0,0x0,0x0,
  0x0,0x80,0x80,0xe,0x0,0x0,0x0,0x0,0x0,0x0,0x0,0x33,0x2,0x3a,0x0,0x0,
  0x0,0x0,0x0,0x0,0x0,0x8,0xe8,0x0,0x0,0x0,0x0,0x0,0x0,0x0,0x30,0x23,
  0xa0,0x3,0x0,0x0,0x0,0x0,0x0,0x0,0x80,0x80,0xe,0x0,0x0,0x0,0x0,0x0,
  0x0,0x0,0x33,0x2,0x3a,0x0,0x0,0x0,0x0,0x0,0x0,0x0,0x8,0xe8,0x0,0x0,
  0x0,0x0,0x0,0x0,0x0,0x30,0x23,0xa0,0x3,0x0,0x0,0x0,0x0,0x0,0x0,0x80,
  0x80,0xe,0x0,0x0,0x0,0x0,0x0,0x0,0x0,0x33,0x2,0x3a,0x0,0x0,0x0,0x0,
  0x0,0x0,0x0,0x8,0xe8,0x0,0x0,0x0,0x0,0x0,0x0,0x0,0x30,0x23,0xa0,0x3,
  0x0,0x0,0x0,0x0,0x0,0x0,0x80,0x80,0xe,0x0,0x0,0x0,0x0,0x0,0x0,0x0,
  0x33,0x2,0x3a,0x0,0x0,0x0,0x0,0x0,0x0,0x0,0x8,0xe8,0x0,0x0,0x0,0x0,
  0x0,0x0,0x0,0x30,0x23,0xa0,0x3,0x0,0x0,0x0,0x0,0x0,0x0,0x80,0x80,0xe,
  0x0,0x0,0x0,0x0,0x0,0x0,0x0,0x33,0x2,0x3a,0x0,0x0,0x0,0x0,0x0,0x0,
  0x0,0x8,0xe8,0x0,0x0,0x0,0x0,0x0,0x0,0x0,0x30,0x23,0xa0,0x3,0x0,0x0,
  0x0,0x0,0x0,0x0,0x80,0x80,0xe,0x0,0x0,0x0,0x0,0x0,0x0,0x0,0x33,0x2,
  0x3a,0x0,0x0,0x0,0x0,0x0,0x0,0x0,0x8,0xe8,0x0,0x0,0x0,0x0,0x0,0x0,
  0x0,0x30,0x23,0xa0,0x3,0x0,0x0,0x0,0x0,0x0,0x0,0x80,0x80,0xe,0x0,0x0,
  0x0,0x0,0x0,0x0,0x0,0x33,0x2,0x3a,0x0,0x0,0x0,0x0,0x0,0x0,0x0,0x8,
  0xe8,0x0,0x0,0x0,0x0,0x0,0x0,0x0,0x30,0x23,0xa0,0x3,0x0,0x0,0x0,0x0,
  0x0,0x0,0x80,0x80,0xe,0x0,0x0,0x0,0x0,0x0,0x0,0x0,0x33,0x2,0x3a,0x0,
  0x0,0x0,0x0,0x0,0x0,0x0,0x8,0xe8,0x0,0x0,0x0,0x0,0x0,0x0,0x0,0x30,
  0x23,0xa0,0x3,0x0,0x0,0x0,0x0,0x0,0x0,0x80,0x80,0xe,0x0,0x0,0x0,0x0,
  0x0,0x0,0x0,0x33,0x2,0x3a,0x0,0x0,0x0,0x0,0x0,0x0,0x0,0x8,0xe8,0x0,
  0x0,0x0,0x0,0x0,0x0,0x0,0x30,0x23,0xa0,0x3,0x0,0x0,0x0,0x0,0x0,0x0,
  0x80,0x80,0xe,0x0,0x0,0x0,0x0,0x0,0x0,0x0,0x33,0x2,0x3a,0x0,0x0,0x0,
  0x0,0x0,0x0,0x0,0x8,0xe8,0x0,0x0,0x0,0x0,0x0,0x0,0x0,0x30,0x23,0xa0,
  0x3,0x0,0x0,0x0,0x0,0x0,0x0,0x80,0x80,0xe,0x0,0x0,0x0,0x0,0x0,0x0,
  0x0,0x33,0x2,0x3a,0x0,0x0,0x0,0x0,0x0,0x0,0x0,0x8,0xe8,0x0,0x0,0x0,
  0x0,0x0,0x0,0x0,0x30,0x23,0xa0,0x3,0x0,0x0,0x0,0x0,0x0,0x0,0x80,0x80,
  0xe,0x0,0x0,0x0,0x0,0x0,0x0,0x0,0x33,0x2,0x3a,0x0,0x0,0x0,0x0,0x0,
  0x0,0x0,0x8,0xe8,0x0,0x0,0x0,0x0,0x0,0x0,0x0,0x30,0x23,0xa0,0x3,0x0,
  0x0,0x0,0x0,0x0,0x0,0x80,0x80,0xe,0x0,0x0,0x0,0x0,0x0,0x0,0x0,0x33,
  0x2,0x3a,0x0,0x0,0x0,0x0,0x0,0x0,0x0,0x8,0xe8,0x0,0x0,0x0,0x0,0x0,
  0x0,0x0,0x30,0x23,0xa0,0x3,0x0,0x0,0x0,0x0,0x0,0x0,0x80,0x80,0xe,0x0,
  0x0,0x0,0x0,0x0,0x0,0x0,0x33,0x2,0x3a,0x0,0x0,0x0,0x0,0x0,0x0,0x0,
  0x8,0xe8,0x0,0x0,0x0,0x0,0x0,0x0,0x0,0x30,0x23,0xa0,0x3,0x0,0x0,0x0,
  0x0,0x0,0x0,0x80,0x80,0xe,0x0,0x0,0x0,0x0,0x0,0x0,0x0,0x33,0x2,0x3a,
  0x0,0x0,0x0,0x0,0x0,0x0,0x0,0x8,0xe8,0x0,0x0,0x0,0x0,0x0,0x0,0x0,
  0x30,0x23,0xa0,0x3,0x0,0x0,0x0,0x0,0x0,0x0,0x80,0x80,0xe,0x0,0x0,0x0,
  0x0,0x0,0x0,0x0,0x33,0x2,0x3a,0x0,0x0,0x0,0x0,0x0,0x0,0x0,0x8,0xe8,
  0x0,0x0,0x0,0x0,0x0,0x0,0x0,0x30,0x23,0xa0,0x3,0x0,0x0,0x0,0x0,0x0,
  0x0,0x80,0x80,0xe,0x0,0x0,0x0,0x0,0x0,0x0,0x0,0x33,0x2,0x3a,0x0,0x0,
  0x0,0x0,0x0,0x0,0x0,0x8,0xe8,0x0,0x0,0x0,0x0,0x0,0x0,0x0,0x30,0x23,
  0xa0,0x3,0x0,0x0,0x0,0x0,0x0,0x0,0x80,0x80,0xe,0x0,0x0,0x0,0x0,0x0,
  0x0,0x0,0x33,0x2,0x3a,0x0,0x0,0x0,0x0,0x0,0x0,0x0,0x8,0xe8,0x0,0x0,
  0x0,0x0,0x0,0x0,0x0,0x30,0x23,0xa0,0x3,0x0,0x0,0x0,0x0,0x0,0x0,0x80,
  0x80,0xe,0x0,0x0,0x0,0x0,0x0,0x0,0x0,0x33,0x2,0x3a,0x0,0x0,0x0,0x0,
  0x0,0x0,0x0,0x8,0xe8,0x0,0x0,0x0,0x0,0x0,0x0,0x0,0x30,0x23,0xa0,0x3,
  0x0,0x0,0x0,0x0,0x0,0x0,0x80,0x80,0xe,0x0,0x0,0x0,0x0,0x0,0x0,0x0,
  0x33,0x2,0x3a,0x0,0x0,0x0,0x0,0x0,0x0,0x0,0x8,0xe8,0x0,0x0,0x0,0x0,
  0x0,0x0,0x0,0x30,0x23,0xa0,0x3,0x0,0x0,0x0,0x0,0x0,0x0,0x80,0x80,0xe,
  0x0,0x0,0x0,0x0,0x0,0x0,0x0,0x33,0x2,0x3a,0x0,0x0,0x0,0x0,0x0,0x0,
  0x0,0x8,0xe8,0x0,0x0,0x0,0x0,0x0,0x0,0x0,0x30,0x23,0xa0,0x3,0x0,0x0,
  0x0,0x0,0x0,0x0,0x80,0x80,0xe,0x0,0x0,0x0,0x0,0x0,0x0,0x0,0x33,0x2,
  0x3a,0x0,0x0,0x0,0x0,0x0,0x0,0x0,0x8,0xe8,0x0,0x0,0x0,0x0,0x0,0x0,
  0x0,0x30,0x23,0xa0,0x3,0x0,0x0,0x0,0x0,0x0,0x0,0x80,0x80,0xe,0x0,0x0,
  0x0,0x0,0x0,0x0,0x0,0x33,0x2,0x3a,0x0,0x0,0x0,0x0,0x0,0x0,0x0,0x8,
  0xe8,0x0,0x0,0x0,0x0,0x0,0x0,0x0,0x30,0x23,0xa0,0x3,0x0,0x0,0x0,0x0,
  0x0,0x0,0x80,0x80,0xe,0x0,0x0,0x0,0x0,0x0,0x0,0x0,0x33,0x2,0x3a,0x0,
  0x0,0x0,0x0,0x0,0x0,0x0,0x8,0xe8,0x0,0x0,0x0,0x0,0x0,0x0,0x0,0x30,
  0x23,0xa0,0x3,0x0,0x0,0x0,0x0,0x0,0x0,0x80,0x80,0xe,0x0,0x0,0x0,0x0,
  0x0,0x0,0x0,0x33,0x2,0x3a,0x0,0x0,0x0,0x0,0x0,0x0,0x0,0x8,0xe8,0x0,
  0x0,0x0,0x0,0x0,0x0,0x0,0x30,0x23,0xa0,0x3,0x0,0x0,0x0,0x0,0x0,0x0,
  0x80,0x80,0xe,0x0,0x0,0x0,0x0,0x0,0x0,0x0,0x33,0x2,0x3a,0x0,0x0,0x0,
  0x0,0x0,0x0,0x0,0x8,0xe8,0x0,0x0,0x0,0x0,0x0,0x0,0x0,0x30,0x23,0xa0,
  0x3,0x0,0x0,0x0,0x0,0x0,0x0,0x80,0x80,0xe,0x0,0x0,0x0,0x0,0x0,0x0,
  0x0,0x33,0x2,0x3a,0x0,0x0,0x0,0x0,0x0,0x0,0x0,0x8,0xe8,0x0,0x0,0x0,
  0x0,0x0,0x0,0x0,0x30,0x23,0xa0,0x3,0x0,0x0,0x0,0x0,0x0,0x0,0x80,0x80,
  0xe,0x0,0x0,0x0,0x0,0x0,0x0,0x0,0x33,0x2,0x3a,0x0,0x0,0x0,0x0,0x0,
  0x0,0x0,0x8,0xe8,0x0,0x0,0x0,0x0,0x0,0x0,0x0,0x30,0x23,0xa0,0x3,0x0,
  0x0,0x0,0x0,0x0,0x0,0x80,0x80,0xe,0x0,0x0,0x0,0x0,0x0,0x0,0x0,0x33,
  0x2,0x3a,0x0,0x0,0x0,0x0,0x0,0x0,0x0,0x8,0xe8,0x0,0x0,0x0,0x0,0x0,
  0x0,0x0,0x30,0x23,0xa0,0x3,0x0,0x0,0x0,0x0,0x0,0x0,0x80,0x80,0xe,0x0,
  0x0,0x0,0x0,0x0,0x0,0x0,0x33,0x2,0x3a,0x0,0x0,0x0,0x0,0x0,0x0,0x0,
  0x8,0xe8,0x0,0x0,0x0,0x0,0x0,0x0,0x0,0x30,0x23,0xa0,0x3,0x0,0x0,0x0,
  0x0,0x0,0x0,0x80,0x80,0xe,0x0,0x0,0x0,0x0,0x0,0x0,0x0,0x33,0x2,0x3a,
  0x0,0x0,0x0,0x0,0x0,0x0,0x0,0x8,0xe8,0x0,0x0,0x0,0x0,0x0,0x0,0x0,
  0x30,0x23,0xa0,0x3,0x0,0x0,0x0,0x0,0x0,0x0,0x80,0x80,0xe,0x0,0x0,0x0,
  0x0,0x0,0x0,0x0,0x33,0x2,0x3a,0x0,0x0,0x0,0x0,0x0,0x0,0x0,0x8,0xe8,
  0x0,0x0,0x0,0x0,0x0,0x0,0x0,0x30,0x23,0xa0,0x3,0x0,0x0,0x0,0x0,0x0,
  0x0,0x80,0x80,0xe,0x0,0x0,0x0,0x0,0x0,0x0,0x0,0x33,0x2,0x3a,0x0,0x0,
  0x0,0x0,0x0,0x0,0x0,0x8,0xe8,0x0,0x0,0x0,0x0,0x0,0x0,0x0,0x30,0x23,
  0xa0,0x3,0x0,0x0,0x0,0x0,0x0,0x0,0x80,0x80,0xe,0x0,0x0,0x0,0x0,0x0,
  0x0,0x0,0x33,0x2,0x3a,0x0,0x0,0x0,0x0,0x0,0x0,0x0,0x8,0xe8,0x0,0x0,
  0x0,0x0,0x0,0x0,0x0,0x30,0x23,0xa0,0x3,0x0,0x0,0x0,0x0,0x0,0x0,0x80,
  0x80,0xe,0x0,0x0,0x0,0x0,0x0,0x0,0x0,0x33,0x2,0x3a,0x0,0x0,0x0,0x0,
  0x0,0x0,0x0,0x8,0xe8,0x0,0x0,0x0,0x0,0x0,0x0,0x0,0x30,0x23,0xa0,0x3,
  0x0,0x0,0x0,0x0,0x0,0x0,0x80,0x80,0xe,0x0,0x0,0x0,0x0,0x0,0x0,0x0,
  0x33,0x2,0x3a,0x0,0x0,0x0,0x0,0x0,0x0,0x0,0x8,0xe8,0x0,0x0,0x0,0x0,
  0x0,0x0,0x0,0x30,0x23,0xa0,0x3,0x0,0x0,0x0,0x0,0x0,0x0,0x80,0x80,0xe,
  0x0,0x0,0x0,0x0,0x0,0x0,0x0,0x33,0x2,0x3a,0x0,0x0,0x0,0x0,0x0,0x0,
  0x0,0x8,0xe8,0x0,0x0,0x0,0x0,0x0,0x0,0x0,0x30,0x23,0xa0,0x3,0x0,0x0,
  0x0,0x0,0x0,0x0,0x80,0x80,0xe,0x0,0x0,0x0,0x0,0x0,0x0,0x0,0x33,0x2,
  0x3a,0x0,0x0,0x0,0x0,0x0,0x0,0x0,0x8,0xe8,0x0,0x0,0x0,0x0,0x0,0x0,
  0x0,0x30,0x23,0xa0,0x3,0x0,0x0,0x0,0x0,0x0,0x0,0x80,0x80,0xe,0x0,0x0,
  0x0,0x0,0x0,0x0,0x0,0x33,0x2,0x3a,0x0,0x0,0x0,0x0,0x0,0x0,0x0,0x8,
  0xe8,0x0,0x0,0x0,0x0,0x0,0x0,0x0,0x30,0x23,0xa0,0x3,0x0,0x0,0x0,0x0,
  0x0,0x0,0x80,0x80,0xe,0x0,0x0,0x0,0x0,0x0,0x0,0x0,0x33,0x2,0x3a,0x0,
  0x0,0x0,0x0,0x0,0x0,0x0,0x8,0xe8,0x0,0x0,0x0,0x0,0x0,0x0,0x0,0x30,
  0x23,0xa0,0x3,0x0,0x0,0x0,0x0,0x0,0x0,0x80,0x80,0xe,0x0,0x0,0x0,0x0,
  0x0,0x0,0x0,0x33,0x2,0x3a,0x0,0x0,0x0,0x0,0x0,0x0,0x0,0x8,0xe8,0x0,
  0x0,0x0,0x0,0x0,0x0,0x0,0x30,0x23,0xa0,0x3,0x0,0x0,0x0,0x0,0x0,0x0,
  0x80,0x80,0xe,0x0,0x0,0x0,0x0,0x0,0x0,0x0,0x33,0x2,0x3a,0x0,0x0,0x0,
  0x0,0x0,0x0,0x0,0x8,0xe8,0x0,0x0,0x0,0x0,0x0,0x0,0x0,0x30,0x23,0xa0,
  0x3,0x0,0x0,0x0,0x0,0x0,0x0,0x80,0x80,0xe,0x0,0x0,0x0,0x0,0x0,0x0,
  0x0,0x33,0x2,0x3a,0x0,0x0,0x0,0x0,0x0,0x0,0x0,0x8,0xe8,0x0,0x0,0x0,
  0x0,0x0,0x0,0x0,0x30,0x23,0xa0,0x3,0x0,0x0,0x0,0x0,0x0,0x0,0x80,0x80,
  0xe,0x0,0x0,0x0,0x0,0x0,0x0,0x0,0x33,0x2,0x3a,0x0,0x0,0x0,0x0,0x0,
  0x0,0x0,0x8,0xe8,0x0,0x0,0x0,0x0,0x0,0x0,0x0,0x30,0x23,0xa0,0x3,0x0,
  0x0,0x0,0x0,0x0,0x0,0x80,0x80,0xe,0x0,0x0,0x0,0x0,0x0,0x0,0x0,0x33,
  0x2,0x3a,0x0,0x0,0x0,0x0,0x0,0x0,0x0,0x8,0xe8,0x0,0x0,0x0,0x0,0x0,
  0x0,0x0,0x30,0x23,0xa0,0x3,0x0,0x0,0x0,0x0,0x0,0x0,0x80,0x80,0xe,0x0,
  0x0,0x0,0x0,0x0,0x0,0x0,0x33,0x2,0x3a,0x0,0x0,0x0,0x0,0x0,0x0,0x0,
  0x8,0xe8,0x0,0x0,0x0,0x0,0x0,0x0,0x0,0x30,0x23,0xa0,0x3,0x0,0x0,0x0,
  0x0,0x0,0x0,0x80,0x80,0xe,0x0,0x0,0x0,0x0,0x0,0x0,0x0,0x33,0x2,0x3a,
  0x0,0x0,0x0,0x0,0x0,0x0,0x0,0x8,0xe8,0x0,0x0,0x0,0x0,0x0,0x0,0x0,
  0x30,0x23,0xa0,0x3,0x0,0x0,0x0,0x0,0x0,0x0,0x80,0x80,0xe,0x0,0x0,0x0,
  0x0,0x0,0x0,0x0,0x33,0x2,0x3a,0x0,0x0,0x0,0x0,0x0,0x0,0x0,0x8,0xe8,
  0x0,0x0,0x0,0x0,0x0,0x0,0x0,0x30,0x23,0xa0,0x3,0x0,0x0,0x0,0x0,0x0,
  0x0,0x80,0x80,0xe,0x0,0x0,0x0,0x0,0x0,0x0,0x0,0x33,0x2,0x3a,0x0,0x0,
  0x0,0x0,0x0,0x0,0x0,0x8,0xe8,0x0,0x0,0x0,0x0,0x0,0x0,0x0,0x30,0x23,
  0xa0,0x3,0x0,0x0,0x0,0x0,0x0,0x0,0x80,0x80,0xe,0x0,0x0,0x0,0x0,0x0,
  0x0,0x0,0x33,0x2,0x3a,0x0,0x0,0x0,0x0,0x0,0x0,0x0,0x8,0xe8,0x0,0x0,
  0x0,0x0,0x0,0x0,0x0,0x30,0x23,0xa0,0x3,0x0,0x0,0x0,0x0,0x0,0x0,0x80,
  0x80,0xe,0x0,0x0,0x0,0x0,0x0,0x0,0x0,0x33,0x2,0x3a,0x0,0x0,0x0,0x0,
  0x0,0x0,0x0,0x8,0xe8,0x0,0x0,0x0,0x0,0x0,0x0,0x0,0x30,0x23,0xa0,0x3,
  0x0,0x0,0x0,0x0,0x0,0x0,0x80,0x80,0xe,0x0,0x0,0x0,0x0,0x0,0x0,0x0,
  0x33,0x2,0x3a,0x0,0x0,0x0,0x0,0x0,0x0,0x0,0x8,0xe8,0x0,0x0,0x0,0x0,
  0x0,0x0,0x0,0x30,0x23,0xa0,0x3,0x0,0x0,0x0,0x0,0x0,0x0,0x80,0x80,0xe,
  0x0,0x0,0x0,0x0,0x0,0x0,0x0,0x33,0x2,0x3a,0x0,0x0,0x0,0x0,0x0,0x0,
  0x0,0x8,0xe8,0x0,0x0,0x0,0x0,0x0,0x0,0x0,0x30,0x23,0xa0,0x3,0x0,0x0,
  0x0,0x0,0x0,0x0,0x80,0x80,0xe,0x0,0x0,0x0,0x0,0x0,0x0,0x0,0x33,0x2,
  0x3a,0x0,0x0,0x0,0x0,0x0,0x0,0x0,0x8,0xe8,0x0,0x0,0x0,0x0,0x0,0x0,
  0x0,0x30,0x23,0xa0,0x3,0x0,0x0,0x0,0x0,0x0,0x0,0x80,0x80,0xe,0x0,0x0,
  0x0,0x0,0x0,0x0,0x0,0x33,0x2,0x3a,0x0,0x0,0x0,0x0,0x0,0x0,0x0,0x8,
  0xe8,0x0,0x0,0x0,0x0,0x0,0x0,0x0,0x30,0x23,0xa0,0x3,0x0,0x0,0x0,0x0,
  0x0,0x0,0x80,0x80,0xe,0x0,0x0,0x0,0x0,0x0,0x0,0x0,0x33,0x2,0x3a,0x0,
  0x0,0x0,0x0,0x0,0x0,0x0,0x8,0xe8,0x0,0x0,0x0,0x0,0x0,0x0,0x0,0x30,
  0x23,0xa0,0x3,0x0,0x0,0x0,0x0,0x0,0x0,0x80,0x80,0xe,0x0,0x0,0x0,0x0,
  0x0,0x0,0x0,0x33,0x2,0x3a,0x0,0x0,0x0,0x0,0x0,0x0,0x0,0x8,0xe8,0x0,
  0x0,0x0,0x0,0x0,0x0,0x0,0x30,0x23,0xa0,0x3,0x0,0x0,0x0,0x0,0x0,0x0,
  0x80,0x80,0xe,0x0,0x0,0x0,0x0,0x0,0x0,0x0,0x33,0x2,0x3a,0x0,0x0,0x0,
  0x0,0x0,0x0,0x0,0x8,0xe8,0x0,0x0,0x0,0x0,0x0,0x0,0x0,0x30,0x23,0xa0,
  0x3,0x0,0x0,0x0,0x0,0x0,0x0,0x80,0x80,0xe,0x0,0x0,0x0,0x0,0x0,0x0,
  0x0,0x33,0x2,0x3a,0x0,0x0,0x0,0x0,0x0,0x0,0x0,0x8,0xe8,0x0,0x0,0x0,
  0x0,0x0,0x0,0x0,0x30,0x23,0xa0,0x3,0x0,0x0,0x0,0x0,0x0,0x0,0x80,0x80,
  0xe,0x0,0x0,0x0,0x0,0x0,0x0,0x0,0x33,0x2,0x3a,0x0,0x0,0x0,0x0,0x0,
  0x0,0x0,0x8,0xe8,0x0,0x0,0x0,0x0,0x0,0x0,0x0,0x30,0x23,0xa0,0x3,0x0,
  0x0,0x0,0x0,0x0,0x0,0x80,0x80,0xe,0x0,0x0,0x0,0x0,0x0,0x0,0x0,0x33,
  0x2,0x3a,0x0,0x0,0x0,0x0,0x0,0x0,0x0,0x8,0xe8,0x0,0x0,0x0,0x0,0x0,
  0x0,0x0,0x30,0x23,0xa0,0x3,0x0,0x0,0x0,0x0,0x0,0x0,0x80,0x80,0xe,0x0,
  0x0,0x0,0x0,0x0,0x0,0x0,0x33,0x2,0x3a,0x0,0x0,0x0,0x0,0x0,0x0,0x0,
  0x8,0xe8,0x0,0x0,0x0,0x0,0x0,0x0,0x0,0x30,0x23,0xa0,0x3,0x0,0x0,0x0,
  0x0,0x0,0x0,0x80,0x80,0xe,0x0,0x0,0x0,0x0,0x0,0x0,0x0,0x33,0x2,0x3a,
  0x0,0x0,0x0,0x0,0x0,0x0,0x0,0x8,0xe8,0x0,0x0,0x0,0x0,0x0,0x0,0x0,
  0x30,0x23,0xa0,0x3,0x0,0x0,0x0,0x0,0x0,0x0,0x80,0x80,0xe,0x0,0x0,0x0,
  0x0,0x0,0x0,0x0,0x33,0x2,0x3a,0x0,0x0,0x0,0x0,0x0,0x0,0x0,0x8,0xe8,
  0x0,0x0,0x0,0x0,0x0,0x0,0x0,0x30,0x23,0xa0,0x3,0x0,0x0,0x0,0x0,0x0,
  0x0,0x80,0x80,0xe,0x0,0x0,0x0,0x0,0x0,0x0,0x0,0x33,0x2,0x3a,0x0,0x0,
  0x0,0x0,0x0,0x0,0x0,0x8,0xe8,0x0,0x0,0x0,0x0,0x0,0x0,0x0,0x30,0x23,
  0xa0,0x3,0x0,0x0,0x0,0x0,0x0,0x0,0x80,0x80,0xe,0x0,0x0,0x0,0x0,0x0,
  0x0,0x0,0x33,0x2,0x3a,0x0,0x0,0x0,0x0,0x0,0x0,0x0,0x8,0xe8,0x0,0x0,
  0x0,0x0,0x0,0x0,0x0,0x30,0x23,0xa0,0x3,0x0,0x0,0x0,0x0,0x0,0x0,0x40,
  0xb5,0x6f,0xff,0xfe,0xfd,0xe3,0xc,0x0,0x0,0x0,0x76,0xdd,0xbe,0x7d,0xfb,0xc6,
  0x11,0xb0,0x19,0x2e,0x58,0x5d,0x74,0xfa,0xb8,0xd8,0xf4,0x71,0xee,0xff,0xbe,0x60,
  0x75,0xa1,0xea,0xfc,0xd5,0x79,0xab,0xb,0x57,0xe7,0x9b,0xfe,0x7c,0x91,0xe9,0xf3,
  0xf9,0xa6,0xf9,0xbe,0xea,0xd8,0xe9,0xef,0x9c,0xeb,0xdc,0xfd,0xe1,0x7c,0xb1,0x3a,
  0xeb,0x80,0xff,0x7d,0xfa,0xf4,0xf9,0xac,0x69,0xf7,0xc5,0xea,0x8c,0xea,0xb,0xd5,
  0x97,0xa6,0x3f,0x7f,0xbe,0xfa,0xf2,0xf4,0xe7,0xcf,0x4d,0xff,0xfb,0xb4,0xea,0x33,
  0xd3,0xe7,0x3,0x3f,0xbe,0x7c,0xc0,0x3f,0x7b,0x25,0x78,0x7f,0x10,0x0,0x0,0xbe,
  0x46,0x40,0x7,0x0,0x0,0x60,0x21,0x4,0x74,0x58,0x1b,0x17,0xaf,0x2e,0x55,0x5d,
  0xfa,0x80,0xcf,0x27,0x56,0x97,0xa9,0x2e,0x39,0x7d,0xbe,0xc4,0x1,0x91,0xfc,0x3c,
  0xe3,0x3f,0x60,0xcd,0x9c,0x31,0x85,0xf4,0xcf,0x56,0x9f,0xac,0x3e,0x51,0x7d,0x7c,
  0xfa,0xfc,0xd1,0x69,0xf6,0xb1,0x3,0x3e,0x7f,0x61,0xfc,0x7,0xec,0x35,0xef,0xf,
  0x2,0x0,0xc0,0xd7,0x8,0xe8,0x0,0x0,0x0,0x2c,0x84,0x80,0xe,0x2b,0xe1,0xd2,
  0xd5,0x15,0xa6,0x8f,0xcb,0x55,0x97,0xaf,0x4e,0x9a,0xfe,0x7c,0xb9,0x29,0x8e,0x1f,
  0x3f,0xfe,0x25,0xb6,0xe5,0xcb,0xd5,0x87,0xab,0x8f,0x4c,0x1f,0xe7,0xfe,0xf9,0x43,
  0xd5,0x7f,0x4c,0x1f,0x9f,0x1d,0xff,0xd2,0x4e,0xf2,0xfe,0x20,0x0,0x0,0x7c,0x8d,
  0x80,0xe,0x0,0x0,0xc0,0x42,0x8,0xe8,0xb0,0x14,0xce,0x57,0x5d,0xa9,0xba,0x72,
  0x75,0xd5,0xe9,0xf3,0x95,0xab,0x2b,0x4e,0xd1,0xfc,0xbc,0xe3,0x5f,0x60,0x21,0x3e,
  0x3f,0x85,0xf4,0xf,0x56,0x1f,0x98,0x3e,0xfe,0xb5,0x7a,0xff,0x14,0xda,0xf,0xbc,
  0x92,0x7e,0xdb,0xbc,0x3f,0x8,0x0,0x0,0x5f,0x23,0xa0,0x3,0x0,0x0,0xb0,0x10,
  0x2,0x3a,0xec,0x99,0x63,0xa7,0x48,0x7e,0xed,0xea,0xea,0xd3,0x9f,0xcf,0x8d,0xe5,
  0x27,0x55,0xc7,0x8c,0x7f,0x81,0x95,0xf2,0xd5,0xea,0xdf,0x87,0xa8,0xfe,0xcf,0xd5,
  0xfb,0xaa,0xff,0x1c,0x5f,0x7c,0x30,0xde,0x1f,0x4,0x0,0x80,0xaf,0x11,0xd0,0x1,
  0x0,0x0,0x58,0x8,0x1,0x1d,0x76,0xdc,0xb1,0xd5,0x55,0xaa,0x6b,0x1d,0xf0,0x71,
  0x6e,0x34,0x3f,0xdf,0xf8,0x62,0x36,0xc2,0xe7,0xa6,0x90,0xfe,0xbe,0xea,0x1f,0xe,
  0xf8,0xf3,0x87,0xe,0x7c,0x91,0xf7,0x7,0x1,0x0,0xe0,0x6b,0x4,0x74,0x0,0x0,
  0x0,0x16,0x42,0x40,0x87,0xb9,0x7c,0x53,0x75,0xdd,0xea,0xfa,0xd5,0xf5,0xaa,0x53,
  0xa6,0x50,0xee,0xca,0x75,0xb6,0xe2,0xf3,0x53,0x48,0x7f,0x4f,0xf5,0xae,0xea,0x9d,
  0xd3,0xe7,0xcf,0x8f,0x2f,0x4,0x58,0x45,0xba,0x7,0x0,0xf3,0x10,0xd0,0x1,0x0,
  0x0,0x58,0x8,0x1,0x1d,0xb6,0xec,0xe4,0xea,0x86,0xd3,0xc7,0xb7,0x54,0x37,0xa8,
  0x2e,0x3d,0xbe,0x8,0xe6,0xb4,0xbf,0xfa,0xb7,0xea,0x1d,0xd5,0xdb,0xab,0xbf,0x9f,
  0x3e,0x7f,0x7a,0x7c,0x21,0xc0,0xb2,0xd3,0x3d,0x0,0x98,0x87,0x80,0xe,0x0,0x0,
  0xc0,0x42,0x8,0xe8,0x70,0x50,0x17,0xa9,0x6e,0x52,0xdd,0x7c,0x8a,0xe5,0x37,0xad,
  0x4e,0x1c,0x5f,0x4,0x7b,0xe8,0x83,0x53,0x48,0x7f,0x53,0xf5,0xd6,0xe9,0xcf,0x5f,
  0x1c,0x5f,0x4,0xb0,0x4c,0x74,0xf,0x0,0xe6,0x21,0xa0,0x3,0x0,0x0,0xb0,0x10,
  0x2,0x3a,0x74,0x6c,0x75,0x9d,0x29,0x98,0xdf,0xb4,0xba,0x59,0x75,0xcd,0xea,0x98,
  0xf1,0x85,0xb0,0x44,0xce,0xae,0xde,0x3b,0x5,0xf5,0x37,0x55,0xaf,0xaf,0xde,0x3f,
  0xbe,0x8,0x60,0x91,0x74,0xf,0x0,0xe6,0x21,0xa0,0x3,0x0,0x0,0xb0,0x10,0x2,
  0x3a,0x1b,0xe8,0x82,0x53,0x24,0xbf,0x65,0x75,0x8b,0x29,0x9c,0x5f,0x70,0x7c,0x11,
  0xac,0xa0,0x4f,0x56,0x6f,0xac,0x5e,0x57,0xbd,0x76,0x3a,0xa5,0xfe,0xd5,0xf1,0x45,
  0x0,0x7b,0x45,0xf7,0x0,0x60,0x1e,0x2,0x3a,0x0,0x0,0x0,0xb,0x21,0xa0,0xb3,
  0x1,0x2e,0x3a,0xc5,0xf2,0xdb,0x4c,0x9f,0x6f,0x50,0x9d,0x67,0x7c,0x11,0xac,0xa1,
  0x2f,0x55,0x6f,0xae,0x5e,0x53,0xbd,0x6a,0x3a,0xa9,0xfe,0x95,0xf1,0x45,0x0,0xbb,
  0x45,0xf7,0x0,0x60,0x1e,0x2,0x3a,0x0,0x0,0x0,0xb,0x21,0xa0,0xb3,0x86,0x2e,
  0x54,0xdd,0xba,0xba,0xed,0xf4,0xf9,0xfa,0xd3,0x35,0xed,0xb0,0xe9,0xbe,0x32,0x45,
  0xf4,0x57,0x57,0xaf,0x98,0xfe,0x7c,0xe6,0xf8,0x22,0x80,0x9d,0xa2,0x7b,0x0,0x30,
  0xf,0x1,0x1d,0x0,0x0,0x80,0x85,0x10,0xd0,0x59,0x3,0xc7,0x4d,0x57,0xb2,0xdf,
  0xbe,0xba,0xc3,0x74,0x25,0xfb,0x71,0xe3,0x8b,0x80,0x6f,0xf0,0xc5,0xe9,0x74,0xfa,
  0xcb,0xab,0x97,0x55,0xef,0xae,0xbc,0x49,0x9,0xec,0x18,0xdd,0x3,0x80,0x79,0x8,
  0xe8,0x0,0x0,0x0,0x2c,0x84,0x80,0xce,0x8a,0xba,0x52,0xf5,0xed,0xd3,0xc7,0x6d,
  0xab,0xb,0x8f,0x2f,0x0,0xb6,0xed,0x63,0xd5,0x4b,0xab,0x97,0x4c,0x41,0xfd,0x13,
  0xe3,0xb,0x0,0xb6,0x43,0xf7,0x0,0x60,0x1e,0x2,0x3a,0x0,0x0,0x0,0xb,0x21,
  0xa0,0xb3,0x22,0x8e,0x9b,0xae,0x63,0xff,0xee,0xea,0x3b,0xab,0xab,0x8e,0x2f,0x0,
  0x76,0xd4,0x39,0xd5,0x3b,0xaa,0x17,0x55,0x7f,0x3d,0xfd,0xd9,0x1b,0x98,0xc0,0xb6,
  0xe8,0x1e,0x0,0xcc,0x43,0x40,0x7,0x0,0x0,0x60,0x21,0x4,0x74,0x96,0xd8,0x89,
  0x53,0x2c,0xbf,0x4b,0x75,0xa7,0xea,0x22,0xe3,0xb,0x80,0x3d,0x73,0xea,0x14,0xd3,
  0x5f,0x38,0x9d,0x4e,0xff,0xc2,0xf8,0x2,0x80,0x91,0xee,0x1,0xc0,0x3c,0x4,0x74,
  0x0,0x0,0x0,0x16,0x42,0x40,0x67,0xc9,0x9c,0x32,0x9d,0x32,0xbf,0x6b,0x75,0xe3,
  0xea,0x98,0xf1,0x5,0xc0,0xc2,0x9d,0x51,0xbd,0xaa,0xfa,0x7f,0x53,0x50,0xff,0xd0,
  0xf8,0x2,0x80,0x4,0x74,0x0,0xe6,0x24,0xa0,0x3,0x0,0x0,0xb0,0x10,0x2,0x3a,
  0xb,0x76,0x4c,0x75,0xd3,0xea,0x9e,0xd5,0xdd,0xab,0x6f,0x1e,0x5f,0x0,0x2c,0xbd,
  0x77,0x54,0x7f,0x35,0x7d,0xfc,0xd3,0xb8,0x4,0x36,0x97,0xee,0x1,0xc0,0x3c,0x4,
  0x74,0x0,0x0,0x0,0x16,0x42,0x40,0x67,0x1,0x8e,0xad,0x6e,0x59,0xdd,0xa3,0xfa,
  0xde,0xea,0x72,0xe3,0xb,0x80,0x95,0xf5,0xbe,0xea,0x39,0xd5,0xf3,0xaa,0x77,0x8e,
  0x4b,0x60,0xb3,0xe8,0x1e,0x0,0xcc,0x43,0x40,0x7,0x0,0x0,0x60,0x21,0x4,0x74,
  0xf6,0xc8,0x71,0xd5,0xed,0xa6,0x53,0xe6,0x77,0x9b,0x9e,0x6f,0xe,0xac,0xb7,0xf,
  0x54,0xcf,0x9d,0x82,0xfa,0xdb,0x2a,0x6f,0x80,0xc2,0x86,0xd1,0x3d,0x0,0x98,0x87,
  0x80,0xe,0x0,0x0,0xc0,0x42,0x8,0xe8,0xec,0xa2,0x63,0xa6,0x93,0xe6,0xf7,0x99,
  0xae,0x68,0xbf,0xf8,0xf8,0x2,0x60,0x63,0xfc,0x47,0xf5,0xcc,0xea,0x19,0xd5,0x7b,
  0xc6,0x25,0xb0,0x9e,0x74,0xf,0x0,0xe6,0x21,0xa0,0x3,0x0,0x0,0xb0,0x10,0x2,
  0x3a,0xbb,0xe0,0xfa,0x53,0x34,0xff,0x81,0xea,0xf2,0xe3,0x12,0xd8,0x78,0xef,0x99,
  0x42,0xfa,0x33,0xa7,0xb0,0xe,0xac,0x29,0xdd,0x3,0x80,0x79,0x8,0xe8,0x0,0x0,
  0x0,0x2c,0x84,0x80,0xce,0xe,0xb9,0x52,0x75,0xef,0x29,0x9c,0x5f,0x6b,0x5c,0x2,
  0x1c,0xc4,0xfe,0xea,0xf5,0x53,0x4c,0x7f,0x76,0xf5,0xa9,0xf1,0x5,0xc0,0x6a,0xd3,
  0x3d,0x0,0x98,0x87,0x80,0xe,0x0,0x0,0xc0,0x42,0x8,0xe8,0xcc,0xe1,0x22,0xd3,
  0x29,0xf3,0x1f,0xae,0x6e,0x56,0xf9,0x97,0x9,0x38,0x5a,0x5f,0xad,0x5e,0x52,0xfd,
  0x69,0xf5,0xfc,0xea,0xcc,0xf1,0x5,0xc0,0xea,0xd1,0x3d,0x0,0x98,0x87,0x80,0xe,
  0x0,0x0,0xc0,0x42,0x8,0xe8,0x6c,0xd3,0x31,0xd5,0x6d,0xaa,0x7,0x56,0xdf,0x5b,
  0x9d,0x7f,0x7c,0x1,0xc0,0x9c,0x3e,0x55,0x3d,0xbd,0x7a,0x6a,0xf5,0xae,0x71,0x9,
  0xac,0xe,0xdd,0x3,0x80,0x79,0x8,0xe8,0x0,0x0,0x0,0x2c,0x84,0x80,0xce,0x16,
  0x5d,0xb1,0xba,0x5f,0xf5,0xdf,0xaa,0x6f,0x1e,0x97,0x0,0xbb,0xe4,0x1d,0xd5,0x53,
  0xa6,0x6b,0xde,0x3f,0x33,0x2e,0x81,0xe5,0xa6,0x7b,0x0,0x30,0xf,0x1,0x1d,0x0,
  0x0,0x80,0x85,0x10,0xd0,0x39,0x8c,0xf3,0x57,0xf7,0xa8,0xee,0x3f,0x9d,0x3a,0x3f,
  0x66,0x7c,0x1,0xc0,0x1e,0x39,0xa3,0xfa,0x7f,0xd5,0xd3,0xa6,0xab,0xde,0xcf,0x19,
  0x5f,0x0,0x2c,0x1f,0xdd,0x3,0x80,0x79,0x8,0xe8,0x0,0x0,0x0,0x2c,0x84,0x80,
  0xce,0x41,0x5c,0xad,0x7a,0xf0,0xf4,0x6c,0xf3,0x8b,0x8f,0x4b,0x80,0x5,0xfb,0x60,
  0xf5,0xff,0x4d,0x27,0xd3,0x3f,0x31,0x2e,0x81,0xe5,0xa1,0x7b,0x0,0x30,0xf,0x1,
  0x1d,0x0,0x0,0x80,0x85,0x10,0xd0,0x99,0x1c,0x57,0x7d,0xcf,0x14,0xce,0x6f,0x57,
  0xf9,0x17,0x3,0x58,0x76,0x67,0x56,0xcf,0xad,0x9e,0x54,0xbd,0x66,0x5c,0x2,0x8b,
  0xa7,0x7b,0x0,0x30,0xf,0x1,0x1d,0x0,0x0,0x80,0x85,0x10,0xd0,0x37,0xde,0xc9,
  0xd5,0x83,0xa6,0x8f,0xcb,0x8c,0x4b,0x80,0x15,0xf1,0xbe,0xea,0x8f,0xaa,0xff,0x5b,
  0x9d,0x36,0x2e,0x81,0xc5,0xd0,0x3d,0x0,0x98,0x87,0x80,0xe,0x0,0x0,0xc0,0x42,
  0x8,0xe8,0x1b,0x69,0x5f,0x75,0xa7,0xea,0x21,0xd5,0x9d,0xab,0x63,0xc7,0x17,0x0,
  0xac,0xa8,0x2f,0x55,0xcf,0xac,0x9e,0x58,0xbd,0x63,0x5c,0x2,0x7b,0x4b,0xf7,0x0,
  0x60,0x1e,0x2,0x3a,0x0,0x0,0x0,0xb,0x21,0xa0,0x6f,0x94,0xf3,0x57,0x3f,0x54,
  0xfd,0x64,0x75,0xad,0x71,0x9,0xb0,0x66,0x5e,0x55,0xfd,0x5e,0xf5,0x82,0xea,0x9c,
  0x71,0x9,0xec,0x3e,0xdd,0x3,0x80,0x79,0x8,0xe8,0x0,0x0,0x0,0x2c,0x84,0x80,
  0xbe,0x11,0x2e,0x53,0xfd,0xf8,0xf4,0x7c,0xf3,0x4b,0x8e,0x4b,0x80,0x35,0xf7,0x81,
  0xea,0xf1,0xd5,0x53,0xab,0x2f,0x8c,0x4b,0x60,0xf7,0xe8,0x1e,0x0,0xcc,0x43,0x40,
  0x7,0x0,0x0,0x60,0x21,0x4,0xf4,0xb5,0x76,0x83,0xe9,0xb4,0xf9,0xf,0x54,0xc7,
  0x8f,0x4b,0x80,0xd,0x73,0x5a,0xf5,0xc7,0xd5,0x13,0xaa,0xf,0x8d,0x4b,0x60,0xe7,
  0xe9,0x1e,0x0,0xcc,0x43,0x40,0x7,0x0,0x0,0x60,0x21,0x4,0xf4,0xb5,0xb3,0xaf,
  0xba,0x6b,0xf5,0xb,0xd5,0xcd,0xc7,0x25,0x0,0x9d,0x55,0x3d,0xb7,0xfa,0x9d,0xea,
  0x2d,0xe3,0x12,0xd8,0x39,0xba,0x7,0x0,0xf3,0x10,0xd0,0x1,0x0,0x0,0x58,0x8,
  0x1,0x7d,0x6d,0x1c,0x5f,0xdd,0xbb,0xfa,0x79,0xcf,0x37,0x7,0xd8,0xb2,0x57,0x56,
  0xbf,0x59,0xbd,0x64,0x5c,0x0,0xf3,0xd3,0x3d,0x0,0x98,0x87,0x80,0xe,0x0,0x0,
  0xc0,0x42,0x8,0xe8,0x2b,0xef,0x82,0xd5,0x83,0xaa,0x9f,0xaa,0x4e,0x1e,0x97,0x0,
  0x6c,0xc9,0x3b,0xa6,0x90,0xfe,0x57,0xd3,0x9,0x75,0x60,0x7,0xe8,0x1e,0x0,0xcc,
  0x43,0x40,0x7,0x0,0x0,0x60,0x21,0x4,0xf4,0x95,0x75,0xc9,0xea,0xa1,0xd5,0x43,
  0xaa,0x4b,0x8c,0x4b,0x0,0x8e,0xca,0x7,0xa6,0xab,0xdd,0xff,0xb4,0xfa,0xf2,0xb8,
  0x4,0xb6,0x47,0xf7,0x0,0x60,0x1e,0x2,0x3a,0x0,0x0,0x0,0xb,0x21,0xa0,0xaf,
  0x9c,0xcb,0x4d,0xd7,0xb4,0x3f,0xa8,0x3a,0x61,0x5c,0x2,0xb0,0x23,0x3e,0x56,0xfd,
  0x9f,0xea,0x89,0xd5,0xe7,0xc7,0x25,0xb0,0x35,0xba,0x7,0x0,0xf3,0x10,0xd0,0x1,
  0x0,0x0,0x58,0x8,0x1,0x7d,0x65,0x9c,0x54,0x3d,0xb2,0x7a,0x60,0x75,0xde,0x71,
  0x9,0xc0,0xae,0xf8,0x74,0xf5,0xbb,0xd5,0xef,0x57,0x9f,0x1b,0x97,0xc0,0xe1,0xe9,
  0x1e,0x0,0xcc,0x43,0x40,0x7,0x0,0x0,0x60,0x21,0x4,0xf4,0xa5,0x77,0xf9,0x3,
  0xc2,0xf9,0xf1,0xe3,0x12,0x80,0x3d,0xf1,0x99,0x29,0xa4,0x3f,0x41,0x48,0x87,0xad,
  0xd3,0x3d,0x0,0x98,0x87,0x80,0xe,0x0,0x0,0xc0,0x42,0x8,0xe8,0x4b,0xeb,0xa,
  0xd5,0x23,0xaa,0x7,0x8,0xe7,0x0,0x4b,0xe3,0xb3,0xd5,0xe3,0xaa,0xc7,0x57,0xa7,
  0x8f,0x4b,0xe0,0xeb,0xe9,0x1e,0x0,0xcc,0x43,0x40,0x7,0x0,0x0,0x60,0x21,0x4,
  0xf4,0xa5,0x73,0x85,0xea,0x51,0xd5,0xfd,0x84,0x73,0x80,0xa5,0x75,0xda,0x14,0xd2,
  0xff,0x8f,0x90,0xe,0x87,0xa6,0x7b,0x0,0x30,0xf,0x1,0x1d,0x0,0x0,0x80,0x85,
  0x10,0xd0,0x97,0xc6,0x89,0x53,0x38,0x7f,0xb0,0x67,0x9c,0x3,0xac,0x8c,0xcf,0x54,
  0x8f,0x9d,0x9e,0x91,0xfe,0xe5,0x71,0x9,0x9b,0x4e,0xf7,0x0,0x60,0x1e,0x2,0x3a,
  0x0,0x0,0x0,0xb,0x21,0xa0,0x2f,0xdc,0x45,0xaa,0x9f,0xab,0x7e,0xb2,0xba,0xc0,
  0xb8,0x4,0x60,0x25,0x7c,0xa4,0xfa,0x95,0xea,0x29,0xd5,0x59,0xe3,0x12,0x36,0x95,
  0xee,0x1,0xc0,0x3c,0x4,0x74,0x0,0x0,0x0,0x16,0x42,0x40,0x5f,0x98,0xf3,0x57,
  0x3f,0x31,0x3d,0xe7,0xfc,0xe2,0xe3,0x12,0x80,0x95,0xf4,0xaf,0xd5,0x63,0xaa,0x67,
  0x55,0xe7,0x8c,0x4b,0xd8,0x34,0xba,0x7,0x0,0xf3,0x10,0xd0,0x1,0x0,0x0,0x58,
  0x8,0x1,0x7d,0xcf,0x9d,0xa7,0x7a,0xc0,0x14,0x58,0x2e,0x37,0x2e,0x1,0x58,0xb,
  0xef,0xaa,0xfe,0x47,0xf5,0xc2,0x71,0x1,0x9b,0x44,0xf7,0x0,0x60,0x1e,0x2,0x3a,
  0x0,0x0,0x0,0xb,0x21,0xa0,0xef,0xa9,0x7b,0x54,0xbf,0x51,0x5d,0x75,0x5c,0x0,
  0xb0,0x96,0x5e,0x57,0xfd,0x6c,0xf5,0xe6,0x71,0x1,0x9b,0x40,0xf7,0x0,0x60,0x1e,
  0xc7,0x8c,0x3,0x0,0x0,0x0,0x60,0x6d,0xdc,0xa4,0x7a,0x6d,0xf5,0x1c,0xf1,0x1c,
  0x60,0xa3,0xdc,0xa2,0x7a,0x63,0xf5,0xcc,0xea,0xa,0xe3,0x12,0x0,0x80,0x43,0x13,
  0xd0,0x1,0x0,0x0,0x60,0xfd,0x5c,0xa1,0x7a,0x7a,0xf5,0xa6,0x29,0xa2,0x0,0xb0,
  0x79,0xf6,0x55,0x3f,0x50,0xfd,0x53,0xf5,0xd8,0xea,0xc2,0xe3,0xb,0x0,0x0,0xf8,
  0x46,0xae,0x70,0x7,0x0,0x0,0x60,0x21,0x5c,0xe1,0xbe,0x2b,0x2e,0x5c,0x3d,0xb2,
  0xfa,0xc9,0xea,0x7c,0xe3,0x12,0x80,0x8d,0xf6,0xc9,0xea,0x97,0xaa,0x27,0x57,0x67,
  0x8d,0x4b,0x58,0x27,0xba,0x7,0x0,0xf3,0x10,0xd0,0x1,0x0,0x0,0x58,0x8,0x1,
  0x7d,0x47,0x9d,0xa7,0xfa,0x91,0xea,0x7f,0x56,0x27,0x8e,0x4b,0x0,0x38,0xc0,0x3f,
  0x56,0x3f,0x57,0xbd,0x70,0x5c,0xc0,0xba,0xd0,0x3d,0x0,0x98,0x87,0x80,0xe,0x0,
  0x0,0xc0,0x42,0x8,0xe8,0x3b,0xe6,0xb6,0xd5,0xe3,0xab,0xeb,0x8c,0xb,0x0,0x38,
  0x8c,0x97,0x56,0xf,0x9f,0xae,0x78,0x87,0xb5,0xa2,0x7b,0x0,0x30,0xf,0xcf,0x40,
  0x7,0x0,0x0,0x80,0xd5,0x74,0x72,0xf5,0x97,0xd5,0x2b,0xc4,0x73,0x0,0x8e,0xc2,
  0x9d,0xaa,0x77,0x57,0xbf,0x59,0x5d,0x70,0x5c,0x2,0x0,0x6c,0x2a,0x27,0xd0,0x1,
  0x0,0x0,0x58,0x8,0x27,0xd0,0x8f,0xda,0x79,0xab,0x9f,0xaa,0x7e,0xb1,0xba,0xc0,
  0xb8,0x4,0x80,0xa3,0xf0,0x91,0xea,0xe7,0xab,0x67,0x56,0xde,0x30,0x66,0xe5,0xe9,
  0x1e,0x0,0xcc,0x43,0x40,0x7,0x0,0x0,0x60,0x21,0x4,0xf4,0xa3,0x72,0x97,0xea,
  0x71,0xd5,0x55,0xc7,0x5,0x0,0xec,0x80,0xd7,0x56,0xf,0xab,0xde,0x39,0x2e,0x60,
  0x95,0xe8,0x1e,0x0,0xcc,0xc3,0x15,0xee,0x0,0x0,0x0,0xb0,0xfc,0xae,0x5a,0xfd,
  0xcd,0xf4,0x21,0x9e,0x3,0xb0,0x5b,0x6e,0x59,0xbd,0xad,0xfa,0x83,0xea,0x12,0xe3,
  0x12,0x0,0x60,0x13,0x38,0x81,0xe,0x0,0x0,0xc0,0x42,0x38,0x81,0xbe,0x25,0xe7,
  0x9d,0xae,0xd4,0x7d,0x54,0x75,0xbe,0x71,0x9,0x0,0xbb,0xe8,0x93,0xd5,0x4f,0x57,
  0x4f,0x77,0xad,0x3b,0xab,0x46,0xf7,0x0,0x60,0x1e,0x2,0x3a,0x0,0x0,0x0,0xb,
  0x21,0xa0,0x1f,0xd1,0xad,0xab,0x3f,0xac,0xae,0x31,0x2e,0x0,0x60,0xf,0xbd,0xbc,
  0xfa,0xb1,0xea,0xfd,0xe3,0x2,0x96,0x95,0xee,0x1,0xc0,0x3c,0x5c,0xe1,0xe,0x0,
  0x0,0x0,0xcb,0xe5,0x12,0xd5,0x53,0xaa,0x57,0x8a,0xe7,0x0,0x2c,0x81,0xdb,0x57,
  0xef,0xae,0x1e,0x3d,0xdd,0x8c,0x2,0x0,0xb0,0xd6,0x9c,0x40,0x7,0x0,0x0,0x60,
  0x21,0x9c,0x40,0xff,0x6,0xfb,0xaa,0xfb,0x56,0xbf,0x53,0x5d,0x72,0x5c,0x2,0xc0,
  0x12,0xf8,0xc7,0xe9,0x34,0xfa,0xab,0xc7,0x5,0x2c,0x13,0xdd,0x3,0x80,0x79,0x38,
  0x81,0xe,0x0,0x0,0x0,0x8b,0x77,0xb5,0xe9,0x8a,0xdc,0x3f,0x15,0xcf,0x1,0x58,
  0x62,0xd7,0x9c,0x6e,0x48,0xf9,0x93,0xe9,0xc6,0x14,0x0,0x80,0xb5,0x23,0xa0,0x3,
  0x0,0x0,0xc0,0xe2,0x9c,0xa7,0x7a,0xd4,0x74,0x35,0xee,0x6d,0xc7,0x25,0x0,0x2c,
  0xa1,0x7d,0xd5,0x3,0xaa,0xf7,0x55,0xf7,0x1a,0x97,0x0,0x0,0xab,0xce,0x15,0xee,
  0x0,0x0,0x0,0x2c,0x84,0x2b,0xdc,0x3b,0xa5,0x7a,0x6a,0x75,0xa3,0x71,0x1,0x0,
  0x2b,0xe4,0x79,0xd5,0x8f,0x57,0x1f,0x1b,0x17,0xb0,0x28,0xba,0x7,0x0,0xf3,0x70,
  0x2,0x1d,0x0,0x0,0x0,0xf6,0xd6,0xf1,0xd5,0x2f,0x55,0x6f,0x13,0xcf,0x1,0x58,
  0x3,0xdf,0x5b,0xfd,0x43,0xf5,0x43,0xe3,0x2,0x0,0x60,0x15,0x39,0x81,0xe,0x0,
  0x0,0xc0,0x42,0x6c,0xe8,0x9,0xf4,0x1b,0x4d,0xa7,0xce,0x4f,0x19,0x17,0x0,0xb0,
  0x6,0x5e,0x58,0x3d,0xb8,0xfa,0xf0,0xb8,0x80,0xbd,0xa4,0x7b,0x0,0x30,0xf,0x27,
  0xd0,0x1,0x0,0x0,0x60,0xf7,0x9d,0xb7,0xfa,0xf5,0xea,0x4d,0xe2,0x39,0x0,0x6b,
  0xec,0x2e,0xd5,0x7b,0xab,0x7,0x4e,0xcf,0x4a,0x7,0x0,0x58,0x39,0x4e,0xa0,0x3,
  0x0,0x0,0xb0,0x10,0x1b,0x74,0x2,0xfd,0xc6,0xd3,0xa9,0xf3,0x6b,0x8f,0xb,0x0,
  0x58,0x63,0x2f,0x9d,0x42,0xba,0xd3,0xe8,0xec,0x39,0xdd,0x3,0x80,0x79,0x38,0x81,
  0xe,0x0,0x0,0x0,0xbb,0xe3,0x3c,0xd5,0x63,0xaa,0xd7,0x8b,0xe7,0x0,0x6c,0xa0,
  0x3b,0x55,0xef,0xae,0xee,0x3d,0x2e,0x0,0x0,0x96,0x99,0x13,0xe8,0x0,0x0,0x0,
  0x2c,0xc4,0x9a,0x9f,0x40,0xbf,0x5a,0xf5,0x7f,0xab,0x9b,0x8e,0xb,0x0,0xd8,0x40,
  0x7f,0x51,0xfd,0x78,0xf5,0x99,0x71,0x1,0xbb,0x41,0xf7,0x0,0x60,0x1e,0x4e,0xa0,
  0x3,0x0,0x0,0xc0,0xce,0xd9,0x37,0x5,0x82,0xbf,0x17,0xcf,0x1,0xe0,0xbf,0x7c,
  0xff,0x74,0x1a,0xfd,0x4e,0xe3,0x2,0x0,0x60,0xd9,0x8,0xe8,0x0,0x0,0x0,0xb0,
  0x33,0x2e,0x53,0xbd,0xa8,0x7a,0x62,0x75,0x81,0x71,0x9,0x0,0x1b,0xee,0x72,0xd5,
  0x8b,0xab,0x27,0x54,0x27,0x8c,0x4b,0x0,0x80,0x65,0xe1,0xa,0x77,0x0,0x0,0x0,
  0x16,0x62,0xcd,0xae,0x70,0xff,0xbe,0xea,0xf,0xab,0x8b,0x8f,0xb,0x0,0xe0,0x1b,
  0xfc,0x73,0x75,0xdf,0xea,0xad,0xe3,0x2,0x76,0x82,0xee,0x1,0xc0,0x3c,0x9c,0x40,
  0x7,0x0,0x0,0x80,0xa3,0x77,0x81,0xea,0x8f,0xab,0xbf,0x14,0xcf,0x1,0x60,0xcb,
  0xae,0x5e,0xbd,0xae,0xfa,0x85,0xe9,0xf1,0x27,0x0,0x0,0x4b,0xc3,0x9,0x74,0x0,
  0x0,0x0,0x16,0x62,0xd,0x4e,0xa0,0x5f,0xaf,0x7a,0x56,0x75,0x8d,0x71,0x1,0x0,
  0x6c,0xd9,0x4b,0xab,0x1f,0xae,0x3e,0x36,0x2e,0xe0,0x68,0xe9,0x1e,0x0,0xcc,0xc3,
  0x9,0x74,0x0,0x0,0x0,0xd8,0x9e,0x7d,0xd5,0x4f,0x54,0x6f,0x12,0xcf,0x1,0x60,
  0x6e,0x77,0xaa,0xde,0x39,0x7d,0x6,0x0,0x58,0x38,0x1,0x1d,0x0,0x0,0x0,0xb6,
  0xee,0x12,0xd5,0xf3,0xaa,0x27,0x54,0xe7,0x1b,0x97,0x0,0xc0,0x51,0xf9,0xa6,0xea,
  0xc5,0xd5,0x6f,0x55,0xc7,0x8f,0x4b,0x0,0x80,0xbd,0xe4,0xa,0x77,0x0,0x0,0x0,
  0x16,0x62,0x5,0xaf,0x70,0xbf,0x75,0xf5,0xe7,0xd5,0x49,0xe3,0x2,0x0,0xd8,0x31,
  0x6f,0xad,0xee,0x5d,0xfd,0xeb,0xb8,0x80,0xad,0xd2,0x3d,0x0,0x98,0x87,0x13,0xe8,
  0x0,0x0,0x0,0x70,0x78,0xc7,0x56,0xff,0xb3,0x7a,0xb9,0x78,0xe,0x0,0xbb,0xee,
  0xc6,0xd5,0xdf,0x4f,0x11,0x1d,0x0,0x60,0xcf,0x39,0x81,0xe,0x0,0x0,0xc0,0x42,
  0xac,0xc8,0x9,0xf4,0x4b,0x4d,0xa7,0xce,0x3d,0x97,0x15,0x0,0xf6,0xde,0x13,0xab,
  0x9f,0xae,0xce,0x1c,0x17,0x70,0x38,0xba,0x7,0x0,0xf3,0x10,0xd0,0x1,0x0,0x0,
  0x58,0x88,0x15,0x8,0xe8,0xdf,0x5a,0xfd,0x85,0x53,0xe7,0x0,0xb0,0x50,0x6f,0xa9,
  0xee,0x55,0xfd,0xc7,0xb8,0x80,0x43,0xd1,0x3d,0x0,0x98,0x87,0x2b,0xdc,0x1,0x0,
  0x0,0xe0,0x1b,0xfd,0x64,0xf5,0x4a,0xf1,0x1c,0x0,0x16,0xee,0x26,0xd5,0xdb,0xab,
  0xef,0x18,0x17,0x0,0x0,0xbb,0x41,0x40,0x7,0x0,0x0,0x80,0xaf,0xb9,0x70,0xf5,
  0xec,0xea,0x71,0xd5,0xf1,0xe3,0x12,0x0,0x58,0x88,0x4b,0x54,0x2f,0xaa,0x7e,0xa5,
  0x3a,0x76,0x5c,0x2,0x0,0xec,0x24,0x57,0xb8,0x3,0x0,0x0,0xb0,0x10,0x4b,0x78,
  0x85,0xfb,0x29,0x53,0x3c,0xbf,0xfa,0xb8,0x0,0x0,0x96,0xc6,0xcb,0xaa,0xfb,0x54,
  0x9f,0x1c,0x17,0x70,0x2e,0xdd,0x3,0x80,0x79,0x38,0x81,0xe,0x0,0x0,0x0,0xb3,
  0x37,0xe2,0xdf,0x24,0x9e,0x3,0xc0,0xd2,0xbb,0x43,0xf5,0x8e,0xea,0xa6,0xe3,0x2,
  0x0,0x60,0x27,0x8,0xe8,0x0,0x0,0x0,0x6c,0xb2,0x63,0xab,0xdf,0xa9,0x9e,0x5e,
  0x9d,0x30,0x2e,0x1,0x80,0xa5,0x74,0xb9,0xea,0x35,0xd5,0x3,0xc6,0x5,0x0,0xc0,
  0xbc,0x5c,0xe1,0xe,0x0,0x0,0xc0,0x42,0x2c,0xc1,0x15,0xee,0x97,0xa8,0x9e,0x59,
  0xdd,0x71,0x5c,0x0,0x0,0x2b,0xe3,0x9,0xd5,0xcf,0x56,0x67,0x8e,0xb,0x36,0x97,
  0xee,0x1,0xc0,0x3c,0x4,0x74,0x0,0x0,0x0,0x16,0x62,0xc1,0x1,0xfd,0x94,0xea,
  0x79,0xd5,0x95,0xc7,0x5,0x0,0xb0,0x72,0x5e,0x53,0xdd,0xd3,0x73,0xd1,0x39,0x97,
  0xee,0x1,0xc0,0x3c,0x5c,0xe1,0xe,0x0,0x0,0xc0,0xa6,0xb9,0xe7,0xf4,0xbc,0x73,
  0xf1,0x1c,0x0,0xd6,0xc3,0xad,0xaa,0xb7,0x57,0x37,0x1a,0x17,0x0,0x0,0xdb,0x25,
  0xa0,0x3,0x0,0x0,0xb0,0x29,0x8e,0xad,0x7e,0xad,0xfa,0x4b,0xcf,0x3b,0x7,0x80,
  0xb5,0x73,0xf9,0xe9,0x24,0xfa,0xf,0x8d,0xb,0x0,0x80,0xed,0x70,0x85,0x3b,0x0,
  0x0,0x0,0xb,0xb1,0xc7,0x57,0xb8,0x5f,0xa4,0xfa,0xf3,0xea,0xbb,0xc6,0x5,0x0,
  0xb0,0x76,0xfe,0x77,0xf5,0x88,0xea,0xec,0x71,0xc1,0x66,0xd0,0x3d,0x0,0x98,0x87,
  0x80,0xe,0x0,0x0,0xc0,0x42,0xec,0x61,0x40,0xbf,0x7c,0xf5,0xc2,0xe9,0xb9,0xe7,
  0x0,0xc0,0x66,0x78,0x7e,0x75,0xef,0xea,0x4b,0xe3,0x82,0xf5,0xa7,0x7b,0x0,0x30,
  0xf,0x1,0x1d,0x0,0x0,0x80,0x85,0xd8,0xa3,0x80,0x7e,0xd3,0xea,0x5,0xd5,0xa5,
  0xc6,0x5,0x0,0xb0,0xf6,0xde,0x5d,0xdd,0xa5,0xfa,0xf0,0xb8,0x60,0xbd,0xe9,0x1e,
  0x0,0xcc,0xc3,0x33,0xd0,0x1,0x0,0x0,0x58,0x57,0xf7,0xa9,0x5e,0x21,0x9e,0x3,
  0xc0,0xc6,0xba,0x6e,0xf5,0xc6,0xe9,0x17,0xea,0x0,0x0,0xb6,0x44,0x40,0x7,0x0,
  0x0,0x60,0xdd,0xec,0xab,0x1e,0x3d,0x3d,0xf3,0xfc,0x84,0x71,0x9,0x0,0x6c,0x94,
  0x93,0xa6,0x5f,0xa8,0xbb,0xfb,0xb8,0x0,0x0,0x38,0x18,0x1,0x1d,0x0,0x0,0x80,
  0x75,0x72,0x7c,0xf5,0x67,0xd5,0xaf,0x4c,0x21,0x1d,0x0,0xe0,0x84,0xea,0x39,0xd5,
  0x23,0xc6,0x5,0x0,0xc0,0xc8,0x33,0xd0,0x1,0x0,0x0,0x58,0x88,0x5d,0x78,0x6,
  0xfa,0xa5,0xa6,0xe7,0x9d,0xbb,0xa6,0x15,0x0,0x38,0x94,0x3f,0xab,0x1e,0x54,0x9d,
  0x39,0x2e,0x58,0x1f,0xba,0x7,0x0,0xf3,0x10,0xd0,0x1,0x0,0x0,0x58,0x88,0x1d,
  0xe,0xe8,0x57,0xa9,0xfe,0x76,0xfa,0xc,0x0,0x70,0x38,0xe7,0x5e,0xe9,0x7e,0xfa,
  0xb8,0x60,0x3d,0xe8,0x1e,0x0,0xcc,0xc3,0x15,0xee,0x0,0x0,0x0,0xac,0xba,0x9b,
  0x56,0x6f,0x10,0xcf,0x1,0x80,0x2d,0xba,0x5d,0xf5,0xda,0xe9,0xf9,0xe8,0x0,0x0,
  0x5f,0x47,0x40,0x7,0x0,0x0,0x60,0x95,0xdd,0x75,0x3a,0x45,0x76,0xa9,0x71,0x1,
  0x0,0x70,0x18,0xa7,0x54,0x6f,0x9c,0x3e,0x3,0x0,0xfc,0x17,0x1,0x1d,0x0,0x0,
  0x80,0x55,0xf5,0x63,0xd5,0x73,0xab,0x13,0xc6,0x5,0x0,0xc0,0x16,0x9c,0x54,0xbd,
  0x7a,0xba,0xcd,0x6,0x0,0xa0,0x4,0x74,0x0,0x0,0x0,0x56,0xd4,0x2f,0x57,0x7f,
  0x50,0x1d,0x3b,0x2e,0x0,0x0,0xb6,0xe1,0x62,0xd3,0x6d,0x36,0x77,0x1d,0x17,0x0,
  0xc0,0x66,0x12,0xd0,0x1,0x0,0x0,0x58,0x25,0xc7,0x4e,0xe1,0xfc,0x31,0xe3,0x2,
  0x0,0xe0,0x28,0x9d,0x30,0xdd,0x6a,0xf3,0x63,0xe3,0x2,0x0,0xd8,0x3c,0x2,0x3a,
  0x0,0x0,0x0,0xab,0xe2,0xfc,0xde,0xdc,0x6,0x0,0x76,0xc9,0xb9,0xbf,0xa4,0xf7,
  0xeb,0xe3,0x2,0x0,0xd8,0x2c,0xfb,0xf6,0xef,0xdf,0x3f,0xce,0x0,0x0,0x0,0x60,
  0xd7,0xed,0xdb,0xb7,0x6f,0x1c,0x1d,0xce,0x45,0xa6,0x78,0x7e,0xbb,0x71,0x1,0x0,
  0xb0,0xc3,0x9e,0x54,0x3d,0xa4,0xf2,0xe6,0xf9,0x8a,0xd2,0x3d,0x0,0x98,0x87,0x80,
  0xe,0x0,0x0,0xc0,0x42,0x6c,0x23,0xa0,0x5f,0xaa,0xfa,0x9b,0xea,0x26,0xe3,0x2,
  0x0,0x60,0x97,0x3c,0xbd,0x7a,0x40,0x75,0xe6,0xb8,0x60,0xf9,0xe9,0x1e,0x0,0xcc,
  0x43,0x40,0x7,0x0,0x0,0x60,0x21,0xb6,0x18,0xd0,0x4f,0xaa,0x5e,0x52,0x5d,0x6b,
  0x5c,0x0,0x0,0xec,0xb2,0xe7,0x57,0xf7,0xae,0xbe,0x34,0x2e,0x58,0x6e,0xba,0x7,
  0x0,0xf3,0x10,0xd0,0x1,0x0,0x0,0x58,0x88,0x2d,0x4,0xf4,0xab,0x54,0x2f,0xab,
  0xae,0x30,0x2e,0x0,0x0,0xf6,0xc8,0xab,0xaa,0xbb,0x55,0xa7,0x8f,0xb,0x96,0x97,
  0xee,0x1,0xc0,0x3c,0x8e,0x19,0x7,0x0,0x0,0x0,0xb0,0x4,0x4e,0xa9,0x5e,0x2f,
  0x9e,0x3,0x0,0xb,0x76,0x9b,0xea,0xe5,0xd3,0x23,0x65,0x0,0x80,0xd,0x20,0xa0,
  0x3,0x0,0x0,0xb0,0x6c,0xbe,0xb5,0x7a,0x6d,0x75,0xe2,0xb8,0x0,0x0,0x58,0x80,
  0x1b,0x4d,0xdf,0x9b,0x9c,0x34,0x2e,0x0,0x80,0xf5,0x23,0xa0,0x3,0x0,0x0,0xb0,
  0x4c,0x6e,0x59,0xbd,0xb8,0xba,0xc8,0xb8,0x0,0x0,0x58,0xa0,0xab,0x4f,0xd7,0xb9,
  0x9f,0x3c,0x2e,0x0,0x80,0xf5,0x22,0xa0,0x3,0x0,0x0,0xb0,0x2c,0x6e,0x37,0xc5,
  0xf3,0xb,0x8d,0xb,0x0,0x80,0x25,0x70,0xe5,0xea,0xd5,0xd5,0x95,0xc6,0x5,0x0,
  0xb0,0x3e,0x4,0x74,0x0,0x0,0x0,0x96,0xc1,0x9d,0xaa,0x17,0x54,0x27,0x8c,0xb,
  0x0,0x80,0x25,0xf2,0xcd,0x53,0x44,0xbf,0xca,0xb8,0x0,0x0,0xd6,0x83,0x80,0xe,
  0x0,0x0,0xc0,0xa2,0xdd,0xb9,0x7a,0xbe,0x78,0xe,0x0,0xac,0x88,0x93,0xa6,0x88,
  0x7e,0x8d,0x71,0x1,0x0,0xac,0x3e,0x1,0x1d,0x0,0x0,0x80,0x45,0xba,0x5b,0xf5,
  0xbc,0xea,0xbc,0xe3,0x2,0x0,0x60,0x89,0x5d,0x76,0x7a,0x26,0xfa,0x75,0xc6,0x5,
  0x0,0xb0,0xda,0x4,0x74,0x0,0x0,0x0,0x16,0xe5,0x9e,0xd5,0x5f,0x54,0xc7,0x8f,
  0xb,0x0,0x80,0x15,0xf0,0x4d,0xd5,0x2b,0xaa,0xeb,0x8d,0xb,0x0,0x60,0x75,0xed,
  0xdb,0xbf,0x7f,0xff,0x38,0x3,0x0,0x0,0x58,0x4b,0xfb,0xf6,0xed,0x1b,0x47,0x2c,
  0xce,0xf7,0x55,0xcf,0xac,0x8e,0x1d,0x17,0x0,0x0,0x2b,0xe6,0x33,0xd5,0xed,0xab,
  0x77,0x8e,0xb,0x16,0x43,0xf7,0x0,0x60,0x1e,0x4e,0xa0,0x3,0x0,0x0,0xb0,0xd7,
  0xee,0x56,0x3d,0x5d,0x3c,0x7,0x0,0xd6,0xc4,0xc5,0xab,0x97,0xba,0xce,0x1d,0x0,
  0xd6,0x83,0x80,0xe,0x0,0x0,0xc0,0x5e,0xfa,0xae,0xe9,0xda,0xf6,0xe3,0xc6,0x5,
  0x0,0xc0,0xa,0xbb,0x54,0xf5,0xb2,0xea,0x1a,0xe3,0x2,0x0,0x58,0x2d,0x2,0x3a,
  0x0,0x0,0x0,0x7b,0xe5,0xdb,0xab,0xe7,0x78,0xe6,0x39,0x0,0xb0,0xa6,0xce,0x7d,
  0x26,0xfa,0xd5,0xc6,0x5,0x0,0xb0,0x3a,0x4,0x74,0x0,0x0,0x0,0xf6,0xc2,0xed,
  0xab,0xe7,0x56,0xe7,0x1d,0x17,0x0,0x0,0x6b,0xe4,0x32,0xd3,0x49,0xf4,0x2b,0x8e,
  0xb,0x0,0x60,0x35,0x8,0xe8,0x0,0x0,0x0,0xec,0xb6,0x5b,0x56,0xcf,0xaf,0x4e,
  0x18,0x17,0x0,0x0,0x6b,0xe8,0xf2,0xd5,0x2b,0xab,0x2b,0x8c,0xb,0x0,0x60,0xf9,
  0x9,0xe8,0x0,0x0,0x0,0xec,0xa6,0x6f,0xab,0x5e,0x24,0x9e,0x3,0x0,0x1b,0xe6,
  0xa,0xd3,0x75,0xee,0x27,0x8d,0xb,0x0,0x60,0xb9,0x9,0xe8,0x0,0x0,0x0,0xec,
  0x96,0x1b,0x56,0x2f,0xac,0x2e,0x38,0x2e,0x0,0x0,0x36,0xc0,0x95,0xa6,0xeb,0xdc,
  0x4f,0x1c,0x17,0x0,0xc0,0xf2,0x12,0xd0,0x1,0x0,0x0,0xd8,0xd,0x57,0xaf,0xfe,
  0xb6,0xba,0xc8,0xb8,0x0,0x0,0xd8,0x20,0xbe,0x27,0x2,0x80,0x15,0x23,0xa0,0x3,
  0x0,0x0,0xb0,0xd3,0x4e,0xae,0x5e,0xea,0xb4,0x15,0x0,0x40,0x4d,0xb7,0xf2,0x3c,
  0xbf,0x3a,0xff,0xb8,0x0,0x0,0x96,0x8f,0x80,0xe,0x0,0x0,0xc0,0x4e,0x3a,0xb1,
  0x7a,0xc9,0x14,0xd1,0x1,0x0,0x98,0xb9,0x55,0xf5,0xec,0xea,0xb8,0x71,0x1,0x0,
  0x2c,0x17,0x1,0x1d,0x0,0x0,0x80,0x9d,0x72,0xe1,0xe9,0x8a,0xd2,0x6b,0x8c,0xb,
  0x0,0x0,0xba,0x4b,0xf5,0x34,0xef,0xcb,0x3,0xc0,0x72,0xf3,0x85,0x1a,0x0,0x0,
  0x80,0x9d,0x70,0xfe,0xea,0x5,0xd3,0x15,0xa5,0x0,0x0,0x1c,0xdc,0x7d,0xaa,0xdf,
  0x1f,0x87,0x0,0xc0,0xf2,0x10,0xd0,0x1,0x0,0x0,0x98,0xd7,0x71,0xd5,0x5f,0x4e,
  0x57,0x93,0x2,0x0,0x70,0x78,0x3f,0x56,0xfd,0xda,0x38,0x4,0x0,0x96,0x83,0x80,
  0xe,0x0,0x0,0xc0,0x3c,0xf6,0x55,0x7f,0x52,0x7d,0xd7,0xb8,0x0,0x0,0xe0,0x90,
  0xfe,0x47,0xf5,0x93,0xe3,0x10,0x0,0x58,0x3c,0x1,0x1d,0x0,0x0,0x80,0x79,0x3c,
  0xb6,0xba,0xef,0x38,0x4,0x0,0xe0,0x88,0x7e,0xa7,0xfa,0xfe,0x71,0x8,0x0,0x2c,
  0xd6,0xbe,0xfd,0xfb,0xf7,0x8f,0x33,0x0,0x0,0x80,0xb5,0xb4,0x6f,0xdf,0xbe,0x71,
  0xc4,0x7c,0x1e,0x5e,0xfd,0xde,0x38,0x4,0xd8,0x21,0x9f,0xaf,0x4e,0xab,0x3e,0x3b,
  0x7d,0x7c,0x61,0xfa,0x38,0xa3,0xfa,0xe2,0xf4,0x71,0xc6,0x34,0xab,0x3a,0x7d,0xf8,
  0xfb,0x5f,0x99,0xf6,0x55,0x27,0x4c,0x8f,0x9b,0x38,0xd7,0xb1,0xd5,0x5,0xa7,0x3f,
  0x5f,0xa4,0x3a,0x6f,0x75,0xbe,0xea,0xc2,0xd3,0x9f,0xcf,0x5f,0x5d,0xac,0xba,0xe8,
  0x1,0x1f,0x27,0x1c,0xf0,0xf7,0x1,0x76,0xca,0x99,0xd5,0x77,0x54,0xaf,0x1c,0x17,
  0x1c,0x3d,0xdd,0x3,0x80,0x79,0x8,0xe8,0x0,0x0,0xc0,0xc6,0x10,0xd0,0x77,0xd4,
  0xbd,0xaa,0x67,0xba,0xd9,0xc,0xd8,0x86,0xaf,0x56,0x1f,0x9e,0x3e,0x3e,0x5e,0x7d,
  0xac,0xfa,0x64,0x75,0x6a,0xf5,0xa9,0xea,0xa3,0xd3,0xe7,0xd3,0xa6,0x8f,0xb3,0xc7,
  0x7f,0xc0,0x82,0x1d,0x7f,0x40,0x4c,0xff,0xa6,0xea,0xc4,0xea,0xd2,0x7,0x7c,0xbe,
  0x54,0x75,0xd9,0xea,0xa4,0xea,0x32,0xfe,0xfb,0x8,0x6c,0xc3,0xe7,0xaa,0x5b,0x55,
  0xef,0x1a,0x17,0x1c,0x1d,0xdd,0x3,0x80,0x79,0x8,0xe8,0x0,0x0,0xc0,0xc6,0x10,
  0xd0,0x77,0xcc,0xad,0xaa,0x97,0x4e,0xa7,0x34,0x1,0xce,0x75,0x66,0xf5,0xc1,0xea,
  0x5f,0xab,0xf,0x54,0xff,0x5e,0xfd,0xe7,0xf4,0xf1,0xa1,0x29,0x9a,0x9f,0x33,0xfe,
  0xa5,0x35,0x75,0xdc,0x14,0xd3,0x4f,0xae,0x2e,0x3f,0x7d,0x7c,0x73,0x75,0xd5,0xea,
  0x2a,0x53,0x64,0x3f,0x76,0xfc,0x4b,0xc0,0x46,0x3b,0xb5,0xba,0xd9,0xf4,0xdf,0x4c,
  0xe6,0xa4,0x7b,0x0,0x30,0xf,0x1,0x1d,0x0,0x0,0xd8,0x18,0x2,0xfa,0x8e,0xb8,
  0x66,0xf5,0xba,0xea,0xe2,0xe3,0x2,0xd8,0x18,0xa7,0x56,0xef,0x9b,0x3e,0xfe,0x71,
  0xa,0xe6,0xef,0x9f,0xa2,0xcf,0xb2,0x9d,0x1a,0x5f,0x56,0xc7,0x57,0x57,0x9e,0x3e,
  0xae,0x32,0xfd,0xb7,0xf5,0x5a,0xd5,0xb5,0xa7,0xab,0xe3,0x81,0xcd,0xf4,0x9e,0xea,
  0x96,0x7,0x79,0x24,0x5,0xdb,0xa4,0x7b,0x0,0x30,0xf,0x1,0x1d,0x0,0x0,0xd8,
  0x18,0x2,0xfa,0xdc,0x2e,0x5d,0xbd,0x71,0x3a,0x45,0x9,0xac,0xbf,0xd3,0xa6,0xeb,
  0x84,0xdf,0x79,0x40,0x30,0x7f,0xef,0x34,0x67,0xf7,0x5c,0x76,0x8a,0xe9,0xd7,0xaa,
  0xae,0x53,0x5d,0xaf,0x3a,0x65,0x7a,0x2e,0x3b,0xb0,0xfe,0x5e,0x5e,0xdd,0x79,0xba,
  0xd5,0x83,0xa3,0xa4,0x7b,0x0,0x30,0xf,0x1,0x1d,0x0,0x0,0xd8,0x18,0x2,0xfa,
  0x5c,0x2e,0x50,0xbd,0xaa,0xfa,0x96,0x71,0x1,0xac,0x85,0x4f,0x56,0x6f,0xab,0xde,
  0x5e,0xbd,0xa3,0xfa,0xfb,0xe9,0xa,0x76,0x96,0xc3,0xb1,0xd5,0xd5,0xaa,0x1b,0x55,
  0x37,0xac,0x6e,0x30,0xfd,0xf7,0xf8,0x82,0xe3,0xb,0x81,0xb5,0xf0,0xb4,0xea,0xfe,
  0xe3,0x90,0xad,0xd3,0x3d,0x0,0x98,0x87,0x80,0xe,0x0,0x0,0x6c,0xc,0x1,0xfd,
  0xa8,0x1d,0x53,0x3d,0xa7,0xfa,0xde,0x71,0x1,0xac,0xa4,0xaf,0x56,0xef,0xae,0xde,
  0x74,0xc0,0xc7,0x7,0xc6,0x17,0xb1,0xf4,0x8e,0x9d,0x4e,0xa8,0xdf,0x6c,0xfa,0xb8,
  0xf9,0x14,0xd9,0x7d,0xb1,0x83,0xf5,0xf0,0xa8,0xea,0x37,0xc6,0x21,0x5b,0xa3,0x7b,
  0x0,0x30,0xf,0x1,0x1d,0x0,0x0,0xd8,0x18,0x2,0xfa,0x51,0xfb,0xdf,0xd5,0xcf,
  0x8c,0x43,0x60,0x65,0x7c,0xa1,0x7a,0x7d,0xf5,0x9a,0xe9,0xe3,0x6d,0xd5,0x57,0xc6,
  0x17,0xb1,0x16,0x2e,0x32,0x85,0xf4,0x5b,0x57,0xb7,0x9a,0x4e,0xa9,0x1f,0x3f,0xbe,
  0x8,0x58,0x9,0xfb,0xab,0x7b,0x4d,0xbf,0xc4,0xc8,0x36,0xe9,0x1e,0x0,0xcc,0x43,
  0x40,0x7,0x0,0x0,0x36,0x86,0x80,0x7e,0x54,0x1e,0x5c,0x3d,0x69,0x1c,0x2,0x4b,
  0xed,0x73,0x53,0x28,0x7f,0x75,0xf5,0xda,0xe9,0x5a,0xf6,0xb3,0xc6,0x17,0xb1,0x11,
  0x4e,0x38,0x20,0xa8,0xdf,0xba,0xba,0x69,0x75,0xde,0xf1,0x45,0xc0,0xd2,0xfa,0xf2,
  0xf4,0xcb,0x30,0x6f,0x1b,0x17,0x1c,0x9e,0xee,0x1,0xc0,0x3c,0x4,0x74,0x0,0x0,
  0x60,0x63,0x8,0xe8,0xdb,0x76,0x87,0xea,0x6f,0xab,0xf3,0x8c,0xb,0x60,0xa9,0x9c,
  0x5d,0xbd,0xa5,0xfa,0xbb,0xe9,0xe3,0xcd,0xd3,0x35,0xed,0x30,0xba,0xc0,0x14,0xd2,
  0xef,0x38,0x7d,0x5c,0x7b,0x7c,0x1,0xb0,0x74,0x4e,0x9d,0x7e,0xf9,0xe5,0xc3,0xe3,
  0x82,0x43,0xd3,0x3d,0x0,0x98,0x87,0x80,0xe,0x0,0x0,0x6c,0xc,0x1,0x7d,0x5b,
  0xae,0x36,0x3d,0x17,0xf9,0x62,0xe3,0x2,0x58,0xa,0xa7,0x56,0x2f,0xa8,0x5e,0x52,
  0xbd,0xb2,0x3a,0x6d,0x7c,0x1,0x6c,0xc1,0xe5,0xa6,0x5f,0x96,0xba,0x4b,0x75,0xa7,
  0xe9,0xa,0x78,0x60,0xf9,0xbc,0xb3,0xba,0xe5,0xf4,0x48,0xe,0xb6,0x40,0xf7,0x0,
  0x60,0x1e,0x2,0x3a,0x0,0x0,0xb0,0x31,0x4,0xf4,0x2d,0xbb,0xd8,0x74,0x82,0xf5,
  0xaa,0xe3,0x2,0x58,0x98,0x73,0xaa,0xb7,0x56,0x2f,0x9c,0x3e,0xde,0x31,0x3d,0x1f,
  0x17,0x76,0xca,0x71,0xd5,0x2d,0xa6,0x98,0x7e,0x97,0xea,0x1a,0xe3,0xb,0x80,0x85,
  0x7a,0x41,0xf5,0xbd,0xd3,0xad,0x23,0x1c,0x81,0xee,0x1,0xc0,0x3c,0x4,0x74,0x0,
  0x0,0x60,0x63,0x8,0xe8,0x5b,0x72,0x9e,0xea,0xc5,0xd5,0xed,0xc7,0x5,0xb0,0xe7,
  0xce,0xa8,0x5e,0x5e,0xfd,0x55,0xf5,0x37,0xd5,0x27,0xc6,0x17,0xc0,0x2e,0xba,0x72,
  0xf5,0x3d,0xd5,0x3d,0xa7,0xeb,0xa3,0x8f,0x19,0x5f,0x0,0xec,0xb9,0xdf,0xa9,0x7e,
  0x76,0x1c,0xf2,0x8d,0x74,0xf,0x0,0xe6,0x21,0xa0,0x3,0x0,0x0,0x1b,0x43,0x40,
  0xdf,0x92,0xdf,0xab,0x1e,0x3e,0xe,0x81,0x3d,0xf3,0xe5,0xe9,0x97,0x58,0x9e,0x3b,
  0x9d,0x36,0x3c,0x7d,0x7c,0x1,0x2c,0xc0,0xe5,0xa6,0x93,0xaf,0xf7,0x98,0xae,0x91,
  0x3e,0x76,0x7c,0x1,0xb0,0x67,0xee,0x57,0xfd,0xe9,0x38,0xe4,0xeb,0xe9,0x1e,0x0,
  0xcc,0x43,0x40,0x7,0x0,0x0,0x36,0x86,0x80,0x7e,0x44,0x3f,0x5c,0x3d,0x6d,0x1c,
  0x2,0xbb,0xee,0x8c,0xea,0x45,0xd5,0x33,0xab,0xbf,0xf5,0x8c,0x5b,0x96,0xdc,0x89,
  0x53,0x4c,0xbf,0xf7,0x14,0xd3,0x9d,0x4c,0x87,0xbd,0xf5,0x95,0xea,0xd6,0xd5,0x5b,
  0xc6,0x5,0x5f,0xa3,0x7b,0x0,0x30,0xf,0x1,0x1d,0x0,0x0,0xd8,0x18,0x2,0xfa,
  0x61,0xdd,0xb8,0x7a,0x4d,0x75,0xbe,0x71,0x1,0xec,0x8a,0x73,0xaa,0x57,0x55,0xcf,
  0x98,0xae,0x68,0x3f,0x6d,0x7c,0x1,0xac,0x80,0xcb,0x57,0x3f,0x50,0xdd,0xa7,0xba,
  0xfe,0xb8,0x4,0x76,0xcd,0xa9,0xd3,0xf7,0x6e,0xa7,0x8e,0xb,0x66,0x74,0xf,0x0,
  0xe6,0x21,0xa0,0x3,0x0,0x0,0x1b,0x43,0x40,0x3f,0xa4,0x6f,0xaa,0xde,0x56,0x9d,
  0x34,0x2e,0x80,0x1d,0xf7,0xae,0xe9,0xea,0xdd,0xbf,0x10,0x3e,0x58,0x33,0xd7,0x9a,
  0x42,0xfa,0x7d,0xab,0x93,0xc7,0x25,0xb0,0xe3,0xde,0x54,0xdd,0x66,0xba,0xc5,0x84,
  0x81,0xee,0x1,0xc0,0x3c,0x4,0x74,0x0,0x0,0x60,0x63,0x8,0xe8,0x7,0x75,0x5c,
  0xf5,0xca,0xea,0xdb,0xc6,0x5,0xb0,0x63,0x3e,0x3d,0x9d,0x34,0x7f,0x6a,0xf5,0x8e,
  0x71,0x9,0x6b,0xe6,0x98,0xea,0xf6,0xd3,0x73,0x9a,0xef,0xee,0x66,0x13,0xd8,0x55,
  0x4f,0xae,0x7e,0x74,0x1c,0x22,0xa0,0x3,0x30,0x1f,0x1,0x1d,0x0,0x0,0xd8,0x18,
  0x2,0xfa,0x41,0x3d,0xa9,0x7a,0xf0,0x38,0x4,0xe6,0x76,0x4e,0xf5,0x92,0xea,0x69,
  0xd5,0xff,0x73,0x42,0x90,0xd,0x75,0xb1,0xe9,0x8a,0xf7,0xfb,0x4f,0xd7,0x4d,0x3,
  0x3b,0xef,0x47,0xa7,0x90,0xce,0x1,0x74,0xf,0x0,0xe6,0x21,0xa0,0x3,0x0,0x0,
  0x1b,0x43,0x40,0xff,0x6,0x3f,0x5a,0xfd,0xd1,0x38,0x4,0xe6,0xf2,0xb1,0xea,0x29,
  0xd3,0xff,0x6f,0x7d,0x68,0x5c,0xc2,0x6,0xbb,0x61,0xf5,0xdf,0xa7,0x6b,0xde,0x2f,
  0x38,0x2e,0x81,0xa3,0x76,0x46,0x75,0xdb,0xea,0x8d,0xe3,0x62,0x93,0xe9,0x1e,0x0,
  0xcc,0x43,0x40,0x7,0x0,0x0,0x36,0x86,0x80,0xfe,0x75,0x6e,0x52,0xbd,0xa6,0x3a,
  0xef,0xb8,0x0,0xb6,0x6d,0x7f,0xf5,0xaa,0xea,0xf,0xab,0xbf,0xae,0xce,0x1c,0x5f,
  0x0,0xfc,0x97,0x8b,0x54,0x3f,0x34,0xdd,0x7e,0x72,0x9d,0x71,0x9,0x1c,0x95,0x8f,
  0x54,0x37,0xa8,0x3e,0x39,0x2e,0x36,0x95,0xee,0x1,0xc0,0x3c,0x4,0x74,0x0,0x0,
  0x60,0x63,0x8,0xe8,0xff,0xe5,0x12,0xd5,0xdf,0x57,0x27,0x8f,0xb,0x60,0x5b,0xbe,
  0x30,0x3d,0xd7,0xfc,0xf,0xaa,0x7f,0x1a,0x97,0xc0,0x11,0xdd,0xb2,0xfa,0x89,0xe9,
  0x59,0xe9,0xe7,0x19,0x97,0xc0,0xb6,0xbc,0xbc,0xfa,0xf6,0xea,0xec,0x71,0xb1,0x89,
  0x74,0xf,0x0,0xe6,0x21,0xa0,0x3,0x0,0x0,0x1b,0x43,0x40,0xaf,0xea,0x98,0xea,
  0x5,0xd5,0x9d,0xc7,0x5,0xb0,0x65,0x1f,0xaa,0x9e,0x50,0xfd,0x71,0x75,0xda,0xb8,
  0x4,0xb6,0xed,0xe4,0xea,0xa1,0xd5,0x83,0xaa,0x8b,0x8e,0x4b,0x60,0xcb,0x7e,0xb5,
  0x7a,0xcc,0x38,0xdc,0x44,0xba,0x7,0x0,0xf3,0x10,0xd0,0x1,0x0,0x80,0x8d,0x21,
  0xa0,0x57,0xf5,0xe8,0xea,0x57,0xc6,0x21,0xb0,0x25,0xaf,0xaf,0x1e,0x5f,0x3d,0xb7,
  0x3a,0x6b,0x5c,0x2,0x73,0xbb,0x60,0x75,0xff,0xea,0x61,0xd5,0x55,0xc6,0x25,0x70,
  0x44,0xe7,0x54,0xdf,0x5d,0xbd,0x68,0x5c,0x6c,0x1a,0xdd,0x3,0x80,0x79,0x8,0xe8,
  0x0,0x0,0xc0,0xc6,0x10,0xd0,0xbb,0x7d,0xf5,0x92,0xea,0xd8,0x71,0x1,0x1c,0xd2,
  0x39,0xd3,0xad,0xd,0x8f,0xad,0xde,0x34,0x2e,0x81,0x5d,0x71,0x4c,0x75,0xd7,0xea,
  0x17,0xaa,0x9b,0x8d,0x4b,0xe0,0xb0,0x3e,0x5d,0xdd,0x70,0xba,0x2d,0x65,0x63,0xe9,
  0x1e,0x0,0xcc,0x43,0x40,0x7,0x0,0x0,0x36,0xc6,0x86,0x7,0xf4,0xcb,0x55,0xef,
  0xa8,0x2e,0x35,0x2e,0x80,0x83,0x3a,0xb3,0x7a,0x46,0xf5,0xdb,0xd5,0xfb,0xc6,0x25,
  0xb0,0x67,0x6e,0x33,0x85,0xf4,0x6f,0xaf,0x36,0xfa,0xb,0x39,0x6c,0xc3,0x5b,0xaa,
  0x5b,0x55,0x67,0x8c,0x8b,0x4d,0xa1,0x7b,0x0,0x30,0x8f,0x63,0xc6,0x1,0x0,0x0,
  0x0,0x6b,0xe7,0xb8,0xea,0x59,0xe2,0x39,0x6c,0xc9,0x97,0xaa,0xc7,0x4d,0xd7,0x47,
  0xdf,0x5f,0x3c,0x87,0x85,0x7b,0x55,0xf5,0x9d,0xd3,0x89,0xda,0x67,0x4d,0xb7,0x42,
  0x0,0x87,0x77,0x93,0xea,0x7f,0x8f,0x43,0x0,0x60,0x6b,0x9c,0x40,0x7,0x0,0x0,
  0x36,0xc6,0x6,0x9f,0x40,0xff,0xdd,0xea,0xa7,0xc6,0x21,0xf0,0x75,0xbe,0x58,0xfd,
  0xc1,0x14,0x1c,0x3e,0x31,0x2e,0x81,0xa5,0x71,0x8d,0xea,0xd1,0xd5,0xf7,0x7b,0x24,
  0x9,0x1c,0xd1,0xbd,0xa7,0x5f,0x3c,0xd9,0x38,0xba,0x7,0x0,0xf3,0x10,0xd0,0x1,
  0x0,0x80,0x8d,0xb1,0xa1,0x1,0xfd,0xbb,0xaa,0xe7,0xbb,0xf6,0x16,0xe,0xe9,0xb,
  0x7,0x84,0xf3,0x4f,0x8e,0x4b,0x60,0x69,0x5d,0x7d,0xa,0xe9,0x3f,0x20,0xa4,0xc3,
  0x21,0x7d,0x6e,0xba,0xbd,0xe1,0x5f,0xc7,0xc5,0xba,0xd3,0x3d,0x0,0x98,0x87,0x80,
  0xe,0x0,0x0,0x6c,0x8c,0xd,0xc,0xe8,0x97,0xad,0xde,0xe9,0xea,0x76,0x38,0xa8,
  0x2f,0x55,0x4f,0xa8,0x7e,0x47,0x38,0x87,0x95,0x76,0xb5,0x29,0xa4,0xdf,0xc7,0xe3,
  0x2a,0xe1,0xa0,0xde,0x5a,0x7d,0x5b,0xf5,0xd5,0x71,0xb1,0xce,0x74,0xf,0x0,0xe6,
  0xe1,0x9b,0x4a,0x0,0x0,0x80,0xf5,0x74,0x4c,0xf5,0x67,0xe2,0x39,0x7c,0x83,0xaf,
  0x56,0x4f,0x9a,0x9e,0x71,0xfe,0x8,0xf1,0x1c,0x56,0xde,0xbf,0x54,0xf7,0xad,0xae,
  0x37,0xdd,0xb8,0x2,0x7c,0xbd,0x1b,0x57,0xbf,0x3e,0xe,0x1,0x80,0x43,0x13,0xd0,
  0x1,0x0,0x0,0xd6,0xd3,0x23,0xaa,0xdb,0x8d,0x43,0xd8,0x60,0xe7,0x4c,0xbf,0x54,
  0x72,0xcd,0xea,0xc7,0xab,0x8f,0x8e,0x2f,0x0,0x56,0xda,0x7b,0xab,0xef,0xa9,0xbe,
  0xb5,0x7a,0xf5,0xb8,0x84,0xd,0xf7,0xb3,0xd5,0x9d,0xc6,0x21,0x0,0x70,0x70,0xae,
  0x70,0x7,0x0,0x0,0x36,0xc6,0x6,0x5d,0xe1,0x7e,0xf3,0xea,0x35,0xd5,0x79,0xc6,
  0x5,0x6c,0xa8,0xbf,0xa9,0x1e,0x39,0x5,0x36,0x60,0x33,0xdc,0xa9,0xfa,0x8d,0xe9,
  0xf9,0xcf,0x40,0x7d,0xbc,0xba,0x7e,0xf5,0xb1,0x71,0xb1,0x8e,0x74,0xf,0x0,0xe6,
  0xe1,0x4,0x3a,0x0,0x0,0xc0,0x7a,0xb9,0x68,0xf5,0xc,0xf1,0x1c,0xaa,0x7a,0x57,
  0x75,0x87,0xea,0xbb,0xc5,0x73,0xd8,0x38,0x2f,0x9d,0xae,0xae,0xfe,0x6f,0xd5,0x7f,
  0x8e,0x4b,0xd8,0x40,0xdf,0x54,0xfd,0x69,0xb5,0x31,0xbf,0x51,0xa,0x0,0x47,0x4b,
  0x40,0x7,0x0,0x0,0x58,0x2f,0x7f,0x54,0x7d,0xf3,0x38,0x84,0xd,0x73,0x6a,0xf5,
  0x80,0xe9,0xe4,0xe9,0xcb,0xc7,0x25,0xb0,0x31,0xce,0x7d,0x74,0xc3,0xd5,0xab,0x5f,
  0xac,0xbe,0x30,0xbe,0x0,0x36,0xcc,0x9d,0xa6,0xeb,0xdc,0x1,0x80,0xc3,0x70,0x85,
  0x3b,0x0,0x0,0xb0,0x31,0x36,0xe0,0xa,0xf7,0x7,0x55,0x4f,0x1e,0x87,0xb0,0x41,
  0xbe,0x54,0xfd,0xf6,0xf4,0xf1,0xc5,0x71,0x9,0x6c,0xbc,0x4b,0x57,0xbf,0x5e,0xdd,
  0xcf,0xc1,0x22,0x36,0xd8,0x57,0xab,0x6f,0xab,0xde,0x3a,0x2e,0xd6,0x89,0xee,0x1,
  0xc0,0x3c,0x4,0x74,0x0,0x0,0x60,0x63,0xac,0x79,0x40,0xbf,0x72,0xf5,0x8e,0xea,
  0x42,0xe3,0x2,0x36,0xc4,0xb3,0xa7,0x53,0x75,0x1f,0x1a,0x17,0x0,0x83,0x6f,0xa9,
  0x9e,0x50,0xdd,0x6c,0x5c,0xc0,0x86,0xf8,0xa7,0xea,0x46,0xd3,0x2f,0x9e,0xad,0x25,
  0xdd,0x3,0x80,0x79,0xf8,0x4d,0x4b,0x0,0x0,0x80,0xd5,0x77,0xec,0xf4,0x4c,0x4b,
  0xf1,0x9c,0x4d,0xf4,0xde,0xea,0x76,0xd5,0xbd,0xc4,0x73,0x60,0x8b,0xde,0x56,0x7d,
  0x6b,0xf5,0xc0,0xea,0x93,0xe3,0x12,0x36,0xc0,0x35,0xaa,0xdf,0x1c,0x87,0x0,0xc0,
  0x8c,0x80,0xe,0x0,0x0,0xb0,0xfa,0x7e,0x6e,0xba,0x8a,0x13,0x36,0xc9,0xe7,0xa6,
  0x13,0xe7,0x37,0xac,0x5e,0x39,0x2e,0x1,0x8e,0x60,0x7f,0xf5,0x94,0xea,0x6a,0xd5,
  0xe3,0xab,0xb3,0xc6,0x17,0xc0,0x9a,0x7b,0x48,0x75,0xc7,0x71,0x8,0x0,0xb8,0xc2,
  0x1d,0x0,0x0,0xd8,0x20,0x6b,0x7a,0x85,0xfb,0xd,0xaa,0x37,0x55,0xc7,0x8f,0xb,
  0x58,0x63,0x7f,0x51,0xfd,0x54,0xf5,0xd1,0x71,0x1,0x70,0x94,0xae,0x57,0xfd,0xa1,
  0x6b,0xdd,0xd9,0x30,0x1f,0xa9,0x4e,0xa9,0x3e,0x3b,0x2e,0x56,0x9d,0xee,0x1,0xc0,
  0x3c,0x9c,0x40,0x7,0x0,0x0,0x58,0x5d,0xe7,0xab,0xfe,0x4c,0x3c,0x67,0x83,0x7c,
  0xb0,0xba,0x73,0xf5,0x3,0xe2,0x39,0xb0,0xc3,0xde,0x35,0xdd,0xe6,0xf2,0x90,0xea,
  0xf4,0x71,0x9,0x6b,0xea,0x72,0xd5,0x93,0xc6,0x21,0x0,0x6c,0x3a,0x1,0x1d,0x0,
  0x0,0x60,0x75,0xfd,0x7a,0x75,0xed,0x71,0x8,0x6b,0xe8,0xab,0xd5,0x6f,0x55,0xd7,
  0xa9,0xfe,0x76,0x5c,0x2,0xec,0x90,0x73,0xaa,0x3f,0xa8,0xae,0x59,0xfd,0xe5,0xb8,
  0x84,0x35,0xf5,0xfd,0xd5,0xbd,0xc7,0x21,0x0,0x6c,0x32,0x57,0xb8,0x3,0x0,0x0,
  0x1b,0x63,0xcd,0xae,0x70,0xbf,0x6d,0xf5,0x32,0xbf,0x18,0xcd,0x6,0x78,0x4b,0xf5,
  0x23,0xd5,0xbb,0xc7,0x5,0xc0,0x2e,0xbb,0xf3,0x74,0x3a,0xf7,0xe4,0x71,0x1,0x6b,
  0xe6,0xb3,0xd5,0x75,0xab,0xf,0x8f,0x8b,0x55,0xa5,0x7b,0x0,0x30,0xf,0x6f,0xb4,
  0x0,0x0,0x0,0xac,0x9e,0xb,0x57,0x4f,0xf5,0x33,0x1d,0x6b,0xee,0x2b,0xd5,0x2f,
  0x54,0xdf,0x2a,0x9e,0x3,0xb,0xf2,0xa2,0xe9,0xe6,0x8b,0x3f,0xaa,0xd4,0x38,0xd6,
  0xd9,0xc5,0xaa,0x3f,0xa9,0xd6,0xea,0xb7,0x4d,0x1,0xe0,0x68,0x79,0xb3,0x5,0x0,
  0x0,0x60,0xf5,0xfc,0x56,0x75,0x85,0x71,0x8,0x6b,0xe4,0xf5,0xd5,0xd,0xa6,0x7f,
  0xd7,0xcf,0x1e,0x97,0x0,0x7b,0xe8,0xf3,0xd5,0x83,0xab,0x3b,0x56,0x1f,0x1c,0x97,
  0xb0,0x46,0xee,0x54,0x3d,0x70,0x1c,0x2,0xc0,0x26,0x72,0x85,0x3b,0x0,0x0,0xb0,
  0x31,0xd6,0xe4,0xa,0xf7,0xdb,0x56,0x2f,0x77,0x42,0x88,0x35,0xf5,0xc5,0xea,0x7f,
  0x54,0x4f,0x98,0x9e,0x45,0xc,0xb0,0x4c,0x2e,0x58,0xfd,0x5a,0xf5,0x50,0x7,0x93,
  0x58,0x53,0xa7,0x57,0xd7,0xae,0x3e,0x32,0x2e,0x56,0x8d,0xee,0x1,0xc0,0x3c,0x4,
  0x74,0x0,0x0,0x60,0x63,0xac,0x41,0x40,0xbf,0x40,0xf5,0x9e,0xea,0x8a,0xe3,0x2,
  0xd6,0xc0,0x9b,0xab,0xfb,0x56,0xef,0x1f,0x17,0x0,0x4b,0xe6,0xb6,0xd3,0xa3,0x54,
  0xdc,0x6,0xc3,0x3a,0x7a,0x51,0x75,0x97,0x71,0xb8,0x6a,0x74,0xf,0x0,0xe6,0xe1,
  0x37,0x25,0x1,0x0,0x0,0x56,0xc7,0xff,0x12,0xcf,0x59,0x43,0x5f,0xad,0x1e,0x53,
  0x7d,0x9b,0x78,0xe,0xac,0x88,0x57,0x56,0xd7,0xab,0xfe,0xef,0xb8,0x80,0x35,0x70,
  0xe7,0xe9,0x17,0xda,0x0,0x60,0x63,0x39,0x81,0xe,0x0,0x0,0x6c,0x8c,0x15,0x3f,
  0x81,0x7e,0x8b,0xea,0xd5,0x7e,0x11,0x9a,0x35,0xf3,0x8f,0xd5,0x7f,0xab,0xde,0x36,
  0x2e,0x0,0x56,0xc4,0x3d,0xaa,0x3f,0xaa,0x2e,0x31,0x2e,0x60,0x85,0x7d,0xa6,0xba,
  0x56,0xf5,0xf1,0x71,0xb1,0x2a,0x74,0xf,0x0,0xe6,0xe1,0x8d,0x17,0x0,0x0,0x80,
  0xe5,0x77,0xfe,0xea,0x4f,0xfc,0xc,0xc7,0x1a,0xd9,0x5f,0xfd,0x7e,0x75,0x23,0xf1,
  0x1c,0x58,0x71,0x7f,0x55,0x5d,0xa7,0x7a,0xf1,0xb8,0x80,0x15,0x76,0xf1,0xea,0x49,
  0xe3,0x10,0x0,0x36,0x85,0x37,0x5f,0x0,0x0,0x0,0x96,0xdf,0xaf,0x54,0x57,0x1b,
  0x87,0xb0,0xa2,0x3e,0x5d,0x7d,0x4f,0xf5,0xd0,0xea,0xcb,0xe3,0x12,0x60,0x5,0x7d,
  0x6c,0xba,0xf6,0xfa,0x67,0xaa,0x33,0xc7,0x25,0xac,0xa8,0xef,0xad,0xee,0x35,0xe,
  0x1,0x60,0x13,0xb8,0xc2,0x1d,0x0,0x0,0xd8,0x18,0x2b,0x7a,0x85,0xfb,0x8d,0xab,
  0x37,0x56,0xc7,0x8e,0xb,0x58,0x41,0xaf,0xaa,0x7e,0xb0,0x3a,0x75,0x5c,0x0,0xac,
  0x89,0x1b,0x55,0xcf,0xac,0xae,0x3a,0x2e,0x60,0x5,0x7d,0x62,0xba,0xca,0xfd,0xd3,
  0xe3,0x62,0xd9,0xe9,0x1e,0x0,0xcc,0xc3,0x9,0x74,0x0,0x0,0x80,0xe5,0x75,0x9e,
  0xea,0xc9,0xe2,0x39,0x6b,0xe0,0xec,0xea,0xd1,0xd5,0x1d,0xc4,0x73,0x60,0xcd,0xbd,
  0x7d,0x8a,0xe8,0x7f,0x3e,0x2e,0x60,0x5,0x9d,0x58,0xfd,0xf6,0x38,0x4,0x80,0x75,
  0x27,0xa0,0x3,0x0,0x0,0x2c,0xaf,0x87,0x57,0xd7,0x1b,0x87,0xb0,0x62,0xfe,0xb3,
  0xba,0x4d,0xf5,0x6b,0x53,0x48,0x7,0x58,0x77,0x9f,0xaf,0xee,0x5b,0xfd,0x70,0xf5,
  0xa5,0x71,0x9,0x2b,0xe6,0x7e,0xd5,0xad,0xc7,0x21,0x0,0xac,0x33,0x57,0xb8,0x3,
  0x0,0x0,0x1b,0x63,0xc5,0xae,0x70,0xbf,0x42,0xf5,0xde,0xea,0x82,0xe3,0x2,0x56,
  0xc8,0x8b,0xa7,0x88,0xf4,0xa9,0x71,0x1,0xb0,0x21,0xae,0x53,0x3d,0xa7,0xba,0xfa,
  0xb8,0x80,0x15,0xf2,0x4f,0xd3,0x2f,0x75,0x9e,0x39,0x2e,0x96,0x95,0xee,0x1,0xc0,
  0x3c,0x9c,0x40,0x7,0x0,0x0,0x58,0x4e,0xbf,0x2f,0x9e,0xb3,0xc2,0xce,0xae,0x1e,
  0x53,0xdd,0x59,0x3c,0x7,0x36,0xdc,0x7b,0xab,0x1b,0x57,0xcf,0x1e,0x17,0xb0,0x42,
  0xae,0x51,0x3d,0x62,0x1c,0x2,0xc0,0xba,0x72,0x2,0x1d,0x0,0x0,0xd8,0x18,0x2b,
  0x74,0x2,0xfd,0x1e,0xd3,0x69,0x35,0x58,0x45,0x9f,0xaa,0x7e,0xb0,0x7a,0xe9,0xb8,
  0x0,0xd8,0x70,0xf,0x9b,0x9e,0x27,0x7d,0xfc,0xb8,0x80,0x15,0xf0,0x95,0xea,0xba,
  0xd5,0xfb,0xc7,0xc5,0x32,0xd2,0x3d,0x0,0x98,0x87,0x80,0xe,0x0,0x0,0x6c,0x8c,
  0x15,0x9,0xe8,0x17,0xae,0xde,0x57,0x5d,0x6e,0x5c,0xc0,0xa,0x78,0x7b,0x75,0xf7,
  0xea,0x43,0xe3,0x2,0x80,0xaa,0xbe,0x75,0x3a,0x8d,0x7e,0xd9,0x71,0x1,0x2b,0xe0,
  0xe5,0xd5,0x1d,0xab,0xa5,0x8f,0xa,0xba,0x7,0x0,0xf3,0x70,0x85,0x3b,0x0,0x0,
  0xc0,0x72,0xf9,0x55,0xf1,0x9c,0x15,0xf5,0xe7,0xd5,0xad,0xc4,0x73,0x80,0xc3,0x7a,
  0x43,0x75,0x93,0xea,0x4d,0xe3,0x2,0x56,0xc0,0xed,0xab,0x1f,0x1a,0x87,0x0,0xb0,
  0x6e,0x9c,0x40,0x7,0x0,0x0,0x36,0xc6,0xa,0x9c,0x40,0xbf,0xf1,0xf4,0x86,0xba,
  0x5f,0x76,0x66,0x95,0x9c,0x5d,0xfd,0x7c,0xf5,0xbb,0xe3,0x2,0x80,0x43,0x3a,0xbe,
  0x7a,0x52,0xf5,0x80,0x71,0x1,0x4b,0xee,0x93,0xd3,0x33,0xd1,0x3f,0x33,0x2e,0x96,
  0x89,0xee,0x1,0xc0,0x3c,0xbc,0x29,0x3,0x0,0x0,0xb0,0x1c,0x8e,0xa9,0x9e,0xe0,
  0xe7,0x34,0x56,0xcc,0xa7,0xab,0xef,0x14,0xcf,0x1,0xb6,0xed,0xcc,0xea,0x81,0xd5,
  0x43,0xa7,0x3f,0xc3,0xaa,0xb8,0xd4,0x74,0x63,0x12,0x0,0xac,0x2d,0x27,0xd0,0x1,
  0x0,0x80,0x8d,0xb1,0xe4,0x27,0xd0,0x1f,0x50,0xfd,0xc9,0x38,0x84,0x25,0xf6,0x9e,
  0xe9,0x79,0xe7,0x1f,0x18,0x17,0x0,0x6c,0xcb,0x6d,0xab,0xbf,0x98,0xc2,0x24,0xac,
  0x82,0xb3,0xa7,0x9b,0x93,0xde,0x31,0x2e,0x96,0x85,0xee,0x1,0xc0,0x3c,0x4,0x74,
  0x0,0x0,0x60,0x63,0x2c,0x71,0x40,0xbf,0x68,0xf5,0xcf,0xd5,0x89,0xe3,0x2,0x96,
  0xd4,0xdf,0x55,0xdf,0x57,0x9d,0x3e,0x2e,0x0,0x38,0x2a,0x57,0xa9,0x5e,0x54,0x5d,
  0x75,0x5c,0xc0,0x92,0x7a,0x5d,0x75,0xab,0x6a,0x29,0x3,0x83,0xee,0x1,0xc0,0x3c,
  0x5c,0xd,0x8,0x0,0x0,0xb0,0x78,0xff,0x53,0x3c,0x67,0x85,0x3c,0x69,0xba,0xb6,
  0x5d,0x3c,0x7,0xd8,0x39,0x1f,0x98,0x4e,0xf4,0xbe,0x62,0x5c,0xc0,0x92,0xba,0x45,
  0x75,0x9f,0x71,0x8,0x0,0xeb,0xc0,0x9,0x74,0x0,0x0,0x60,0x63,0x2c,0xe9,0x9,
  0xf4,0x6b,0x57,0xef,0xac,0xce,0x33,0x2e,0x60,0xc9,0x9c,0x5d,0xfd,0x54,0xf5,0x84,
  0x71,0x1,0xc0,0x8e,0x39,0xbe,0x7a,0x7c,0xf5,0xdf,0xc7,0x5,0x2c,0xa1,0x8f,0x56,
  0x57,0xab,0xbe,0x30,0x2e,0x16,0x4d,0xf7,0x0,0x60,0x1e,0x4e,0xa0,0x3,0x0,0x0,
  0x2c,0xd6,0xef,0x8b,0xe7,0xac,0x80,0x2f,0x4d,0xcf,0x3b,0x17,0xcf,0x1,0x76,0xd7,
  0x99,0xd5,0x83,0xab,0x47,0x2e,0xeb,0xd5,0xd8,0x70,0x80,0xcb,0x54,0xbf,0x34,0xe,
  0x1,0x60,0xd5,0x39,0x81,0xe,0x0,0x0,0x6c,0x8c,0x25,0x3c,0x81,0x7e,0xaf,0xea,
  0x2f,0xc6,0x21,0x2c,0x99,0x53,0xa7,0x78,0xfe,0xe6,0x71,0x1,0xc0,0xae,0xfa,0xc1,
  0xea,0x29,0xd3,0xa9,0x74,0x58,0x56,0x67,0x56,0xd7,0xab,0xfe,0x69,0x5c,0x2c,0x92,
  0xee,0x1,0xc0,0x3c,0x4,0x74,0x0,0x0,0x60,0x63,0x2c,0x59,0x40,0xbf,0x40,0xf5,
  0xbe,0xea,0xe4,0x71,0x1,0x4b,0xe4,0x1f,0xaa,0xef,0xa8,0x3e,0x3c,0x2e,0x0,0xd8,
  0x13,0xb7,0xab,0x9e,0x5b,0x5d,0x64,0x5c,0xc0,0x12,0x79,0xc9,0xf4,0xfd,0xc2,0xd2,
  0xd0,0x3d,0x0,0x98,0x87,0x2b,0xdc,0x1,0x0,0x0,0x16,0xe3,0x91,0xe2,0x39,0x4b,
  0xee,0xcd,0xd5,0x6d,0xc5,0x73,0x80,0x85,0x7a,0x45,0x75,0x4b,0xff,0x2d,0x66,0xc9,
  0x7d,0x7b,0x75,0xe7,0x71,0x8,0x0,0xab,0xca,0x9,0x74,0x0,0x0,0x60,0x63,0x2c,
  0xd1,0x9,0xf4,0x93,0xa7,0x6b,0x2e,0xcf,0x3f,0x2e,0x60,0x49,0x3c,0xbf,0xba,0xf7,
  0xf4,0xec,0x73,0x0,0x16,0xef,0xa4,0xea,0x45,0xd5,0x29,0xe3,0x2,0x96,0xc4,0xfb,
  0xa6,0xab,0xdc,0xcf,0x1a,0x17,0x8b,0xa0,0x7b,0x0,0x30,0xf,0x27,0xd0,0x1,0x0,
  0x0,0xf6,0xde,0x63,0xc5,0x73,0x96,0xd8,0x9f,0x4f,0xcf,0x3c,0x17,0xcf,0x1,0x96,
  0xc7,0x87,0xab,0xdb,0x4c,0xb7,0x83,0xc0,0x32,0xba,0x56,0xf5,0xa3,0xe3,0x10,0x0,
  0x56,0x91,0x13,0xe8,0x0,0x0,0xc0,0xc6,0x58,0x92,0x13,0xe8,0x37,0xab,0xde,0x50,
  0x2d,0xc5,0xff,0x31,0x30,0x78,0x42,0xf5,0xf0,0xca,0x9b,0x5,0x0,0xcb,0xe9,0x84,
  0xea,0x5,0xd3,0xb3,0xd1,0x61,0xd9,0x7c,0xaa,0xba,0x6a,0x75,0xda,0xb8,0xd8,0x6b,
  0xba,0x7,0x0,0xf3,0x70,0x2,0x1d,0x0,0x0,0x60,0x6f,0x3d,0x4e,0x3c,0x67,0x49,
  0xfd,0x72,0xf5,0x30,0xf1,0x1c,0x60,0xa9,0x7d,0xa9,0xfa,0xce,0xea,0x79,0xe3,0x2,
  0x96,0xc0,0x25,0xab,0x5f,0x18,0x87,0x0,0xb0,0x6a,0x9c,0x40,0x7,0x0,0x0,0x36,
  0xc6,0x12,0x9c,0x40,0xff,0xde,0xea,0xb9,0xe3,0x10,0x16,0x6c,0x7f,0xf5,0x93,0xd5,
  0xe3,0xc7,0x5,0x0,0x4b,0xeb,0xd8,0xea,0xc9,0xd5,0xfd,0xc7,0x5,0x2c,0xd8,0x97,
  0xab,0x6b,0x54,0x1f,0x1a,0x17,0x7b,0x49,0xf7,0x0,0x60,0x1e,0x4e,0xa0,0x3,0x0,
  0x0,0xec,0x8d,0xe3,0xab,0xdf,0x1a,0x87,0xb0,0x60,0x67,0x57,0xf,0x14,0xcf,0x1,
  0x56,0xce,0xb9,0xff,0xfd,0x7e,0xc2,0xb8,0x80,0x5,0x3b,0x7f,0xf5,0xd8,0x71,0x8,
  0x0,0xab,0x44,0x40,0x7,0x0,0x0,0xd8,0x1b,0xf,0xaa,0xae,0x32,0xe,0x61,0x81,
  0xce,0xae,0xee,0x5b,0x3d,0x75,0x5c,0x0,0xb0,0x12,0xf6,0x57,0xf,0x9f,0x1e,0xf,
  0x3,0xcb,0xe4,0x7,0xaa,0x9b,0x8d,0x43,0x0,0x58,0x15,0xae,0x70,0x7,0x0,0x0,
  0x36,0xc6,0x2,0xaf,0x70,0xbf,0x50,0xf5,0x6f,0xd3,0x73,0x21,0x61,0x19,0x9c,0x59,
  0xdd,0xa7,0xfa,0xab,0x71,0x1,0xc0,0x4a,0xfa,0x8d,0xea,0x11,0xe3,0x10,0x16,0xe8,
  0x75,0xd5,0x2d,0xc7,0xe1,0x5e,0xd1,0x3d,0x0,0x98,0x87,0x13,0xe8,0x0,0x0,0x0,
  0xbb,0xef,0x67,0xc4,0x73,0x96,0xc8,0x99,0xd3,0xc9,0x30,0xf1,0x1c,0x60,0x7d,0x3c,
  0xb2,0xfa,0x95,0x71,0x8,0xb,0x74,0x8b,0xea,0x2e,0xe3,0x10,0x0,0x56,0x81,0x13,
  0xe8,0x0,0x0,0xc0,0xc6,0x58,0xd0,0x9,0xf4,0x4b,0x4e,0xa7,0xcf,0x2f,0x34,0x2e,
  0x60,0x1,0xce,0xac,0xbe,0xaf,0x7a,0xfe,0xb8,0x0,0x60,0x2d,0x3c,0x5a,0x48,0x67,
  0x89,0xbc,0xab,0xba,0x61,0x75,0xce,0xb8,0xd8,0x6d,0xba,0x7,0x0,0xf3,0x70,0x2,
  0x1d,0x0,0x0,0x60,0x77,0x3d,0x4a,0x3c,0x67,0x49,0x9c,0x55,0xdd,0x5b,0x3c,0x7,
  0x58,0x6b,0xbf,0x2a,0xa0,0xb3,0x44,0xae,0x57,0xdd,0x6b,0x1c,0x2,0xc0,0xb2,0x73,
  0x2,0x1d,0x0,0x0,0xd8,0x18,0xb,0x38,0x81,0x7e,0x72,0xf5,0xcf,0xd5,0xf9,0xc6,
  0x5,0xec,0xb1,0xb3,0xa7,0x67,0x9e,0xff,0xe5,0xb8,0x0,0x60,0x2d,0x3d,0xb6,0xfa,
  0x85,0x71,0x8,0xb,0xf0,0x81,0xea,0x9a,0xd3,0x2f,0xf2,0xed,0x19,0xdd,0x3,0x80,
  0x79,0x38,0x81,0xe,0x0,0x0,0xb0,0x7b,0x1e,0x2d,0x9e,0xb3,0x4,0xce,0xae,0xee,
  0x27,0x9e,0x3,0x6c,0x94,0x47,0x54,0xbf,0x3b,0xe,0x61,0x1,0xae,0x52,0x3d,0x70,
  0x1c,0x2,0xc0,0x32,0x73,0x2,0x1d,0x0,0x0,0xd8,0x18,0x7b,0x7c,0x2,0xfd,0xea,
  0xd5,0x7b,0xab,0xf3,0x8c,0xb,0xd8,0x43,0xfb,0xab,0x7,0x55,0x4f,0x19,0x17,0x0,
  0xac,0xbd,0x7d,0xd5,0x13,0xaa,0x87,0x8c,0xb,0xd8,0x63,0x1f,0xa9,0xae,0x5a,0x7d,
  0x79,0x5c,0xec,0x16,0xdd,0x3,0x80,0x79,0x38,0x81,0xe,0x0,0x0,0xb0,0x3b,0x7e,
  0x55,0x3c,0x67,0x9,0x3c,0x54,0x3c,0x7,0xd8,0x58,0xfb,0xa7,0xaf,0x3,0x4f,0x1d,
  0x17,0xb0,0xc7,0x2e,0x57,0xfd,0xc4,0x38,0x4,0x80,0x65,0xe5,0x4,0x3a,0x0,0x0,
  0xb0,0x31,0xf6,0xf0,0x4,0xfa,0x8d,0xaa,0xb7,0x4e,0x27,0xbf,0x60,0x51,0x1e,0x5d,
  0xfd,0xda,0x38,0x4,0x60,0xe3,0x1c,0x3b,0x3d,0xc6,0xe3,0xee,0xe3,0x2,0xf6,0xd0,
  0xa7,0xa7,0xeb,0xdc,0x4f,0x1b,0x17,0xbb,0x41,0xf7,0x0,0x60,0x1e,0x4e,0xa0,0x3,
  0x0,0x0,0xec,0xbc,0x5f,0x16,0xcf,0x59,0xb0,0xc7,0x89,0xe7,0x0,0x4c,0xce,0xae,
  0xee,0x53,0xbd,0x6c,0x5c,0xc0,0x1e,0xba,0x44,0xf5,0xf0,0x71,0x8,0x0,0xcb,0xc8,
  0x9,0x74,0x0,0x0,0x60,0x63,0xec,0xd1,0x9,0xf4,0x6f,0x99,0x4e,0x9f,0xc3,0xa2,
  0x3c,0xb5,0x7a,0xe0,0x74,0x75,0x2f,0x0,0x9c,0xeb,0x82,0x53,0x44,0xbf,0xe9,0xb8,
  0x80,0x3d,0xf2,0xd9,0xea,0x8a,0xd5,0xe9,0xe3,0x62,0xa7,0xe9,0x1e,0x0,0xcc,0xc3,
  0x9,0x74,0x0,0x0,0x80,0x9d,0xf5,0x98,0x71,0x0,0x7b,0xe8,0xaf,0xab,0x1f,0x11,
  0xcf,0x1,0x38,0x88,0x2f,0x54,0x77,0xae,0xde,0x3b,0x2e,0x60,0x8f,0x5c,0xac,0x7a,
  0xd8,0x38,0x4,0x80,0x65,0xe3,0x4,0x3a,0x0,0x0,0xb0,0x31,0xf6,0xe0,0x4,0xba,
  0x67,0x9f,0xb3,0x48,0xaf,0xad,0xee,0x54,0x7d,0x65,0x5c,0x0,0xc0,0x1,0x4e,0xaa,
  0xde,0x38,0x7d,0x86,0xbd,0xf6,0xd9,0xea,0x9b,0xab,0xcf,0x8d,0x8b,0x9d,0xa4,0x7b,
  0x0,0x30,0xf,0x27,0xd0,0x1,0x0,0x0,0x76,0xce,0x63,0xc4,0x73,0x16,0xe4,0x7d,
  0xd5,0xdd,0xc4,0x73,0x0,0xb6,0xe0,0xc3,0xd5,0x77,0x56,0xa7,0x8d,0xb,0xd8,0x3,
  0x4e,0xa1,0x3,0xb0,0xf4,0x9c,0x40,0x7,0x0,0x0,0x36,0xc6,0x2e,0x9f,0x40,0xbf,
  0x41,0xf5,0x76,0x1,0x9d,0x5,0xf8,0x68,0x75,0xf3,0xea,0x3f,0xc6,0x5,0x0,0x1c,
  0xc6,0x6d,0xab,0xbf,0xad,0xce,0x3b,0x2e,0x60,0x97,0x7d,0x66,0x3a,0x85,0xfe,0xf9,
  0x71,0xb1,0x53,0x74,0xf,0x0,0xe6,0xe1,0x4,0x3a,0x0,0x0,0xc0,0xce,0xf8,0x25,
  0xf1,0x9c,0x5,0xf8,0xfc,0x74,0x8a,0x50,0x3c,0x7,0x60,0xbb,0x5e,0x59,0xdd,0xaf,
  0x52,0x1a,0xd9,0x6b,0x17,0x77,0xa,0x1d,0x80,0x65,0xe6,0x4,0x3a,0x0,0x0,0xb0,
  0x31,0x76,0xf1,0x4,0xfa,0xf5,0xab,0xbf,0x17,0xd0,0xd9,0x63,0x5f,0xad,0xee,0x5c,
  0xbd,0x6c,0x5c,0x0,0xc0,0x36,0xfc,0x7c,0xf5,0x9b,0xe3,0x10,0x76,0xd9,0xa7,0xab,
  0x2b,0xee,0xd6,0x29,0x74,0xdd,0x3,0x80,0x79,0x38,0x81,0xe,0x0,0x0,0x30,0x3f,
  0xcf,0x3e,0x67,0x11,0x1e,0x22,0x9e,0x3,0xb0,0x3,0x7e,0xab,0xfa,0xe3,0x71,0x8,
  0xbb,0xec,0x12,0xd3,0xf7,0x32,0x0,0xb0,0x74,0x9c,0x40,0x7,0x0,0x0,0x36,0xc6,
  0x2e,0x9d,0x40,0xbf,0x66,0xf5,0x5e,0xbf,0xa0,0xcc,0x1e,0x7b,0x5c,0xf5,0xd3,0xe3,
  0x10,0x0,0x8e,0xd2,0x71,0xd3,0xf3,0xd0,0x6f,0x3f,0x2e,0x60,0x17,0x7d,0xa2,0xba,
  0x42,0xf5,0x95,0x71,0x31,0x2f,0xdd,0x3,0x80,0x79,0x78,0x83,0x7,0x0,0x0,0x60,
  0x3e,0x3f,0xe7,0x67,0x2b,0xf6,0xd8,0xb,0xa6,0x7f,0xef,0x0,0x60,0xa7,0x7c,0xb5,
  0xfa,0xbe,0xea,0x9f,0xc6,0x5,0xec,0xa2,0x13,0xab,0xfb,0x8f,0x43,0x0,0x58,0x34,
  0x27,0xd0,0x1,0x0,0x80,0x8d,0xb1,0xb,0x27,0xd0,0x4f,0xaa,0xfe,0xb5,0x3a,0x7e,
  0x5c,0xc0,0x2e,0x79,0x67,0x75,0xcb,0xea,0xb,0xe3,0x2,0x0,0x76,0xc0,0x55,0xab,
  0x37,0x55,0x17,0x1f,0x17,0xb0,0x4b,0xfe,0xad,0xba,0x5a,0x75,0xf6,0xb8,0x98,0x87,
  0xee,0x1,0xc0,0x3c,0x9c,0x92,0x0,0x0,0x0,0x38,0x7a,0x3f,0x25,0x9e,0xb3,0x87,
  0x3e,0x5e,0xdd,0x55,0x3c,0x7,0x60,0x17,0xbd,0xbf,0xba,0xc7,0x74,0x22,0x1d,0xf6,
  0xc2,0x95,0xa6,0xdb,0xf,0x0,0x60,0x69,0x38,0x81,0xe,0x0,0x0,0x6c,0x8c,0x1d,
  0x3e,0x81,0x7e,0xf1,0xea,0xdf,0xab,0xb,0x8d,0xb,0xd8,0x5,0x5f,0xad,0x6e,0x57,
  0xbd,0x6e,0x5c,0x0,0xc0,0x2e,0x78,0x48,0xf5,0xfb,0xe3,0x10,0x76,0xc9,0x3b,0xab,
  0x1b,0x8c,0xc3,0x79,0xe8,0x1e,0x0,0xcc,0xc3,0x9,0x74,0x0,0x0,0x80,0xa3,0xf3,
  0xe3,0xe2,0x39,0x7b,0xe8,0x61,0xe2,0x39,0x0,0x7b,0xe8,0x89,0xd5,0x53,0xc6,0x21,
  0xec,0x92,0xeb,0x57,0xdf,0x31,0xe,0x1,0x60,0x51,0x9c,0x40,0x7,0x0,0x0,0x36,
  0xc6,0xe,0x9e,0x40,0x3f,0xa1,0xfa,0x60,0x75,0xe2,0xb8,0x80,0x5d,0xf0,0xe4,0xea,
  0x47,0xc7,0x21,0x0,0xec,0xb2,0xf3,0x56,0xaf,0xaa,0x6e,0x36,0x2e,0x60,0x17,0xbc,
  0xaa,0xba,0xed,0x38,0x3c,0x5a,0xba,0x7,0x0,0xf3,0x70,0x2,0x1d,0x0,0x0,0x60,
  0xfb,0xee,0x2f,0x9e,0xb3,0x47,0xde,0x50,0x3d,0x74,0x1c,0x2,0xc0,0x1e,0x38,0x63,
  0x7a,0x1e,0xfa,0x47,0xc7,0x5,0xec,0x82,0xdb,0x54,0x37,0x1d,0x87,0x0,0xb0,0x8,
  0x2,0x3a,0x0,0x0,0xc0,0xf6,0x1c,0x5b,0xfd,0xf4,0x38,0x84,0x5d,0xf0,0xb1,0xea,
  0x9e,0x53,0xc0,0x0,0x80,0x45,0x38,0x75,0xfa,0x5a,0xf4,0xd5,0x71,0x1,0xbb,0xe0,
  0xe7,0xc7,0x1,0x0,0x2c,0x82,0x80,0xe,0x0,0x0,0xb0,0x3d,0x77,0xab,0xae,0x34,
  0xe,0x61,0x87,0x9d,0x55,0x7d,0xbf,0x53,0x7f,0x0,0x2c,0x81,0x37,0x54,0x3f,0x37,
  0xe,0x61,0x17,0x7c,0x4f,0x75,0xc5,0x71,0x8,0x0,0x7b,0x4d,0x40,0x7,0x0,0x0,
  0xd8,0x9e,0x87,0x8d,0x3,0xd8,0x5,0xbf,0x58,0xbd,0x66,0x1c,0x2,0xc0,0x82,0xfc,
  0x9f,0xea,0xd9,0xe3,0x10,0x76,0xd8,0xb1,0xd5,0x4f,0x8c,0x43,0x0,0xd8,0x6b,0xfb,
  0xf6,0xef,0xdf,0x3f,0xce,0x0,0x0,0x0,0xd6,0xd2,0xbe,0x7d,0xfb,0xc6,0xd1,0x76,
  0xdd,0xb0,0x7a,0xfb,0x38,0x84,0x1d,0xf6,0xfc,0xe9,0xa6,0x3,0x3f,0xb0,0x3,0xb0,
  0x4c,0x2e,0x5c,0xbd,0xb5,0xba,0xda,0xb8,0x80,0x1d,0x74,0x7a,0x75,0xf9,0xea,0xf3,
  0xe3,0x62,0x3b,0x74,0xf,0x0,0xe6,0xe1,0x4,0x3a,0x0,0x0,0xc0,0xd6,0x3d,0x7c,
  0x1c,0xc0,0xe,0xfb,0x60,0xf5,0xc3,0xe2,0x39,0x0,0x4b,0xe8,0x73,0xd5,0x3d,0xaa,
  0x2f,0x8d,0xb,0xd8,0x41,0x17,0xa9,0xee,0x3f,0xe,0x1,0x60,0x2f,0x39,0x81,0xe,
  0x0,0x0,0x6c,0x8c,0x39,0x4f,0xa0,0x5f,0xba,0xfa,0x8f,0xea,0xf8,0x71,0x1,0x3b,
  0xe4,0x8c,0xea,0xdb,0xdc,0x72,0x0,0xc0,0x92,0xbb,0x5f,0xf5,0xd4,0x71,0x8,0x3b,
  0xe8,0x3,0xd5,0xd5,0xab,0x73,0xc6,0xc5,0x56,0xe9,0x1e,0x0,0xcc,0xc3,0x9,0x74,
  0x0,0x0,0x80,0xad,0xf9,0x71,0xf1,0x9c,0x5d,0xf6,0xb,0xe2,0x39,0x0,0x2b,0xe0,
  0x69,0xd5,0x9f,0x8f,0x43,0xd8,0x41,0x57,0xa9,0xee,0x32,0xe,0x1,0x60,0xaf,0x38,
  0x81,0xe,0x0,0x0,0x6c,0x8c,0x39,0x4e,0xa0,0x9f,0xb7,0xfa,0x50,0x75,0xe2,0xb8,
  0x80,0x1d,0xf2,0x37,0xd5,0x5d,0x5d,0xdd,0xe,0xc0,0x8a,0xb8,0xf0,0xf4,0x4b,0x5f,
  0x57,0x19,0x17,0xb0,0x43,0x5e,0x5e,0xdd,0x61,0x1c,0x6e,0x95,0xee,0x1,0xc0,0x3c,
  0x9c,0x40,0x7,0x0,0x0,0x38,0xb2,0x1f,0x14,0xcf,0xd9,0x45,0x1f,0xa9,0x1e,0x20,
  0x9e,0x3,0xb0,0x42,0x3e,0x57,0xdd,0xbb,0x3a,0x73,0x5c,0xc0,0xe,0xb9,0x7d,0x75,
  0xdd,0x71,0x8,0x0,0x7b,0x41,0x40,0x7,0x0,0x0,0x38,0xb2,0x87,0x8d,0x3,0xd8,
  0x21,0xe7,0x54,0xf7,0xad,0x3e,0x39,0x2e,0x0,0x60,0xc9,0xbd,0xad,0x7a,0xd4,0x38,
  0x84,0x1d,0xe4,0x7b,0x70,0x0,0x16,0xc2,0x15,0xee,0x0,0x0,0xc0,0xc6,0x38,0xca,
  0x2b,0xdc,0x6f,0x5e,0xbd,0x61,0x1c,0xc2,0xe,0xf9,0xf5,0xea,0x17,0xc7,0x21,0x0,
  0xac,0x88,0x7d,0xd5,0x8b,0xaa,0xef,0x18,0x17,0xb0,0x3,0xbe,0x54,0x5d,0xb6,0x3a,
  0x7d,0x5c,0x1c,0x89,0xee,0x1,0xc0,0x3c,0x9c,0x40,0x7,0x0,0x0,0x38,0xbc,0x1f,
  0x1b,0x7,0xb0,0x43,0xde,0x56,0xfd,0xf2,0x38,0x4,0x80,0x15,0xb2,0x7f,0x7a,0xc,
  0xc9,0xa7,0xc6,0x5,0xec,0x80,0x13,0xaa,0x1f,0x1e,0x87,0x0,0xb0,0xdb,0x9c,0x40,
  0x7,0x0,0x0,0x36,0xc6,0x51,0x9c,0x40,0xbf,0x44,0xf5,0xe1,0xea,0x7c,0xe3,0x2,
  0xe6,0xf4,0xe5,0xea,0x46,0xd5,0x3f,0x8e,0xb,0x0,0x58,0x41,0xf7,0xac,0x9e,0x3d,
  0xe,0x61,0x7,0xbc,0xaf,0xba,0xf6,0x38,0x3c,0x12,0xdd,0x3,0x80,0x79,0x38,0x81,
  0xe,0x0,0x0,0x70,0x68,0xf7,0x13,0xcf,0xd9,0x25,0x8f,0x10,0xcf,0x1,0x58,0x23,
  0xcf,0xa9,0xfe,0x6c,0x1c,0xc2,0xe,0xb8,0x56,0x75,0xeb,0x71,0x8,0x0,0xbb,0xc9,
  0x9,0x74,0x0,0x0,0x60,0x63,0x6c,0xf3,0x4,0xfa,0xbe,0xea,0x9f,0xab,0xab,0x8e,
  0xb,0x98,0xd3,0xdf,0x55,0xdf,0x3e,0x5d,0x7b,0xb,0x0,0xeb,0xe2,0x22,0xd5,0xbb,
  0xab,0x93,0xc7,0x5,0xcc,0xe9,0x59,0xd5,0xbd,0xc7,0xe1,0xe1,0xe8,0x1e,0x0,0xcc,
  0x43,0x40,0x7,0x0,0x0,0x36,0xc6,0x36,0x3,0xfa,0x1d,0xab,0x97,0x8e,0x43,0x98,
  0xd3,0x67,0xab,0xeb,0x4e,0x8f,0x6,0x0,0x80,0x75,0x73,0xdb,0xea,0x65,0x6e,0x3e,
  0x65,0x87,0x9d,0x31,0xfd,0x62,0xc6,0x27,0xc6,0xc5,0xa1,0xe8,0x1e,0x0,0xcc,0xc3,
  0x37,0x32,0x0,0x0,0x0,0x7,0xf7,0xe0,0x71,0x0,0x3b,0xe0,0x27,0xc5,0x73,0x0,
  0xd6,0xd8,0x2b,0xab,0x27,0x8e,0x43,0x98,0xd3,0x79,0xab,0x7,0x8c,0x43,0x0,0xd8,
  0x2d,0x4e,0xa0,0x3,0x0,0x0,0x1b,0x63,0x1b,0x27,0xd0,0x2f,0x5b,0xfd,0x7b,0x75,
  0xdc,0xb8,0x80,0x39,0xbc,0xa8,0xba,0xcb,0x38,0x4,0x80,0x35,0x73,0x81,0xea,0x3d,
  0xd5,0x15,0xc7,0x5,0xcc,0xe1,0x83,0xd5,0x55,0xaa,0x73,0xc6,0xc5,0xc1,0xe8,0x1e,
  0x0,0xcc,0xc3,0x9,0x74,0x0,0x0,0x80,0x6f,0xf4,0x40,0xf1,0x9c,0x1d,0x76,0x7a,
  0xf5,0xdf,0xc7,0x21,0x0,0xac,0xa1,0x2f,0x56,0x3f,0x52,0x29,0x98,0xec,0xa4,0x2b,
  0x56,0x77,0x1a,0x87,0x0,0xb0,0x1b,0x4,0x74,0x0,0x0,0x80,0xaf,0x77,0xcc,0x14,
  0xd0,0x61,0x27,0xfd,0xac,0xab,0xdb,0x1,0xd8,0x20,0x2f,0xaf,0x9e,0x3c,0xe,0x61,
  0x4e,0xae,0x71,0x7,0x60,0x4f,0xb8,0xc2,0x1d,0x0,0x0,0xd8,0x18,0x5b,0xbc,0xc2,
  0xfd,0xe,0xd5,0xdf,0x8d,0x43,0x98,0xc3,0xcb,0xa6,0x13,0x53,0x7e,0x0,0x7,0x60,
  0x93,0x5c,0xb8,0xfa,0x87,0xea,0xa4,0x71,0x1,0x47,0xe9,0x8c,0xe9,0x51,0x4b,0x9f,
  0x19,0x17,0x23,0xdd,0x3,0x80,0x79,0x38,0x81,0xe,0x0,0x0,0xf0,0xf5,0x1e,0x34,
  0xe,0x60,0xe,0xae,0xb1,0x5,0x60,0x53,0x7d,0xce,0xe3,0x4b,0xd8,0x61,0xe7,0xad,
  0xee,0x33,0xe,0x1,0x60,0xa7,0x9,0xe8,0x0,0x0,0x0,0x5f,0x73,0xf1,0xea,0x6e,
  0xe3,0x10,0xe6,0xf0,0xcb,0xd5,0xbf,0x8f,0x43,0x0,0xd8,0x10,0x2f,0xaa,0x9e,0x3d,
  0xe,0x61,0xe,0xf7,0x1b,0x7,0x0,0xb0,0xd3,0x4,0x74,0x0,0x0,0x80,0xaf,0xb9,
  0xcf,0x74,0xb2,0x5,0x76,0xc2,0xbb,0xab,0xc7,0x8d,0x43,0x0,0xd8,0x30,0xf,0xaf,
  0x4e,0x1f,0x87,0x70,0x94,0x6e,0x54,0x9d,0x32,0xe,0x1,0x60,0x27,0x9,0xe8,0x0,
  0x0,0x0,0x5f,0xe3,0x44,0xb,0x3b,0xe5,0x9c,0xe9,0xda,0xda,0xb3,0xc6,0x5,0x0,
  0x6c,0x98,0x8f,0x56,0x8f,0x1a,0x87,0x30,0x87,0xfb,0x8f,0x3,0x0,0xd8,0x49,0xfb,
  0xf6,0xef,0xf7,0x18,0x36,0x0,0x0,0x60,0x33,0xec,0xdb,0xb7,0x6f,0x1c,0x1d,0xe8,
  0x94,0xe9,0xc4,0x30,0xec,0x84,0x27,0x55,0x3f,0x3e,0xe,0x1,0x60,0x43,0x1d,0x53,
  0xbd,0xa1,0xba,0xe9,0xb8,0x80,0xa3,0xf0,0xe9,0xea,0x72,0xd5,0x19,0xe3,0xe2,0x5c,
  0xba,0x7,0x0,0xf3,0x70,0x2,0x1d,0x0,0x0,0x60,0xe6,0x7,0xc7,0x1,0x1c,0x25,
  0x27,0xed,0x0,0xe0,0xeb,0xb9,0x99,0x85,0x9d,0x74,0x89,0xea,0xae,0xe3,0x10,0x0,
  0x76,0x8a,0x80,0xe,0x0,0x0,0x50,0xc7,0x56,0xf7,0x1d,0x87,0x70,0x94,0x7e,0xbe,
  0x3a,0x6d,0x1c,0x2,0xc0,0x86,0x7b,0x57,0xf5,0xc4,0x71,0x8,0x47,0xe9,0x87,0xc7,
  0x1,0x0,0xec,0x14,0x57,0xb8,0x3,0x0,0x0,0x1b,0xe3,0x30,0x57,0xb8,0xdf,0xa9,
  0x7a,0xc9,0x38,0x84,0xa3,0xf0,0xfa,0xea,0x96,0x95,0x1f,0xb6,0x1,0xe0,0x1b,0x5d,
  0xb4,0xfa,0xe7,0xea,0xc4,0x71,0x1,0xdb,0xf4,0xd5,0xea,0xb2,0xd5,0xa7,0xc6,0x45,
  0xae,0x70,0x7,0x60,0x4e,0x4e,0xa0,0x3,0x0,0x0,0xb8,0xbe,0x9d,0x9d,0x71,0x76,
  0xf5,0x50,0xf1,0x1c,0x0,0xe,0xe9,0xb4,0xea,0x91,0xe3,0x10,0x8e,0xc2,0x71,0xd5,
  0xf7,0x8d,0x43,0x0,0xd8,0x9,0x2,0x3a,0x0,0x0,0xb0,0xe9,0x4e,0xa8,0xee,0x3e,
  0xe,0xe1,0x28,0xfc,0x51,0xf5,0x8e,0x71,0x8,0x0,0x7c,0x9d,0xa7,0x55,0x6f,0x1e,
  0x87,0x70,0x14,0xee,0x33,0xe,0x0,0x60,0x27,0x8,0xe8,0x0,0x0,0xc0,0xa6,0xbb,
  0x5b,0x75,0xc1,0x71,0x8,0xdb,0xf4,0xa9,0xea,0xd1,0xe3,0x10,0x0,0xf8,0x6,0xe7,
  0x54,0xf,0x9b,0x3e,0xc3,0x3c,0xbe,0xad,0xba,0xc2,0x38,0x4,0x80,0x79,0x9,0xe8,
  0x0,0x0,0xc0,0xa6,0xbb,0xf7,0x38,0x80,0xa3,0xf0,0x4b,0xd5,0x67,0xc6,0x21,0x0,
  0x70,0x50,0x6f,0x99,0x4e,0xa2,0xc3,0x3c,0xf6,0xf9,0x5e,0x1e,0x80,0xdd,0xb0,0x6f,
  0xff,0x7e,0x8f,0x66,0x3,0x0,0x0,0x36,0xc3,0xbe,0x7d,0xfb,0xc6,0xd1,0xc5,0xab,
  0x8f,0x4d,0xcf,0x50,0x84,0xa3,0xf5,0xbe,0xea,0x7a,0xd5,0x59,0xe3,0x2,0x0,0x38,
  0xa4,0xcb,0x54,0xff,0xe2,0x26,0x20,0xe6,0xf4,0x9e,0xea,0xba,0xe3,0x50,0xf7,0x0,
  0x60,0x1e,0x4e,0xa0,0x3,0x0,0x0,0x9b,0xec,0xee,0xe2,0x39,0x3b,0xe0,0x67,0xc4,
  0x73,0x0,0xd8,0xb6,0x8f,0x56,0xbf,0x3d,0xe,0x61,0x9b,0x4e,0xa9,0xae,0x33,0xe,
  0x1,0x60,0x1e,0x2,0x3a,0x0,0x0,0xb0,0xc9,0x5c,0xf9,0xc8,0xbc,0x5e,0x5a,0xbd,
  0x78,0x1c,0x2,0x0,0x5b,0xf2,0xbb,0x53,0x48,0x87,0x79,0xdc,0x67,0x1c,0x0,0xc0,
  0x3c,0x5c,0xe1,0xe,0x0,0x0,0x6c,0x8c,0xe1,0xa,0xf7,0x4b,0x57,0x1f,0xae,0x8e,
  0x3d,0x70,0x8,0xdb,0x70,0x4e,0xf5,0x2d,0xd5,0x3b,0xc6,0x5,0x0,0xb0,0x65,0xf,
  0xa8,0xfe,0x64,0x1c,0xc2,0x36,0xfc,0x7b,0x75,0xa5,0xea,0xbf,0x62,0x87,0xee,0x1,
  0xc0,0x3c,0x9c,0x40,0x7,0x0,0x0,0x36,0xd5,0x3d,0xc4,0x73,0xe6,0xf4,0x34,0xf1,
  0x1c,0x0,0xe6,0xe6,0xeb,0x29,0xf3,0xfa,0xe6,0xe9,0x97,0x1a,0x1,0x60,0x47,0x8,
  0xe8,0x0,0x0,0xc0,0xa6,0xba,0xfb,0x38,0x80,0x6d,0xf8,0x72,0xf5,0xe8,0x71,0x8,
  0x0,0x6c,0xdb,0x39,0xd5,0x23,0xc7,0x21,0x6c,0xd3,0x3d,0xc6,0x1,0x0,0x1c,0x2d,
  0x1,0x1d,0x0,0x0,0xd8,0x44,0x97,0xac,0x6e,0x3d,0xe,0x61,0x1b,0x1e,0x5f,0x9d,
  0x3a,0xe,0x1,0x80,0xa3,0xf2,0x92,0xea,0xd5,0xe3,0x10,0xb6,0x41,0x40,0x7,0x60,
  0xc7,0x8,0xe8,0x0,0x0,0xc0,0x26,0xba,0x9b,0xeb,0xdb,0x99,0xc3,0x69,0xd5,0x63,
  0xc7,0x21,0x0,0x30,0x97,0x47,0x8d,0x3,0xd8,0x86,0xab,0x54,0xd7,0x1b,0x87,0x0,
  0x70,0x34,0x4,0x74,0x0,0x0,0x60,0x13,0xb9,0xbe,0x9d,0x79,0xfc,0xe6,0x14,0xd1,
  0x1,0x80,0x9d,0xf3,0x86,0xea,0x5,0xe3,0x10,0xb6,0xe1,0x9e,0xe3,0x0,0x0,0x8e,
  0xc6,0xbe,0xfd,0xfb,0xf7,0x8f,0x33,0x0,0x0,0x80,0xb5,0xb4,0x6f,0xdf,0xbe,0xaa,
  0x8b,0x56,0x1f,0xaf,0x8e,0x1f,0xf7,0xb0,0x5,0x1f,0x9f,0x4e,0x38,0x7d,0x61,0x5c,
  0x0,0x0,0x73,0x3b,0xa5,0x7a,0xa7,0x83,0x5f,0x1c,0xa5,0x7f,0xac,0xae,0x55,0xa5,
  0x7b,0x0,0x30,0xf,0xdf,0x88,0x0,0x0,0x0,0x9b,0xe6,0xbb,0xc4,0x73,0xe6,0xf0,
  0xbf,0xc4,0x73,0x0,0xd8,0x35,0xef,0xa9,0x9e,0x31,0xe,0x61,0x8b,0xae,0x39,0x7d,
  0x0,0xc0,0x5c,0x4,0x74,0x0,0x0,0x60,0xd3,0xdc,0x63,0x1c,0xc0,0x16,0x9d,0x5a,
  0xfd,0x7f,0xe3,0x10,0x0,0xd8,0x51,0xbf,0x56,0x9d,0x3d,0xe,0x61,0x8b,0x7c,0xaf,
  0xf,0xc0,0xdc,0x4,0x74,0x0,0x0,0x60,0x93,0x5c,0xa0,0xfa,0xf6,0x71,0x8,0x5b,
  0xf4,0x5b,0xd5,0x57,0xc6,0x21,0x0,0xb0,0xa3,0xfe,0xb9,0x7a,0xd6,0x38,0x84,0x2d,
  0xba,0xfb,0x38,0x0,0x80,0xed,0xf2,0xc,0x74,0x0,0x0,0x60,0x63,0xec,0xdb,0xb7,
  0xef,0x1e,0xd5,0x73,0xc6,0x39,0x6c,0xc1,0x47,0xab,0x2b,0x57,0x5f,0x1e,0x17,0x0,
  0xc0,0x8e,0xbb,0x7a,0xf5,0x3e,0x7,0xc0,0x38,0x4a,0x57,0xdc,0xbf,0x7f,0xff,0xbf,
  0x8f,0x43,0x0,0xd8,0x2a,0xdf,0x80,0x0,0x0,0x0,0x9b,0xe4,0xbb,0xc6,0x1,0x6c,
  0xd1,0x6f,0x89,0xe7,0x0,0xb0,0x67,0x9c,0x42,0x67,0x1e,0x77,0x19,0x7,0x0,0xb0,
  0x1d,0x4e,0xa0,0x3,0x0,0x0,0x4b,0x6f,0xdf,0xbe,0x7d,0xe3,0xe8,0x68,0x1c,0x53,
  0x7d,0xac,0xba,0xd4,0xb8,0x80,0x23,0xf8,0x78,0x75,0x45,0x1,0x9d,0x9d,0xe6,0x3d,
  0x19,0xd6,0xc9,0xe,0x7d,0xad,0x86,0x3,0x5d,0xb3,0x7a,0xaf,0x43,0x60,0x1c,0x85,
  0x17,0x57,0xdf,0x39,0xe,0xb7,0xcb,0xd7,0x69,0x80,0xcd,0xe5,0x9b,0xf,0x0,0x0,
  0x60,0x53,0xdc,0x58,0x3c,0xe7,0x28,0x39,0x7d,0xe,0x0,0x7b,0xef,0x1f,0xab,0x67,
  0x8f,0x43,0xd8,0x82,0xdb,0x54,0x17,0x18,0x87,0x0,0xb0,0x55,0x2,0x3a,0x0,0x0,
  0xb0,0x29,0xbe,0x7b,0x1c,0xc0,0x16,0x7c,0xa6,0x7a,0xf2,0x38,0x4,0x0,0xf6,0xc4,
  0x63,0xc7,0x1,0x6c,0xc1,0xf9,0xaa,0x3b,0x8e,0x43,0x0,0xd8,0x2a,0x1,0x1d,0x0,
  0x0,0xd8,0x14,0x9e,0x85,0xc8,0xd1,0xf8,0x83,0xea,0xf3,0xe3,0x10,0x0,0xd8,0x13,
  0xef,0xac,0x5e,0x32,0xe,0x61,0xb,0x7c,0xef,0xf,0xc0,0x51,0xf3,0xc,0x74,0x0,
  0x0,0x60,0xe9,0xed,0xc0,0x73,0x55,0x4f,0xaa,0xfe,0x73,0x1c,0xc2,0x11,0x7c,0x69,
  0x7a,0xf6,0xf9,0x27,0xc6,0x5,0xec,0x4,0xef,0xc9,0xb0,0x4e,0x76,0xe0,0x6b,0x35,
  0x1c,0xca,0x6d,0xab,0x57,0x8c,0x43,0x38,0x82,0x8f,0x56,0x97,0xab,0x8e,0xfa,0x8b,
  0xad,0xaf,0xd3,0x0,0x9b,0xcb,0x9,0x74,0x0,0x0,0x60,0x13,0x7c,0xd7,0x38,0x80,
  0x2d,0x78,0xaa,0x78,0xe,0x0,0xb,0xf7,0xca,0xea,0x2d,0xe3,0x10,0x8e,0xe0,0x32,
  0xd5,0x8d,0xc6,0x21,0x0,0x6c,0x85,0x80,0xe,0x0,0x0,0x6c,0x2,0x1,0x9d,0xed,
  0x3a,0xab,0xfa,0x9d,0x71,0x8,0x0,0x2c,0xc4,0x6f,0x8e,0x3,0xd8,0x2,0x3f,0x3,
  0x0,0x70,0x54,0x4,0x74,0x0,0x0,0x60,0xdd,0x9d,0x7f,0xba,0xfa,0x13,0xb6,0xe3,
  0x39,0xd5,0x7,0xc7,0x21,0x0,0xb0,0x10,0x7f,0x5d,0xfd,0xcb,0x38,0x84,0x23,0xb8,
  0xf3,0x38,0x0,0x80,0xad,0x10,0xd0,0x1,0x0,0x80,0x75,0x77,0xcb,0xea,0x84,0x71,
  0x8,0x47,0xf0,0x7b,0xe3,0x0,0x0,0x58,0x98,0x73,0xaa,0xc7,0x8f,0x43,0x38,0x82,
  0x1b,0x55,0x97,0x1c,0x87,0x0,0x70,0x24,0x2,0x3a,0x0,0x0,0xb0,0xee,0xee,0x38,
  0xe,0xe0,0x8,0xde,0x54,0xbd,0x79,0x1c,0x2,0x0,0xb,0xf5,0xa7,0xd5,0x69,0xe3,
  0x10,0xe,0xe3,0x98,0xea,0xf6,0xe3,0x10,0x0,0x8e,0x44,0x40,0x7,0x0,0x0,0xd6,
  0x9d,0x80,0xce,0x76,0x39,0x7d,0xe,0x0,0xcb,0xe7,0xb,0xd5,0x93,0xc7,0x21,0x1c,
  0x81,0x9f,0x5,0x0,0xd8,0xb6,0x7d,0xfb,0xf7,0xef,0x1f,0x67,0x0,0x0,0x0,0x4b,
  0x65,0xdf,0xbe,0x7d,0xe3,0x68,0xab,0xbe,0xa9,0xfa,0x68,0x75,0xd4,0xff,0x0,0x36,
  0xce,0x7f,0x56,0x57,0xaa,0xce,0x1a,0x17,0xb0,0xd3,0xbc,0x27,0xc3,0x3a,0x99,0xe3,
  0x6b,0x35,0x6c,0xc7,0x15,0xaa,0x7f,0xad,0x8e,0x1d,0x17,0x70,0x8,0x1f,0x9a,0xfe,
  0xbd,0xd9,0x36,0x5f,0xa7,0x1,0x36,0x97,0x13,0xe8,0x0,0x0,0xc0,0x3a,0xbb,0x83,
  0x78,0xce,0x36,0x3d,0x51,0x3c,0x7,0x80,0xa5,0xf5,0x1f,0xd5,0xf3,0xc6,0x21,0x1c,
  0xc6,0xc9,0xd5,0xd5,0xc7,0x21,0x0,0x1c,0x8e,0x80,0xe,0x0,0x0,0xac,0x33,0x57,
  0x36,0xb2,0x1d,0x5f,0xae,0xfe,0x78,0x1c,0x2,0x0,0x4b,0xe5,0x9,0xe3,0x0,0x8e,
  0xc0,0xcf,0x4,0x0,0x6c,0x8b,0x80,0xe,0x0,0x0,0xac,0x33,0x6f,0x96,0xb1,0x1d,
  0x7f,0x59,0x7d,0x7a,0x1c,0x2,0x0,0x4b,0xe5,0x35,0xd5,0x3f,0x8c,0x43,0x38,0xc,
  0x3f,0x13,0x0,0xb0,0x2d,0x2,0x3a,0x0,0x0,0xb0,0xae,0xae,0x53,0x5d,0x76,0x1c,
  0xc2,0x61,0x3c,0x69,0x1c,0x0,0x0,0x4b,0xe9,0xf,0xc7,0x1,0x1c,0xc6,0x6d,0xab,
  0xf3,0x8c,0x43,0x0,0x38,0x14,0x1,0x1d,0x0,0x0,0x58,0x57,0x4e,0x9a,0xb0,0x1d,
  0xef,0xa8,0xde,0x3c,0xe,0x1,0x80,0xa5,0xf4,0x67,0xd5,0x17,0xc6,0x21,0x1c,0xc2,
  0x85,0xaa,0x9b,0x8f,0x43,0x0,0x38,0x14,0x1,0x1d,0x0,0x0,0x58,0x57,0xb7,0x1b,
  0x7,0x70,0x18,0x4e,0xb2,0x1,0xc0,0xea,0x38,0xbd,0x7a,0xd6,0x38,0x84,0xc3,0xf0,
  0xb3,0x1,0x0,0x5b,0x26,0xa0,0x3,0x0,0x0,0xeb,0xe8,0x98,0xea,0x16,0xe3,0x10,
  0xe,0xe1,0xf4,0xea,0x19,0xe3,0x10,0x0,0x58,0x6a,0x1e,0xbd,0xc2,0x76,0xdc,0x6a,
  0x1c,0x0,0xc0,0xa1,0x8,0xe8,0x0,0x0,0xc0,0x3a,0xba,0x6e,0x75,0xd1,0x71,0x8,
  0x87,0xf0,0x74,0xd7,0xc0,0x2,0xc0,0xca,0xf9,0xfb,0xea,0xed,0xe3,0x10,0xe,0xe1,
  0x66,0xd5,0x71,0xe3,0x10,0x0,0xe,0x46,0x40,0x7,0x0,0x0,0xd6,0x91,0x13,0x26,
  0x6c,0xc7,0x53,0xc6,0x1,0x0,0xb0,0x12,0x9e,0x36,0xe,0xe0,0x10,0x4e,0xa8,0x6e,
  0x32,0xe,0x1,0xe0,0x60,0x4,0x74,0x0,0x0,0x60,0x1d,0xdd,0x7a,0x1c,0xc0,0x21,
  0xbc,0xc7,0xe9,0x35,0x0,0x58,0x59,0xcf,0xa8,0xce,0x18,0x87,0x70,0x8,0x7e,0xc9,
  0x16,0x80,0x2d,0x11,0xd0,0x1,0x0,0x80,0x75,0xb3,0xaf,0xba,0xe5,0x38,0x84,0x43,
  0x78,0xea,0x38,0x0,0x0,0x56,0xc6,0x67,0xaa,0xbf,0x1a,0x87,0x70,0x8,0x7e,0x46,
  0x0,0x60,0x4b,0x4,0x74,0x0,0x0,0x60,0xdd,0x5c,0xb3,0xba,0xd4,0x38,0x84,0x83,
  0xf8,0xea,0xf4,0xfc,0x73,0x0,0x60,0x75,0xf9,0x65,0x38,0xb6,0xea,0x16,0xd5,0xb1,
  0xe3,0x10,0x0,0x46,0x2,0x3a,0x0,0x0,0xb0,0x6e,0x5c,0xcd,0xc8,0x56,0xbd,0xa8,
  0xfa,0xc4,0x38,0x4,0x0,0x56,0xca,0x2b,0xaa,0xf,0x8d,0x43,0x38,0x88,0xb,0x55,
  0x37,0x18,0x87,0x0,0x30,0x12,0xd0,0x1,0x0,0x80,0x75,0x23,0xa0,0xb3,0x55,0x4e,
  0xac,0x1,0xc0,0xea,0x3b,0xa7,0xfa,0xb3,0x71,0x8,0x87,0xe0,0x67,0x5,0x0,0x8e,
  0x48,0x40,0x7,0x0,0x0,0xd6,0xcd,0xad,0xc7,0x1,0x1c,0xc4,0x67,0xaa,0x17,0x8f,
  0x43,0x0,0x60,0x25,0x3d,0x63,0x1c,0xc0,0x21,0xf8,0x59,0x1,0x80,0x23,0x12,0xd0,
  0x1,0x0,0x80,0x75,0x72,0x72,0x75,0xd9,0x71,0x8,0x7,0xf1,0xdc,0xea,0x8c,0x71,
  0x8,0x0,0xac,0xa4,0xf7,0x55,0xef,0x1a,0x87,0x70,0x10,0x37,0x1f,0x7,0x0,0x30,
  0x12,0xd0,0x1,0x0,0x80,0x75,0xe2,0xd,0x31,0xb6,0xea,0xe9,0xe3,0x0,0x0,0x58,
  0x69,0xbe,0xb6,0xb3,0x15,0x97,0xaa,0xae,0x34,0xe,0x1,0xe0,0x40,0x2,0x3a,0x0,
  0x0,0xb0,0x4e,0x6e,0x3a,0xe,0xe0,0x20,0x3e,0x52,0xbd,0x66,0x1c,0x2,0x0,0x2b,
  0xed,0x59,0xd3,0xf3,0xd0,0xe1,0x48,0x6e,0x36,0xe,0x0,0xe0,0x40,0x2,0x3a,0x0,
  0x0,0xb0,0x4e,0x4,0x74,0xb6,0xc2,0x1b,0xec,0x0,0xb0,0x7e,0xfe,0xb3,0x7a,0xdd,
  0x38,0x84,0x83,0x10,0xd0,0x1,0x38,0x2c,0x1,0x1d,0x0,0x0,0x58,0x17,0xc7,0x55,
  0x37,0x1c,0x87,0x70,0x10,0xcf,0x18,0x7,0x0,0xc0,0x5a,0x78,0xe6,0x38,0x80,0x83,
  0xb8,0xc9,0x38,0x0,0x80,0x3,0xed,0xdb,0xbf,0x7f,0xff,0x38,0x3,0x0,0x0,0x58,
  0x2a,0xfb,0xf6,0xed,0x1b,0x47,0x7,0x73,0x93,0xea,0xcd,0xe3,0x10,0x6,0xff,0x56,
  0x5d,0x79,0x1c,0xc2,0x22,0x78,0x4f,0x86,0x75,0xb2,0xc5,0xaf,0xd5,0xb0,0xdb,0x4e,
  0xac,0x4e,0xad,0x8e,0x1d,0x17,0x70,0x80,0x33,0xab,0xb,0x57,0x67,0x8c,0x8b,0x3,
  0xf9,0x3a,0xd,0xb0,0xb9,0x9c,0x40,0x7,0x0,0x0,0xd6,0x85,0xeb,0xdb,0xd9,0x8a,
  0xbf,0x1a,0x7,0x0,0xc0,0xda,0xf8,0x84,0x6b,0xdc,0xd9,0x82,0xe3,0xdd,0x5c,0x5,
  0xc0,0xe1,0x8,0xe8,0x0,0x0,0xc0,0xba,0x10,0xd0,0xd9,0x8a,0xe7,0x8e,0x3,0x0,
  0x60,0xad,0xf8,0x65,0x39,0xb6,0xc2,0xcf,0xe,0x0,0x1c,0x92,0x80,0xe,0x0,0x0,
  0xac,0x8b,0x9b,0x8d,0x3,0x18,0x7c,0xd8,0x35,0xff,0x0,0xb0,0xf6,0x9e,0x57,0xb9,
  0x7b,0x9b,0x23,0x11,0xd0,0x1,0x38,0x24,0x1,0x1d,0x0,0x0,0x58,0x7,0x97,0xf4,
  0x5c,0x6b,0xb6,0xc0,0x1b,0xea,0x0,0xb0,0xfe,0xfc,0xc2,0x1c,0x5b,0x21,0xa0,0x3,
  0x70,0x48,0x2,0x3a,0x0,0x0,0xb0,0xe,0x6e,0x30,0xe,0xe0,0x20,0x5c,0xdf,0xe,
  0x0,0x9b,0xc1,0xd7,0x7c,0x8e,0xe4,0x8a,0xd5,0xc5,0xc6,0x21,0x0,0x24,0xa0,0x3,
  0x0,0x0,0x6b,0x42,0x40,0xe7,0x48,0x3e,0x53,0xbd,0x76,0x1c,0x2,0x0,0x6b,0xe9,
  0xaf,0xc7,0x1,0x1c,0xc4,0xd,0xc7,0x1,0x0,0x24,0xa0,0x3,0x0,0x0,0x6b,0x42,
  0x40,0xe7,0x48,0x5e,0x5c,0x9d,0x3d,0xe,0x1,0x80,0xb5,0xf4,0xfe,0xea,0x5f,0xc6,
  0x21,0xc,0xae,0x3f,0xe,0x0,0x20,0x1,0x1d,0x0,0x0,0x58,0x13,0x4e,0x8f,0x70,
  0x24,0x2f,0x18,0x7,0x0,0xc0,0x5a,0xfb,0x9b,0x71,0x0,0x3,0x1,0x1d,0x80,0x83,
  0x12,0xd0,0x1,0x0,0x80,0x55,0x77,0xc1,0xea,0x2a,0xe3,0x10,0xe,0x70,0x56,0xf5,
  0x92,0x71,0x8,0x0,0xac,0xb5,0x17,0x8e,0x3,0x18,0xb8,0xc5,0xa,0x80,0x83,0x12,
  0xd0,0x1,0x0,0x80,0x55,0x77,0x5d,0x3f,0xdb,0x70,0x4,0xaf,0xab,0x3e,0x3b,0xe,
  0x1,0x80,0xb5,0xf6,0x9a,0xea,0xf4,0x71,0x8,0x7,0xb8,0x46,0x75,0xc2,0x38,0x4,
  0x0,0x6f,0x32,0x1,0x0,0x0,0xab,0xce,0xf5,0xed,0x1c,0xc9,0x8b,0xc6,0x1,0x0,
  0xb0,0xf6,0xdc,0x40,0xc3,0x91,0x1c,0x5b,0x9d,0x32,0xe,0x1,0x40,0x40,0x7,0x0,
  0x0,0x56,0x9d,0xab,0x17,0x39,0x12,0x1,0x1d,0x0,0x36,0xd3,0xdf,0x8e,0x3,0x18,
  0x78,0xe,0x3a,0x0,0xdf,0x40,0x40,0x7,0x0,0x0,0x56,0x9d,0x37,0xbd,0x38,0x9c,
  0x53,0xab,0x7f,0x18,0x87,0x0,0xc0,0x46,0xf8,0xbb,0x71,0x0,0x3,0xbf,0x8c,0xb,
  0xc0,0x37,0x10,0xd0,0x1,0x0,0x80,0x55,0x76,0x9e,0xea,0x3a,0xe3,0x10,0xe,0xf0,
  0xd2,0x71,0x0,0x0,0x6c,0x8c,0x8f,0x54,0xef,0x1b,0x87,0x70,0x0,0x1,0x1d,0x80,
  0x6f,0x20,0xa0,0x3,0x0,0x0,0xab,0xec,0xaa,0xd5,0xf1,0xe3,0x10,0xe,0xf0,0xb2,
  0x71,0x0,0x0,0x6c,0x14,0xbf,0x4c,0xc7,0xe1,0x5c,0x73,0x1c,0x0,0x80,0x80,0xe,
  0x0,0x0,0xac,0xb2,0x6b,0x8d,0x3,0x38,0xc0,0x7e,0x1,0x1d,0x0,0x36,0x9e,0x6b,
  0xdc,0x39,0x9c,0xb,0xfd,0xff,0xec,0xfd,0x77,0x94,0xb5,0x77,0x5d,0xef,0xff,0xbf,
  0x26,0xb9,0x53,0xee,0x90,0x46,0x8,0x81,0x0,0x86,0x96,0x28,0x2d,0x40,0xe8,0xa0,
  0x14,0x69,0xd2,0x91,0xa2,0x22,0x8a,0x94,0xa3,0x8,0xa2,0x2,0xc2,0xf,0xcb,0xb1,
  0x21,0x2e,0xc1,0x1f,0x22,0x1c,0x8e,0x8a,0xa8,0x34,0x8f,0x8a,0x2,0xd2,0xa4,0x23,
  0xa1,0x8,0x84,0x4e,0x42,0x80,0x40,0xa,0x84,0x14,0x4a,0x8,0x21,0x21,0x21,0xe5,
  0x4e,0x99,0xef,0x1f,0x5c,0x77,0x32,0x79,0x67,0xcf,0xdc,0x33,0xb3,0xf7,0x9e,0x7d,
  0x5d,0xd7,0xe7,0xf1,0x58,0x6b,0x56,0xc2,0xfb,0xb3,0x39,0xdf,0xb3,0xbe,0x6b,0x1d,
  0xae,0x3d,0x9f,0xe7,0x7c,0x3e,0x57,0x92,0xc3,0xea,0x10,0x80,0xb6,0x9,0xe8,0x0,
  0x0,0xc0,0x90,0x39,0x31,0xc2,0x5a,0xbe,0x90,0xe4,0x3b,0x75,0x8,0x0,0x34,0xe5,
  0x23,0x49,0x76,0xd4,0x21,0xac,0xe0,0x8f,0x72,0x1,0xb8,0x1a,0x1,0x1d,0x0,0x0,
  0x18,0x32,0xef,0x3f,0x67,0x2d,0x4e,0x9f,0x3,0x0,0x17,0x24,0x39,0xa6,0xe,0x61,
  0x85,0x5b,0xd7,0x1,0x0,0x6d,0x13,0xd0,0x1,0x0,0x80,0x21,0xbb,0x45,0x1d,0xc0,
  0xa,0x1f,0xae,0x3,0x0,0xa0,0x49,0xbe,0x13,0xb0,0x16,0xb7,0x5a,0x1,0x70,0x35,
  0x2,0x3a,0x0,0x0,0x30,0x54,0xdb,0x6c,0x76,0xb1,0x86,0x2b,0x92,0x7c,0xb4,0xe,
  0x1,0x80,0x26,0x7d,0xa4,0xe,0x60,0x5,0xb7,0x5a,0x1,0x70,0x35,0x2,0x3a,0x0,
  0x0,0x30,0x54,0x37,0x4b,0xb2,0x67,0x1d,0x42,0xe7,0xf8,0x24,0xdf,0xaf,0x43,0x0,
  0xa0,0x49,0xc7,0x24,0xb9,0xb4,0xe,0xa1,0xe3,0x56,0x2b,0x0,0xae,0x46,0x40,0x7,
  0x0,0x0,0x86,0xca,0xbb,0xa,0x59,0x8b,0xab,0x5a,0x1,0x80,0x9d,0x2e,0x4c,0xf2,
  0xe9,0x3a,0x84,0xce,0x1,0x49,0xe,0xab,0x43,0x0,0xda,0x25,0xa0,0x3,0x0,0x0,
  0x43,0x75,0xab,0x3a,0x80,0x15,0x5c,0xd5,0xa,0x0,0xac,0xe4,0xbb,0x1,0x6b,0x71,
  0xa,0x1d,0x80,0x2b,0x9,0xe8,0x0,0x0,0xc0,0x50,0xd9,0xe4,0x62,0x2d,0xff,0x53,
  0x7,0x0,0x40,0xd3,0x7c,0x37,0x60,0x2d,0xb7,0xac,0x3,0x0,0xda,0x25,0xa0,0x3,
  0x0,0x0,0x43,0x75,0x78,0x1d,0x40,0xe7,0xc4,0x24,0x67,0xd5,0x21,0x0,0xd0,0xb4,
  0x8f,0x27,0x59,0xae,0x43,0xe8,0xf8,0xdd,0x2,0x80,0x2b,0x9,0xe8,0x0,0x0,0xc0,
  0x50,0xd9,0xe4,0x62,0x35,0x9f,0xaa,0x3,0x0,0xa0,0x79,0xe7,0x26,0xf9,0x4a,0x1d,
  0x42,0xe7,0xe6,0x75,0x0,0x40,0xbb,0x4,0x74,0x0,0x0,0x60,0x88,0xe,0x4c,0x72,
  0x70,0x1d,0x42,0xe7,0x93,0x75,0x0,0x0,0xe0,0x8f,0xec,0x58,0x83,0x3f,0xce,0x5,
  0xe0,0x4a,0x2,0x3a,0x0,0x0,0x30,0x44,0x4e,0x88,0xb0,0x96,0x4f,0xd4,0x1,0x0,
  0x80,0xef,0x8,0xac,0xe1,0x26,0x49,0xb6,0xd5,0x21,0x0,0x6d,0x12,0xd0,0x1,0x0,
  0x80,0x21,0x12,0xd0,0x59,0xcd,0x45,0x49,0x8e,0xab,0x43,0x0,0x80,0x24,0xc7,0xd4,
  0x1,0x74,0xf6,0x48,0x72,0x58,0x1d,0x2,0xd0,0x26,0x1,0x1d,0x0,0x0,0x18,0x22,
  0x57,0x2c,0xb2,0x9a,0xcf,0x27,0xb9,0xb4,0xe,0x1,0x0,0x92,0x7c,0x29,0xc9,0xf,
  0xeb,0x10,0x3a,0xfe,0x48,0x17,0x80,0x44,0x40,0x7,0x0,0x0,0x6,0x4a,0x40,0x67,
  0x35,0xde,0x7f,0xe,0x0,0xac,0xe6,0xb2,0x24,0x9f,0xa9,0x43,0xe8,0xf8,0x1d,0x3,
  0x80,0x44,0x40,0x7,0x0,0x0,0x6,0xca,0xe6,0x16,0xab,0xf9,0x5c,0x1d,0x0,0x0,
  0xac,0xe0,0xbb,0x2,0xab,0xf1,0x3b,0x6,0x0,0x89,0x80,0xe,0x0,0x0,0xc,0x94,
  0xeb,0x15,0x59,0xcd,0xb1,0x75,0x0,0x0,0xb0,0x82,0x80,0xce,0x6a,0xfc,0x8e,0x1,
  0x40,0x22,0xa0,0x3,0x0,0x0,0x3,0xb4,0x77,0x92,0x1b,0xd4,0x21,0x24,0xb9,0x38,
  0xc9,0x57,0xea,0x10,0x0,0x60,0x85,0xcf,0xd6,0x1,0x74,0x6e,0x56,0x7,0x0,0xb4,
  0x49,0x40,0x7,0x0,0x0,0x86,0xe6,0xc7,0xea,0x0,0x3a,0x5f,0xe8,0xde,0x6d,0xa,
  0x0,0xb0,0x9a,0x13,0x93,0x5c,0x58,0x87,0x90,0xe4,0x26,0x75,0x0,0x40,0x9b,0x4,
  0x74,0x0,0x0,0x60,0x68,0x6e,0x54,0x7,0xd0,0xf9,0x7c,0x1d,0x0,0x0,0x14,0x97,
  0x27,0xf9,0x72,0x1d,0x42,0x92,0xfd,0x92,0x5c,0xbb,0xe,0x1,0x68,0x8f,0x80,0xe,
  0x0,0x0,0xc,0xcd,0x61,0x75,0x0,0x1d,0x1,0x1d,0x0,0x58,0xf,0xdf,0x19,0x58,
  0xcd,0x8d,0xeb,0x0,0x80,0xf6,0x8,0xe8,0x0,0x0,0xc0,0xd0,0xd8,0xd4,0x62,0x35,
  0xc7,0xd7,0x1,0x0,0xc0,0x4,0x5f,0xaa,0x3,0xe8,0xf8,0x63,0x5d,0x0,0x4,0x74,
  0x0,0x0,0x60,0x70,0x5c,0xe1,0xce,0x6a,0x4e,0xa8,0x3,0x0,0x80,0x9,0x4,0x74,
  0x56,0xe3,0x8f,0x75,0x1,0x10,0xd0,0x1,0x0,0x80,0xc1,0x11,0xd0,0x99,0xe4,0x9b,
  0x49,0xbe,0x5f,0x87,0x0,0x0,0x13,0x78,0x7,0x3a,0xab,0xb9,0x61,0x1d,0x0,0xd0,
  0x1e,0x1,0x1d,0x0,0x0,0x18,0x1a,0xd7,0x2a,0x32,0x89,0x8d,0x70,0x0,0x60,0xbd,
  0xfc,0xe1,0x1d,0xab,0x11,0xd0,0x1,0x10,0xd0,0x1,0x0,0x80,0xc1,0xf9,0xb1,0x3a,
  0x0,0x1,0x1d,0x0,0xd8,0x20,0xaf,0x7e,0x61,0x12,0xbf,0x6b,0x0,0x20,0xa0,0x3,
  0x0,0x0,0x83,0x72,0x60,0x92,0xfd,0xeb,0x10,0xbc,0xcb,0x14,0x0,0xd8,0xa0,0x2f,
  0xd6,0x1,0x24,0xb9,0x41,0x1d,0x0,0xd0,0x1e,0x1,0x1d,0x0,0x0,0x18,0x12,0x57,
  0x2a,0xb2,0x9a,0xaf,0xd4,0x1,0x0,0xc0,0x1a,0x7c,0x77,0x60,0x12,0xbf,0x6f,0x0,
  0x20,0xa0,0x3,0x0,0x0,0x83,0x72,0xdd,0x3a,0x80,0xce,0x89,0x75,0x0,0x0,0xb0,
  0x6,0xdf,0x1d,0x98,0x64,0x1f,0x37,0x5e,0x1,0x20,0xa0,0x3,0x0,0x0,0x43,0x72,
  0x68,0x1d,0x40,0x92,0xb,0x92,0x7c,0xbb,0xe,0x1,0x0,0xd6,0x70,0x72,0x1d,0x40,
  0xc7,0x35,0xee,0x0,0x8d,0x13,0xd0,0x1,0x0,0x80,0x21,0x71,0x2,0x9d,0x49,0x6c,
  0x80,0x3,0x0,0x1b,0x75,0x6a,0x92,0x2b,0xea,0x10,0x92,0x1c,0x52,0x7,0x0,0xb4,
  0x45,0x40,0x7,0x0,0x0,0x86,0x44,0x40,0x67,0x92,0xaf,0xd5,0x1,0x0,0xc0,0x2e,
  0x5c,0x92,0xe4,0xf4,0x3a,0x4,0x27,0xd0,0x1,0x10,0xd0,0x1,0x0,0x80,0x21,0xb1,
  0x99,0xc5,0x24,0x4e,0xa0,0x3,0x0,0x9b,0xe1,0x3b,0x4,0x93,0x5c,0xaf,0xe,0x0,
  0x68,0x8b,0x80,0xe,0x0,0x0,0xc,0x89,0x13,0xe8,0x4c,0x62,0xf3,0x1b,0x0,0xd8,
  0xc,0xdf,0x21,0x98,0xe4,0xe0,0x3a,0x0,0xa0,0x2d,0x2,0x3a,0x0,0x0,0x30,0x24,
  0x2,0x3a,0x93,0xb8,0xc2,0x1d,0x0,0xd8,0x8c,0x53,0xeb,0x0,0xbc,0x3,0x1d,0x0,
  0x1,0x1d,0x0,0x0,0x18,0x92,0x43,0xeb,0x0,0x92,0x9c,0x51,0x7,0x0,0x0,0xeb,
  0xe0,0x1d,0xe8,0x4c,0x22,0xa0,0x3,0x34,0x4e,0x40,0x7,0x0,0x0,0x86,0xc4,0x66,
  0x16,0x93,0x9c,0x56,0x7,0x0,0x0,0xeb,0xf0,0x8d,0x3a,0x0,0x57,0xb8,0x3,0x20,
  0xa0,0x3,0x0,0x0,0x43,0xb1,0x6f,0x92,0xed,0x75,0x48,0xf3,0xce,0x4e,0x72,0x51,
  0x1d,0x2,0x0,0xac,0x83,0x13,0xe8,0x4c,0x22,0xa0,0x3,0x34,0x4e,0x40,0x7,0x0,
  0x0,0x86,0xe2,0xc0,0x3a,0x0,0xd7,0xb7,0x3,0x0,0x53,0xf8,0x66,0x92,0x2b,0xea,
  0x90,0xe6,0xf9,0xbd,0x3,0xa0,0x71,0x2,0x3a,0x0,0x0,0x30,0x14,0x36,0xb2,0x98,
  0xc4,0xc9,0x31,0x0,0x60,0xb3,0x2e,0x4d,0xf2,0xed,0x3a,0xa4,0x79,0x7e,0xef,0x0,
  0x68,0x9c,0x80,0xe,0x0,0x0,0xc,0xc5,0xb5,0xeb,0x0,0xbc,0xff,0x1c,0x0,0x98,
  0x92,0xef,0x12,0x54,0x7b,0x77,0x3f,0x0,0x34,0x4a,0x40,0x7,0x0,0x0,0x86,0xc2,
  0x49,0x10,0x26,0x71,0x6a,0xc,0x0,0x98,0x86,0xef,0x12,0x4c,0xe2,0x77,0xf,0x80,
  0x86,0x9,0xe8,0x0,0x0,0xc0,0x50,0xd8,0xc4,0x62,0x12,0x9b,0xde,0x0,0xc0,0x34,
  0x7c,0x97,0x60,0x12,0xb7,0x5f,0x1,0x34,0x4c,0x40,0x7,0x0,0x0,0x86,0x42,0x40,
  0x67,0x92,0xb3,0xea,0x0,0x0,0x60,0x3,0x7c,0x97,0x60,0x12,0xbf,0x7b,0x0,0x34,
  0x4c,0x40,0x7,0x0,0x0,0x86,0xc2,0x26,0x16,0x93,0xd8,0xf4,0x6,0x0,0xa6,0xf1,
  0xdd,0x3a,0x0,0xbf,0x7b,0x0,0xb4,0x4d,0x40,0x7,0x0,0x0,0x86,0xc2,0x26,0x16,
  0x93,0xb8,0x76,0x15,0x0,0x98,0xc6,0x77,0xea,0x0,0xfc,0xee,0x1,0xd0,0x36,0x1,
  0x1d,0x0,0x0,0x18,0xa,0x9b,0x58,0x4c,0xe2,0x4,0x3a,0x0,0x30,0xd,0x7f,0x8c,
  0xc7,0x24,0x7e,0xf7,0x0,0x68,0x98,0x80,0xe,0x0,0x0,0xc,0xc5,0x7e,0x75,0x40,
  0xf3,0x2e,0x48,0x72,0x61,0x1d,0x2,0x0,0x6c,0x80,0x2b,0xdc,0x99,0x64,0xff,0x3a,
  0x0,0xa0,0x1d,0x2,0x3a,0x0,0x0,0x30,0x14,0xd7,0xae,0x3,0x9a,0xf7,0xfd,0x3a,
  0x0,0x0,0xd8,0x20,0xdf,0x27,0x98,0xe4,0x80,0x3a,0x0,0xa0,0x1d,0x2,0x3a,0x0,
  0x0,0x30,0x14,0xdb,0xea,0x80,0xe6,0x9d,0x5b,0x7,0x0,0x0,0x1b,0x24,0xa0,0x33,
  0x89,0xdf,0x3d,0x0,0x1a,0x26,0xa0,0x3,0x0,0x0,0x43,0xe1,0xa,0x77,0x2a,0x1,
  0x1d,0x0,0x98,0xd6,0xe,0xaf,0x84,0x61,0x2,0x27,0xd0,0x1,0x1a,0x26,0xa0,0x3,
  0x0,0x0,0x43,0xb1,0xbd,0xe,0x68,0x9e,0x13,0x63,0x0,0xc0,0x2c,0xf8,0xa3,0x3c,
  0xaa,0xbd,0xea,0x0,0x80,0x76,0x8,0xe8,0x0,0x0,0xc0,0x50,0xec,0x5d,0x7,0x34,
  0xcf,0x66,0x37,0x0,0x30,0xb,0xbe,0x53,0x50,0xed,0x53,0x7,0x0,0xb4,0x43,0x40,
  0x7,0x0,0x0,0x86,0xc2,0x15,0xee,0x54,0x36,0xbb,0x1,0x80,0x59,0xf0,0x9d,0x82,
  0xea,0x5a,0x75,0x0,0x40,0x3b,0x4,0x74,0x0,0x0,0x60,0x28,0xb6,0xd5,0x1,0xcd,
  0x3b,0xbf,0xe,0x0,0x0,0x36,0xe1,0x7,0x75,0x40,0xf3,0xf6,0xac,0x3,0x0,0xda,
  0x21,0xa0,0x3,0x0,0x0,0x43,0x71,0xed,0x3a,0xa0,0x79,0x2,0x3a,0x0,0x30,0xb,
  0xbe,0x53,0x50,0x1d,0x50,0x7,0x0,0xb4,0x43,0x40,0x7,0x0,0x0,0x86,0xc0,0xe9,
  0x73,0x26,0xb9,0xa8,0xe,0x0,0x0,0x36,0xe1,0xe2,0x3a,0xa0,0x79,0x7b,0xd4,0x1,
  0x0,0xed,0x10,0xd0,0x1,0x0,0x80,0x21,0xf0,0xfe,0x73,0x26,0xb1,0xd9,0xd,0x0,
  0xcc,0x82,0x3f,0xca,0xa3,0xda,0xbf,0xe,0x0,0x68,0x87,0x80,0xe,0x0,0x0,0xc0,
  0x50,0xb9,0x6e,0x15,0x0,0x98,0x85,0xb,0xea,0x0,0x0,0x68,0x97,0x80,0xe,0x0,
  0x0,0xc,0xc1,0x52,0x1d,0x40,0x92,0x4b,0xeb,0x0,0x0,0x60,0x13,0x7c,0xa7,0x0,
  0x0,0xae,0x24,0xa0,0x3,0x0,0x0,0x43,0x70,0x60,0x1d,0x40,0x92,0x73,0xeb,0x0,
  0x0,0x60,0x13,0x7c,0xa7,0xa0,0xda,0xb7,0xe,0x0,0x68,0x87,0x80,0xe,0x0,0x0,
  0x0,0x0,0x40,0xcb,0x96,0xeb,0x80,0xe6,0xed,0x51,0x7,0x0,0xb4,0x43,0x40,0x7,
  0x0,0x0,0x60,0xa8,0x5c,0xb7,0xa,0x0,0x0,0x0,0xcc,0x94,0x80,0xe,0x0,0x0,
  0xc0,0x50,0x5d,0x50,0x7,0x0,0x0,0x9b,0xf0,0xfd,0x3a,0x0,0x0,0xda,0x25,0xa0,
  0x3,0x0,0x0,0x0,0x0,0x0,0x0,0x80,0x80,0xe,0x0,0x0,0xc,0xc4,0xbe,0x75,
  0x0,0x0,0x0,0x30,0x27,0x7b,0xd5,0x1,0x0,0xed,0x10,0xd0,0x1,0x0,0x80,0x21,
  0xd8,0xa3,0xe,0x0,0x0,0x0,0xe6,0x64,0x9f,0x3a,0x0,0xa0,0x1d,0x2,0x3a,0x0,
  0x0,0x0,0x43,0xb5,0x5c,0x7,0x0,0x0,0x0,0x0,0xd3,0x10,0xd0,0x1,0x0,0x0,
  0x18,0xaa,0xcb,0xeb,0x0,0x0,0x0,0x0,0x60,0x1a,0x2,0x3a,0x0,0x0,0x0,0x43,
  0xb5,0xad,0xe,0x0,0x0,0x0,0x0,0xa6,0x21,0xa0,0x3,0x0,0x0,0x0,0x0,0x0,
  0x5c,0xe5,0x92,0x3a,0x0,0xa0,0x1d,0x2,0x3a,0x0,0x0,0x30,0x4,0x97,0xd6,0x1,
  0x0,0x0,0xc0,0x9c,0x5c,0x58,0x7,0x0,0xb4,0x43,0x40,0x7,0x0,0x0,0x86,0xe0,
  0x82,0x3a,0x0,0x0,0x0,0x0,0x80,0x59,0x13,0xd0,0x1,0x0,0x0,0x18,0xaa,0xbd,
  0xeb,0x0,0x0,0x60,0x13,0xf6,0xaf,0x3,0x0,0xa0,0x5d,0x2,0x3a,0x0,0x0,0x0,
  0x43,0xb5,0xbd,0xe,0x0,0x0,0x36,0x61,0xf7,0x3a,0x0,0x0,0xda,0x25,0xa0,0x3,
  0x0,0x0,0x0,0x0,0x0,0x5c,0x65,0xb9,0xe,0x0,0x68,0x87,0x80,0xe,0x0,0x0,
  0xc,0x81,0xd,0x2c,0x26,0xd9,0xaf,0xe,0x0,0x0,0x36,0xe1,0x80,0x3a,0xa0,0x79,
  0xe7,0xd6,0x1,0x0,0xed,0x10,0xd0,0x1,0x0,0x80,0x21,0xb0,0x81,0xc5,0x24,0xdb,
  0xea,0x0,0x0,0x60,0x13,0x7c,0xa7,0x0,0x0,0xae,0x24,0xa0,0x3,0x0,0x0,0x30,
  0x54,0xd7,0xae,0x3,0x0,0x80,0x4d,0x70,0x2,0x1d,0x0,0xb8,0x92,0x80,0xe,0x0,
  0x0,0xc,0xc1,0xf9,0x75,0x0,0x49,0xf6,0xa8,0x3,0x0,0x80,0x4d,0xf0,0x9d,0x82,
  0xea,0x87,0x75,0x0,0x40,0x3b,0x4,0x74,0x0,0x0,0x60,0x8,0x2e,0xab,0x3,0x48,
  0xb2,0x6f,0x1d,0x0,0x0,0x6c,0x82,0xef,0x14,0x54,0x3b,0xea,0x0,0x80,0x76,0x8,
  0xe8,0x0,0x0,0xc0,0x50,0x5c,0x54,0x7,0x34,0x6f,0x7b,0x1d,0x0,0x0,0x6c,0x82,
  0xef,0x14,0x54,0xe7,0xd5,0x1,0x0,0xed,0x10,0xd0,0x1,0x0,0x80,0xa1,0xb8,0xb8,
  0xe,0x68,0xde,0xfe,0x75,0x0,0x0,0xb0,0x9,0xbe,0x53,0x50,0x5d,0x5a,0x7,0x0,
  0xb4,0x43,0x40,0x7,0x0,0x0,0x86,0xc2,0x26,0x16,0xd5,0x81,0x75,0x0,0x0,0xb0,
  0x9,0xbe,0x53,0x50,0xfd,0xa0,0xe,0x0,0x68,0x87,0x80,0xe,0x0,0x0,0xc,0xc5,
  0x5,0x75,0x40,0xf3,0x6c,0x76,0x3,0x0,0xb3,0xe0,0x3b,0x5,0xd5,0x25,0x75,0x0,
  0x40,0x3b,0x4,0x74,0x0,0x0,0x60,0x28,0x4,0x74,0x2a,0x9b,0xdd,0x0,0xc0,0x2c,
  0x5c,0xbb,0xe,0x68,0xde,0x85,0x75,0x0,0x40,0x3b,0x4,0x74,0x0,0x0,0x60,0x28,
  0x7e,0x58,0x7,0x34,0x4f,0x40,0x7,0x0,0xa6,0xb5,0x7b,0x92,0xfd,0xea,0x90,0xe6,
  0xf9,0xdd,0x3,0xa0,0x61,0x2,0x3a,0x0,0x0,0x30,0x14,0x36,0xb1,0xa8,0x4,0x74,
  0x0,0x60,0x5a,0xbe,0x4f,0x30,0xc9,0x8e,0x3a,0x0,0xa0,0x1d,0x2,0x3a,0x0,0x0,
  0x30,0x14,0xdf,0xaf,0x3,0x9a,0x77,0x50,0x1d,0x0,0x0,0x6c,0x90,0xeb,0xdb,0x99,
  0xe4,0xbc,0x3a,0x0,0xa0,0x1d,0x2,0x3a,0x0,0x0,0x30,0x14,0xde,0x81,0x4e,0x75,
  0x40,0x92,0x3d,0xea,0x10,0x0,0x60,0x3,0xae,0x5b,0x7,0x90,0xe4,0xfc,0x3a,0x0,
  0xa0,0x1d,0x2,0x3a,0x0,0x0,0x30,0x14,0xae,0x70,0x67,0x92,0x83,0xeb,0x0,0x0,
  0x60,0x3,0x7c,0x97,0x60,0x92,0x73,0xeb,0x0,0x80,0x76,0x8,0xe8,0x0,0x0,0xc0,
  0x50,0x8,0xe8,0x4c,0x62,0xd3,0x1b,0x0,0x98,0x86,0xef,0x12,0x4c,0x22,0xa0,0x3,
  0x34,0x4c,0x40,0x7,0x0,0x0,0x86,0xc2,0x3b,0xd0,0x99,0xe4,0x7a,0x75,0x0,0x0,
  0xb0,0x1,0xbe,0x4b,0x30,0x89,0x80,0xe,0xd0,0x30,0x1,0x1d,0x0,0x0,0x18,0xa,
  0x9b,0x58,0x4c,0x72,0x68,0x1d,0x0,0x0,0x6c,0xc0,0xf5,0xeb,0x0,0xfc,0xee,0x1,
  0xd0,0x36,0x1,0x1d,0x0,0x0,0x18,0x8a,0xef,0xd5,0x1,0x38,0x35,0x6,0x0,0x4c,
  0xc9,0x77,0x9,0x26,0x11,0xd0,0x1,0x1a,0x26,0xa0,0x3,0x0,0x0,0x43,0x71,0x4e,
  0x1d,0x40,0x92,0x1b,0xd6,0x1,0x0,0xc0,0x6,0xf8,0x2e,0xc1,0x24,0x2,0x3a,0x40,
  0xc3,0x4,0x74,0x0,0x0,0x60,0x28,0xbc,0x3,0x9d,0x49,0x6e,0x54,0x7,0x0,0x0,
  0x1b,0xe0,0xbb,0x4,0xd5,0x65,0x49,0x2e,0xa8,0x43,0x0,0xda,0x21,0xa0,0x3,0x0,
  0x0,0x43,0xe1,0x4,0x3a,0x93,0xd8,0xf4,0x6,0x0,0x36,0x6b,0x37,0xdf,0x25,0x98,
  0xc0,0xe9,0x73,0x80,0xc6,0x9,0xe8,0x0,0x0,0xc0,0x50,0x8,0xe8,0x4c,0x72,0x58,
  0x1d,0x0,0x0,0xac,0xd3,0xf5,0x93,0xec,0x51,0x87,0x34,0x4f,0x40,0x7,0x68,0x9c,
  0x80,0xe,0x0,0x0,0xc,0xc5,0xf9,0xdd,0x75,0x8a,0xb0,0x92,0x8d,0x6f,0x0,0x60,
  0xb3,0xfc,0x21,0x1e,0x93,0x7c,0xb7,0xe,0x0,0x68,0x8b,0x80,0xe,0x0,0x0,0xc,
  0xc9,0xd9,0x75,0x40,0xf3,0x5c,0xbd,0xa,0x0,0x6c,0x96,0xef,0x10,0x4c,0xe2,0x77,
  0xe,0x80,0xc6,0x9,0xe8,0x0,0x0,0xc0,0x90,0x38,0xd,0xc2,0x24,0x36,0xbf,0x1,
  0x80,0xcd,0xf0,0x1d,0x82,0x49,0x4,0x74,0x80,0xc6,0x9,0xe8,0x0,0x0,0xc0,0x90,
  0x7c,0xab,0xe,0x20,0xc9,0x4d,0xea,0x0,0x0,0x60,0x1d,0x6e,0x56,0x7,0xe0,0x8f,
  0x76,0x1,0x10,0xd0,0x1,0x0,0x80,0x21,0x39,0xab,0xe,0x20,0xc9,0xe1,0x75,0x0,
  0x0,0xb0,0xe,0xbe,0x43,0x30,0xc9,0x77,0xea,0x0,0x80,0xb6,0x8,0xe8,0x0,0x0,
  0xc0,0x90,0x8,0xe8,0x4c,0x62,0xf3,0x1b,0x0,0xd8,0xc,0x27,0xd0,0x99,0xc4,0x9,
  0x74,0x80,0xc6,0x9,0xe8,0x0,0x0,0xc0,0x90,0x7c,0xbb,0xe,0x40,0x40,0x7,0x0,
  0x36,0x61,0xf7,0x24,0x37,0xad,0x43,0xf0,0xda,0x28,0x0,0x4,0x74,0x0,0x0,0x60,
  0x48,0x5c,0xa7,0xc8,0x24,0x2,0x3a,0x0,0xb0,0x51,0x87,0x25,0xd9,0xb3,0xe,0x41,
  0x40,0x7,0x40,0x40,0x7,0x0,0x0,0x86,0xc4,0x75,0x8a,0x4c,0x72,0x50,0xf7,0x3,
  0x0,0xb0,0x5e,0xfe,0x0,0x8f,0xd5,0xf8,0xa3,0x5d,0x80,0xc6,0x9,0xe8,0x0,0x0,
  0xc0,0x90,0x9c,0x59,0x7,0xd0,0xf1,0xe,0x53,0x0,0x60,0x23,0x6e,0x5e,0x7,0x90,
  0x64,0x47,0x92,0xb3,0xeb,0x10,0x80,0xb6,0x8,0xe8,0x0,0x0,0xc0,0x90,0x7c,0xb3,
  0xe,0xa0,0x73,0xab,0x3a,0x0,0x0,0x58,0x83,0xef,0xe,0x4c,0xf2,0xed,0x3a,0x0,
  0xa0,0x3d,0x2,0x3a,0x0,0x0,0x30,0x24,0x67,0x27,0xb9,0xa8,0xe,0xc1,0x26,0x38,
  0x0,0xb0,0x41,0xb7,0xac,0x3,0x48,0x72,0x7a,0x1d,0x0,0xd0,0x1e,0x1,0x1d,0x0,
  0x0,0x18,0x9a,0x33,0xea,0x0,0x4,0x74,0x0,0x60,0x83,0x6e,0x5d,0x7,0xe0,0x95,
  0x51,0x0,0x44,0x40,0x7,0x0,0x0,0x6,0xc8,0x35,0xee,0x4c,0x62,0x13,0x1c,0x0,
  0x58,0xaf,0x6b,0x27,0x39,0xb4,0xe,0xc1,0xef,0x1a,0x0,0x44,0x40,0x7,0x0,0x0,
  0x6,0xe8,0xb4,0x3a,0x80,0x24,0x37,0x49,0xb2,0xbd,0xe,0x1,0x0,0x26,0x70,0x73,
  0xd,0xab,0xf1,0xbb,0x6,0x0,0x2,0x3a,0x0,0x0,0x30,0x38,0xae,0x55,0x64,0x92,
  0xdd,0xbc,0xcb,0x14,0x0,0x58,0x27,0x37,0xd7,0xb0,0x1a,0xaf,0x8b,0x2,0x40,0x40,
  0x7,0x0,0x0,0x6,0xc7,0xb5,0x8a,0xac,0xe6,0x36,0x75,0x0,0x0,0x30,0x81,0xef,
  0xc,0xac,0xc6,0x9,0x74,0x0,0x4,0x74,0x0,0x0,0x60,0x70,0x4e,0xad,0x3,0xe8,
  0x1c,0x55,0x7,0x0,0x0,0x13,0xdc,0xbe,0xe,0xa0,0xf3,0x8d,0x3a,0x0,0xa0,0x3d,
  0x2,0x3a,0x0,0x0,0x30,0x34,0x5f,0xab,0x3,0xe8,0xd8,0xc,0x7,0x0,0x76,0x65,
  0x29,0xc9,0xed,0xea,0x10,0x92,0x5c,0x9c,0xe4,0xdb,0x75,0x8,0x40,0x7b,0x4,0x74,
  0x0,0x0,0x60,0x68,0x9c,0x40,0x67,0x35,0x2,0x3a,0x0,0xb0,0x2b,0x37,0x4f,0xb2,
  0x7f,0x1d,0x82,0xd3,0xe7,0x0,0xec,0x24,0xa0,0x3,0x0,0x0,0x43,0xf3,0xc3,0x24,
  0xdf,0xa9,0x43,0x48,0x72,0x60,0x92,0x9b,0xd5,0x21,0x0,0xc0,0xa,0x77,0xa8,0x3,
  0xe8,0xf8,0x43,0x5d,0x0,0x12,0x1,0x1d,0x0,0x0,0x18,0x28,0x9b,0x5b,0xac,0xc6,
  0xa6,0x38,0x0,0xb0,0x96,0xa3,0xea,0x0,0x3a,0x27,0xd7,0x1,0x0,0x6d,0x12,0xd0,
  0x1,0x0,0x80,0x21,0xf2,0x1e,0x74,0x56,0xe3,0x1a,0x77,0x0,0x60,0x2d,0xbe,0x2b,
  0xb0,0x1a,0x1,0x1d,0x80,0x44,0x40,0x7,0x0,0x0,0x6,0xca,0x9,0x74,0x56,0x73,
  0xa7,0x3a,0x0,0x0,0x58,0xc1,0x77,0x5,0x56,0xe3,0x8f,0x74,0x1,0x48,0x4,0x74,
  0x0,0x0,0x60,0xa0,0xbe,0x5e,0x7,0xd0,0xb9,0x5b,0x92,0xa5,0x3a,0x4,0x0,0x48,
  0x72,0x44,0x92,0x83,0xeb,0x10,0x3a,0x27,0xd5,0x1,0x0,0x6d,0x12,0xd0,0x1,0x0,
  0x80,0x21,0x72,0xbd,0x22,0xab,0x39,0x20,0xc9,0x2d,0xea,0x10,0x0,0x20,0xc9,0x5d,
  0xeb,0x0,0x3a,0x57,0x38,0x81,0xe,0xc0,0x4e,0x2,0x3a,0x0,0x0,0x30,0x44,0x5f,
  0xad,0x3,0x58,0xe1,0x2e,0x75,0x0,0x0,0x20,0xa0,0xb3,0x86,0x33,0x92,0x5c,0x52,
  0x87,0x0,0xb4,0x49,0x40,0x7,0x0,0x0,0x86,0xe8,0x9b,0x49,0x2e,0xa8,0x43,0xe8,
  0xdc,0xad,0xe,0x0,0x0,0x7c,0x47,0x60,0xd,0xa7,0xd4,0x1,0x0,0xed,0x12,0xd0,
  0x1,0x0,0x80,0xa1,0x3a,0xb1,0xe,0xa0,0x63,0x73,0x1c,0x0,0xa8,0xb6,0x27,0xb9,
  0x5d,0x1d,0x42,0xc7,0x2b,0xa2,0x0,0xb8,0x92,0x80,0xe,0x0,0x0,0xc,0x95,0x80,
  0xce,0x6a,0x6e,0x93,0x64,0xdf,0x3a,0x4,0x0,0x9a,0x76,0xa7,0x24,0x7b,0xd4,0x21,
  0x74,0x4,0x74,0x0,0xae,0x24,0xa0,0x3,0x0,0x0,0x43,0x25,0xa0,0xb3,0x9a,0x6d,
  0x49,0xee,0x51,0x87,0x0,0x40,0xd3,0xee,0x59,0x7,0xb0,0xc2,0x49,0x75,0x0,0x40,
  0xbb,0x4,0x74,0x0,0x0,0x60,0xa8,0xbe,0x5a,0x7,0xb0,0xc2,0xbd,0xeb,0x0,0x0,
  0x68,0x9a,0xef,0x6,0xac,0xe5,0xf8,0x3a,0x0,0xa0,0x5d,0x2,0x3a,0x0,0x0,0x30,
  0x54,0x4e,0xa0,0xb3,0x96,0x7b,0xd5,0x1,0x0,0xd0,0x2c,0xb7,0xd3,0xb0,0x96,0x4b,
  0x92,0x7c,0xbd,0xe,0x1,0x68,0x97,0x80,0xe,0x0,0x0,0xc,0xd5,0x9,0x49,0x96,
  0xeb,0x10,0x3a,0x77,0x4e,0xb2,0xbd,0xe,0x1,0x80,0x26,0xdd,0x21,0xc9,0xbe,0x75,
  0x8,0x9d,0x13,0x92,0x5c,0x5e,0x87,0x0,0xb4,0x4b,0x40,0x7,0x0,0x0,0x86,0xea,
  0x87,0x4e,0x8a,0xb0,0x86,0xbd,0x92,0xdc,0xb5,0xe,0x1,0x80,0x26,0xb9,0x99,0x86,
  0xb5,0x9c,0x50,0x7,0x0,0xb4,0x4d,0x40,0x7,0x0,0x0,0x86,0xec,0x4b,0x75,0x0,
  0x2b,0x78,0xd7,0x29,0x0,0x10,0xdf,0x9,0xd8,0x5,0xbf,0x53,0x0,0x70,0x35,0x2,
  0x3a,0x0,0x0,0x30,0x64,0x36,0xbb,0x58,0xcb,0x7d,0xeb,0x0,0x0,0x68,0xce,0x36,
  0x1,0x9d,0x5d,0xf8,0x72,0x1d,0x0,0xd0,0x36,0x1,0x1d,0x0,0x0,0x18,0x32,0x1,
  0x9d,0xb5,0xdc,0xc3,0xfb,0x4e,0x1,0xa0,0x79,0x77,0x4b,0xb2,0x5f,0x1d,0xc2,0xa,
  0x7e,0xa7,0x0,0xe0,0x6a,0x4,0x74,0x0,0x0,0x60,0xc8,0x6c,0x76,0xb1,0x96,0x6d,
  0x49,0x7e,0xba,0xe,0x1,0x80,0xa6,0x3c,0xb0,0xe,0x60,0x85,0x4b,0x92,0x7c,0xad,
  0xe,0x1,0x68,0x9b,0x80,0xe,0x0,0x0,0xc,0xd9,0x9,0x49,0x2e,0xaf,0x43,0x58,
  0xe1,0x1,0x75,0x0,0x0,0x34,0xe5,0xfe,0x75,0x0,0x2b,0x7c,0x25,0xc9,0x65,0x75,
  0x8,0x40,0xdb,0x4,0x74,0x0,0x0,0x60,0xc8,0x2e,0x4e,0x72,0x4a,0x1d,0xc2,0xa,
  0x2,0x3a,0x0,0xb4,0xeb,0xc0,0x24,0x77,0xa9,0x43,0x58,0xe1,0xf8,0x3a,0x0,0x0,
  0x1,0x1d,0x0,0x0,0x18,0xba,0x63,0xeb,0x0,0x56,0xb8,0x45,0x92,0x1b,0xd5,0x21,
  0x0,0xd0,0x84,0xfb,0x26,0xd9,0xbd,0xe,0x61,0x5,0xbf,0x4b,0x0,0x70,0xd,0x2,
  0x3a,0x0,0x0,0x30,0x74,0x9f,0xaf,0x3,0x28,0x1e,0x54,0x7,0x0,0x40,0x13,0x7c,
  0x7,0x60,0x57,0x3e,0x57,0x7,0x0,0x20,0xa0,0x3,0x0,0x0,0x43,0xe7,0xd4,0x8,
  0xbb,0xf2,0xb0,0x3a,0x0,0x0,0x46,0x6f,0x29,0xc9,0x43,0xea,0x10,0xa,0x7f,0x8c,
  0xb,0xc0,0x35,0x8,0xe8,0x0,0x0,0xc0,0xd0,0x39,0x35,0xc2,0xae,0x3c,0x20,0xc9,
  0xde,0x75,0x8,0x0,0x8c,0xda,0x51,0x49,0x6e,0x58,0x87,0xb0,0xc2,0xd7,0x93,0x9c,
  0x5b,0x87,0x0,0x20,0xa0,0x3,0x0,0x0,0x43,0x77,0x56,0x92,0x33,0xeb,0x10,0x56,
  0xd8,0x27,0xc9,0x4f,0xd7,0x21,0x0,0x30,0x6a,0xf,0xad,0x3,0x28,0xdc,0x64,0x5,
  0xc0,0x44,0x2,0x3a,0x0,0x0,0x30,0x6,0x36,0xbf,0xd8,0x95,0x87,0xd7,0x1,0x0,
  0x30,0x6a,0x9e,0xfd,0xec,0x8a,0xeb,0xdb,0x1,0x98,0x48,0x40,0x7,0x0,0x0,0xc6,
  0x40,0x40,0x67,0x57,0xbc,0x3,0x15,0x0,0xda,0x71,0xfd,0x24,0x77,0xac,0x43,0x28,
  0xbc,0xa,0xa,0x80,0x89,0x4,0x74,0x0,0x0,0x60,0xc,0x3e,0x5b,0x7,0x50,0xdc,
  0x38,0xc9,0xed,0xea,0x10,0x0,0x18,0xa5,0x87,0xd9,0xfb,0x66,0x1d,0xfc,0x11,0x2e,
  0x0,0x13,0xf9,0x12,0x1,0x0,0x0,0x8c,0xc1,0xa7,0xeb,0x0,0x26,0x78,0x74,0x1d,
  0x0,0x0,0xa3,0xe4,0x99,0xcf,0xae,0x9c,0x95,0xe4,0xcc,0x3a,0x4,0x80,0x8,0xe8,
  0x0,0x0,0xc0,0x48,0x9c,0x91,0xe4,0x9b,0x75,0x8,0x85,0xcd,0x74,0x0,0x18,0xbf,
  0x3,0x93,0xdc,0xaf,0xe,0xa1,0xf8,0x54,0x1d,0x0,0xc0,0x4e,0x2,0x3a,0x0,0x0,
  0x30,0x16,0x4e,0xa1,0xb3,0x2b,0xb7,0x49,0xf2,0x13,0x75,0x8,0x0,0x8c,0xca,0xc3,
  0x92,0xec,0x59,0x87,0x50,0x7c,0xb2,0xe,0x0,0x60,0x27,0x1,0x1d,0x0,0x0,0x18,
  0xb,0xa7,0x48,0x58,0xf,0xa7,0xd0,0x1,0x60,0xdc,0x1e,0x53,0x7,0x30,0xc1,0x27,
  0xea,0x0,0x0,0x76,0x12,0xd0,0x1,0x0,0x80,0xb1,0x70,0x2,0x9d,0xf5,0xb0,0xa9,
  0xe,0x0,0xe3,0x75,0xad,0x24,0x3f,0x53,0x87,0x50,0x5c,0xe1,0x77,0x7,0x0,0xd6,
  0x22,0xa0,0x3,0x0,0x0,0x63,0xf1,0xe9,0x24,0xcb,0x75,0x8,0xc5,0x1d,0x93,0xdc,
  0xa4,0xe,0x1,0x80,0x51,0x78,0x68,0x92,0xed,0x75,0x8,0xc5,0x9,0x49,0xce,0xab,
  0x43,0x0,0xd8,0x49,0x40,0x7,0x0,0x0,0xc6,0xe2,0xdc,0x24,0x27,0xd6,0x21,0x4c,
  0xf0,0xf8,0x3a,0x0,0x0,0x46,0xe1,0x17,0xeb,0x0,0x26,0xf0,0xfe,0x73,0x0,0xd6,
  0x24,0xa0,0x3,0x0,0x0,0x63,0xe2,0x5d,0x86,0xac,0x87,0xcd,0x75,0x0,0x18,0x9f,
  0x3,0x93,0x3c,0xb8,0xe,0x61,0x2,0xbf,0x33,0x0,0xb0,0x26,0x1,0x1d,0x0,0x0,
  0x18,0x93,0x8f,0xd4,0x1,0x4c,0x70,0x9b,0x24,0xb7,0xad,0x43,0x0,0x60,0xd0,0x1e,
  0x93,0x64,0xaf,0x3a,0x84,0x9,0x4,0x74,0x0,0xd6,0x24,0xa0,0x3,0x0,0x0,0x63,
  0x72,0x4c,0x1d,0xc0,0x2a,0x5c,0xe3,0xe,0x0,0xe3,0xe2,0xd9,0xce,0x7a,0x9c,0x9f,
  0xe4,0xcb,0x75,0x8,0x0,0x2b,0x9,0xe8,0x0,0x0,0xc0,0x98,0x7c,0x25,0xc9,0x39,
  0x75,0x8,0x13,0xfc,0x62,0x92,0xa5,0x3a,0x4,0x0,0x6,0xe9,0x6,0x49,0xee,0x53,
  0x87,0x30,0xc1,0xa7,0x92,0x5c,0x5e,0x87,0x0,0xb0,0x92,0x80,0xe,0x0,0x0,0x8c,
  0xc9,0x72,0x92,0x8f,0xd6,0x21,0x4c,0x70,0x58,0x92,0x9f,0xac,0x43,0x0,0x60,0x90,
  0x1e,0x67,0xaf,0x9b,0x75,0xfa,0x9f,0x3a,0x0,0x80,0xca,0x97,0xa,0x0,0x0,0x60,
  0x6c,0x3e,0x5e,0x7,0xb0,0x8a,0x27,0xd4,0x1,0x0,0x30,0x48,0x4f,0xaa,0x3,0x58,
  0xc5,0x47,0xea,0x0,0x0,0x2a,0x1,0x1d,0x0,0x0,0x18,0x1b,0x1,0x9d,0xf5,0xfa,
  0xc5,0x24,0xfb,0xd6,0x21,0x0,0x30,0x28,0x77,0x4c,0x72,0x64,0x1d,0xc2,0x4,0x3b,
  0x92,0x7c,0xa2,0xe,0x1,0xa0,0x12,0xd0,0x1,0x0,0x80,0xb1,0xf9,0x74,0x92,0x8b,
  0xeb,0x10,0x26,0xd8,0x2f,0xc9,0x63,0xeb,0x10,0x0,0x18,0x14,0xa7,0xcf,0x59,0xaf,
  0x4f,0x25,0xb9,0xa8,0xe,0x1,0xa0,0x12,0xd0,0x1,0x0,0x80,0xb1,0xb9,0xd8,0xc9,
  0x12,0x36,0xe0,0xc9,0x75,0x0,0x0,0xc,0xc6,0x5e,0x49,0x1e,0x5f,0x87,0xb0,0xa,
  0xd7,0xb7,0x3,0xb0,0x2e,0x2,0x3a,0x0,0x0,0x30,0x46,0x1f,0xaa,0x3,0x58,0xc5,
  0x3d,0x93,0xdc,0xbc,0xe,0x1,0x80,0x41,0x78,0x44,0x92,0x83,0xea,0x10,0x56,0x21,
  0xa0,0x3,0xb0,0x2e,0x2,0x3a,0x0,0x0,0x30,0x46,0x1f,0xac,0x3,0x58,0xc5,0x52,
  0x92,0x27,0xd6,0x21,0x0,0x30,0x8,0xae,0x6f,0x67,0xbd,0x2e,0x4b,0xf2,0xf1,0x3a,
  0x4,0x80,0x49,0x96,0x96,0x97,0x97,0xeb,0xc,0x0,0x0,0xa0,0x57,0x96,0x96,0x96,
  0xea,0x68,0x57,0xf6,0x4a,0xf2,0xfd,0x24,0xdb,0xeb,0x2,0x4c,0x70,0x66,0x92,0x9b,
  0x74,0x1b,0xab,0xb0,0x65,0xec,0xc9,0x30,0x26,0x9b,0x78,0x56,0xc3,0xb4,0x6e,0x92,
  0xe4,0x14,0x87,0xc4,0x58,0xa7,0x4f,0x27,0xb9,0x4b,0x1d,0xae,0xc5,0x73,0x1a,0xa0,
  0x5d,0xbe,0x5c,0x0,0x0,0x0,0x63,0x74,0x49,0x92,0x63,0xea,0x10,0x56,0x71,0xc3,
  0x24,0xf,0xaf,0x43,0x0,0xa0,0xd7,0x9e,0x6a,0x7f,0x9b,0xd,0xf8,0x70,0x1d,0x0,
  0xc0,0x6a,0x7c,0xc1,0x0,0x0,0x0,0xc6,0xca,0x7b,0xd0,0xd9,0x88,0xa7,0xd5,0x1,
  0x0,0xd0,0x5b,0x7b,0x26,0x79,0x4a,0x1d,0xc2,0x1a,0xbc,0xe2,0x9,0x80,0x75,0x13,
  0xd0,0x1,0x0,0x80,0xb1,0xb2,0x49,0xc6,0x46,0xdc,0x3f,0xc9,0xe1,0x75,0x8,0x0,
  0xf4,0xd2,0xa3,0x92,0x5c,0xaf,0xe,0x61,0x15,0x3b,0x92,0x7c,0xa4,0xe,0x1,0x60,
  0x35,0x2,0x3a,0x0,0x0,0x30,0x56,0x9f,0x4a,0x72,0x41,0x1d,0xc2,0x2a,0x76,0x4b,
  0xf2,0xeb,0x75,0x8,0x0,0xf4,0x92,0x9b,0x63,0xd8,0x88,0x8f,0xfb,0xbd,0x0,0x80,
  0x8d,0x10,0xd0,0x1,0x0,0x80,0xb1,0x72,0xd2,0x84,0x8d,0x7a,0x52,0x92,0xbd,0xea,
  0x10,0x0,0xe8,0x95,0x5b,0x26,0xb9,0x77,0x1d,0xc2,0x1a,0xde,0x5f,0x7,0x0,0xb0,
  0x16,0x1,0x1d,0x0,0x0,0x18,0xb3,0xff,0xae,0x3,0x58,0xc3,0xc1,0x49,0x1e,0x5f,
  0x87,0x0,0x40,0xaf,0xfc,0x66,0x92,0xa5,0x3a,0x84,0x35,0x8,0xe8,0x0,0x6c,0xc8,
  0xd2,0xf2,0xf2,0x72,0x9d,0x1,0x0,0x0,0xf4,0xca,0xd2,0xd2,0xa6,0xf7,0x48,0x8f,
  0x4c,0xf2,0x85,0x3a,0x84,0x35,0x1c,0x97,0xe4,0xf6,0x75,0x8,0xf3,0x60,0x4f,0x86,
  0x31,0x99,0xe2,0x59,0xd,0x1b,0x71,0x60,0x92,0x33,0x92,0x5c,0xab,0x2e,0xc0,0x2a,
  0xce,0x49,0x72,0x48,0x92,0xcb,0xeb,0xc2,0xae,0x78,0x4e,0x3,0xb4,0xcb,0x9,0x74,
  0x0,0x0,0x60,0xcc,0x8e,0xef,0x36,0x59,0x61,0xbd,0x6e,0x97,0xe4,0x3e,0x75,0x8,
  0x0,0xf4,0xc2,0xaf,0x89,0xe7,0x6c,0xd0,0x7,0x36,0x13,0xcf,0x1,0x68,0x9b,0x80,
  0xe,0x0,0x0,0x8c,0x9d,0x6b,0xdc,0xd9,0xa8,0x67,0xd6,0x1,0x0,0xb0,0x70,0xbb,
  0x27,0x79,0x46,0x1d,0xc2,0x2e,0xb8,0xbe,0x1d,0x80,0xd,0x13,0xd0,0x1,0x0,0x80,
  0xb1,0x7b,0x4f,0x1d,0xc0,0x2e,0x3c,0x22,0xc9,0xcd,0xeb,0x10,0x0,0x58,0xa8,0x47,
  0x27,0xb9,0x71,0x1d,0xc2,0x2e,0x8,0xe8,0x0,0x6c,0x98,0x80,0xe,0x0,0x0,0x8c,
  0xdd,0xfb,0x5d,0xdb,0xc8,0x6,0xed,0x96,0xe4,0xb7,0xea,0x10,0x0,0x58,0x28,0x37,
  0xc4,0xb0,0x51,0x27,0x25,0x39,0xb5,0xe,0x1,0x60,0x57,0x4,0x74,0x0,0x0,0x60,
  0xec,0xce,0x49,0x72,0x4c,0x1d,0xc2,0x2e,0x3c,0x25,0xc9,0x41,0x75,0x8,0x0,0x2c,
  0xc4,0xdd,0x93,0xfc,0x64,0x1d,0xc2,0x2e,0xbc,0xb3,0xe,0x0,0x60,0x3d,0x4,0x74,
  0x0,0x0,0xa0,0x5,0xef,0xaa,0x3,0xd8,0x85,0xfd,0x92,0xfc,0x46,0x1d,0x2,0x0,
  0xb,0xf1,0xbb,0x75,0x0,0xeb,0xf0,0x8e,0x3a,0x0,0x80,0xf5,0x58,0x5a,0x5e,0x5e,
  0xae,0x33,0x0,0x0,0x80,0x5e,0x59,0x5a,0x5a,0xaa,0xa3,0x8d,0x3a,0x32,0xc9,0x17,
  0xea,0x10,0x76,0xe1,0xac,0x24,0x37,0x4d,0x72,0x61,0x5d,0x80,0x59,0xb0,0x27,0xc3,
  0x98,0xcc,0xe0,0x59,0xd,0xab,0xb9,0x55,0x92,0xe3,0x1d,0x6,0x63,0x83,0xce,0x4b,
  0x72,0x48,0x92,0x1d,0x75,0x61,0xbd,0x3c,0xa7,0x1,0xda,0xe5,0x4b,0x7,0x0,0x0,
  0xd0,0x82,0xe3,0x93,0x9c,0x56,0x87,0xb0,0xb,0x87,0x24,0x79,0x72,0x1d,0x2,0x0,
  0x5b,0xea,0xff,0x67,0x1f,0x9b,0x4d,0x78,0xff,0x34,0xf1,0x1c,0x80,0xb6,0xf9,0xe2,
  0x1,0x0,0x0,0xb4,0xc2,0x35,0xee,0x6c,0xc6,0x73,0x92,0x6c,0xab,0x43,0x0,0x60,
  0x4b,0xfc,0x58,0x92,0xc7,0xd7,0x21,0xac,0x83,0xeb,0xdb,0x1,0xd8,0x34,0x1,0x1d,
  0x0,0x0,0x68,0xc5,0x3b,0xeb,0x0,0xd6,0xe1,0xa6,0x49,0x7e,0xae,0xe,0x1,0x80,
  0x2d,0xf1,0xec,0x24,0x7b,0xd6,0x21,0xec,0xc2,0x15,0xfe,0x78,0x16,0x80,0x69,0x78,
  0x7,0x3a,0x0,0x0,0xd0,0x7b,0x33,0x7a,0xaf,0xea,0x3e,0x49,0xce,0x4e,0xb2,0xbd,
  0x2e,0xc0,0x2e,0x7c,0x29,0xc9,0x6d,0xbb,0xcd,0x58,0x98,0x19,0x7b,0x32,0x8c,0xc9,
  0x8c,0x9e,0xd5,0xb0,0xd2,0x21,0x49,0xbe,0xde,0x7d,0x87,0x83,0x8d,0x38,0x26,0xc9,
  0x3d,0xea,0x70,0xa3,0x3c,0xa7,0x1,0xda,0xe5,0x4,0x3a,0x0,0x0,0xd0,0x8a,0xb,
  0x93,0xbc,0xaf,0xe,0x61,0x1d,0x6e,0xed,0x14,0x3a,0x0,0x6c,0xb9,0xe7,0x89,0xe7,
  0x6c,0x92,0xeb,0xdb,0x1,0x98,0x8a,0x80,0xe,0x0,0x0,0xb4,0xe4,0xad,0x75,0x0,
  0xeb,0xf4,0x87,0x7e,0x87,0x6,0x80,0x2d,0x73,0x48,0x92,0xa7,0xd5,0x21,0xac,0x93,
  0x57,0x37,0x1,0x30,0x15,0xbf,0xfc,0x3,0x0,0x0,0x2d,0xf9,0xaf,0x24,0x97,0xd7,
  0x21,0xac,0xc3,0x6d,0x92,0x3c,0xba,0xe,0x1,0x80,0xb9,0x78,0x6e,0x92,0x6b,0xd5,
  0x21,0xac,0xc3,0xa9,0x49,0x8e,0xab,0x43,0x0,0xd8,0x8,0x1,0x1d,0x0,0x0,0x68,
  0xc9,0xf7,0x92,0x7c,0xa4,0xe,0x61,0x9d,0xfe,0xd8,0xef,0xd1,0x0,0x30,0x77,0xd7,
  0x4d,0xf2,0xf4,0x3a,0x84,0x75,0x7a,0x73,0x1d,0x0,0xc0,0x46,0xf9,0xc5,0x1f,0x0,
  0x0,0x68,0xcd,0xdb,0xea,0x0,0xd6,0xe9,0x48,0xa7,0xd0,0x1,0x60,0xee,0x9e,0x9b,
  0x64,0xdf,0x3a,0x84,0x75,0xfa,0xcf,0x3a,0x0,0x80,0x8d,0x5a,0x5a,0x5e,0x5e,0xae,
  0x33,0x0,0x0,0x80,0x5e,0x59,0x5a,0x5a,0xaa,0xa3,0x69,0xdc,0xb8,0xbb,0xda,0x11,
  0x36,0xe3,0x84,0x24,0xb7,0x4d,0x72,0x59,0x5d,0x80,0x8d,0xb2,0x27,0xc3,0x98,0xcc,
  0xf8,0x59,0x4d,0xbb,0xe,0x4d,0x72,0x4a,0x92,0xed,0x75,0x1,0xd6,0xe1,0x8c,0x24,
  0x87,0x25,0x99,0xc9,0x3,0xd6,0x73,0x1a,0xa0,0x5d,0x4e,0xa0,0x3,0x0,0x0,0xad,
  0xf9,0x46,0x92,0xcf,0xd5,0x21,0xac,0xd3,0x2d,0x93,0x3c,0xa1,0xe,0x1,0x80,0x99,
  0xf8,0x63,0xf1,0x9c,0x29,0xbc,0x65,0x56,0xf1,0x1c,0x80,0xb6,0x9,0xe8,0x0,0x0,
  0x40,0x8b,0x5c,0xed,0xc8,0x34,0xfe,0x34,0xc9,0x9e,0x75,0x8,0x0,0x4c,0xe5,0xe6,
  0x49,0x9e,0x52,0x87,0xb0,0x1,0xbe,0xe3,0x3,0x30,0x13,0x2,0x3a,0x0,0x0,0xd0,
  0xa2,0x37,0xd4,0x1,0x6c,0xc0,0x61,0x49,0x9e,0x5e,0x87,0x0,0xc0,0x54,0x9e,0xef,
  0xf,0xd4,0x98,0xc2,0x59,0x49,0x3e,0x5a,0x87,0x0,0xb0,0x19,0x2,0x3a,0x0,0x0,
  0xd0,0xa2,0x93,0x5d,0xe3,0xce,0x94,0xfe,0x77,0x92,0x7d,0xeb,0x10,0x0,0xd8,0x94,
  0xdb,0x26,0xf9,0xc5,0x3a,0x84,0xd,0x78,0x6b,0x92,0xcb,0xeb,0x10,0x0,0x36,0x43,
  0x40,0x7,0x0,0x0,0x5a,0xf5,0xc6,0x3a,0x80,0xd,0xb8,0x6e,0x92,0xe7,0xd6,0x21,
  0x0,0xb0,0x29,0x7f,0x69,0xaf,0x9a,0x29,0xb9,0xbe,0x1d,0x80,0x99,0x59,0x5a,0x5e,
  0x5e,0xae,0x33,0x0,0x0,0x80,0x5e,0x59,0x5a,0x5a,0xaa,0xa3,0x59,0xb8,0x79,0x77,
  0x12,0x1d,0x36,0xeb,0x82,0x24,0x3f,0x9e,0xe4,0x5b,0x75,0x1,0xd6,0xc3,0x9e,0xc,
  0x63,0x32,0xa7,0x67,0x35,0x6d,0x78,0x40,0x92,0xf7,0xd5,0x21,0x6c,0xc0,0x39,0x49,
  0xae,0x9f,0xe4,0xd2,0xba,0x30,0xd,0xcf,0x69,0x80,0x76,0xf9,0xab,0x3e,0x0,0x0,
  0xa0,0x55,0xa7,0x24,0xf9,0x6c,0x1d,0xc2,0x6,0xec,0x9b,0xe4,0xcf,0xeb,0x10,0x0,
  0x58,0xb7,0xdd,0xba,0xd3,0xe7,0x30,0x8d,0x37,0xce,0x3a,0x9e,0x3,0xd0,0x36,0x1,
  0x1d,0x0,0x0,0x68,0xd9,0x1b,0xea,0x0,0x36,0xe8,0x49,0x49,0x8e,0xaa,0x43,0x0,
  0x60,0x5d,0x3c,0x47,0x99,0x85,0xd7,0xd7,0x1,0x0,0x4c,0xc3,0x15,0xee,0x0,0x0,
  0x40,0xef,0xcd,0xf1,0x5a,0xd8,0x9b,0x24,0xf9,0x5a,0x92,0xb9,0xfd,0x7f,0x80,0x26,
  0x7c,0x30,0xc9,0x7d,0xeb,0x10,0x76,0xc5,0x9e,0xc,0x63,0x32,0xc7,0x67,0x35,0xe3,
  0xb5,0x6f,0x92,0x13,0x93,0x1c,0x5a,0x17,0x60,0x3,0x4e,0xef,0xbe,0xd3,0x5f,0x51,
  0x17,0xa6,0xe5,0x39,0xd,0xd0,0x2e,0x27,0xd0,0x1,0x0,0x80,0x96,0x9d,0x9a,0xe4,
  0x63,0x75,0x8,0x1b,0xf4,0xd3,0x49,0x1e,0x54,0x87,0x0,0xc0,0x9a,0x7e,0x4f,0x3c,
  0x67,0x6,0xfe,0x7d,0x1e,0xf1,0x1c,0x80,0xb6,0x9,0xe8,0x0,0x0,0x40,0xeb,0xfe,
  0xb5,0xe,0x60,0x13,0x5e,0x9e,0x64,0xcf,0x3a,0x4,0x0,0x26,0x3a,0x2c,0xc9,0xef,
  0xd4,0x21,0x6c,0xc2,0xbf,0xd5,0x1,0x0,0x4c,0x4b,0x40,0x7,0x0,0x0,0x5a,0xf7,
  0x86,0x24,0x3b,0xea,0x10,0x36,0xe8,0x88,0x24,0xcf,0xae,0x43,0x0,0x60,0xa2,0x97,
  0x26,0xd9,0x5e,0x87,0xb0,0x41,0x5f,0x4e,0x72,0x6c,0x1d,0x2,0xc0,0xb4,0x4,0x74,
  0x0,0x0,0xa0,0x75,0xe7,0x24,0x79,0x77,0x1d,0xc2,0x26,0xfc,0x61,0x92,0x1b,0xd4,
  0x21,0x0,0x70,0x35,0xf7,0x4b,0xf2,0xe8,0x3a,0x84,0x4d,0x70,0xfa,0x1c,0x80,0xb9,
  0x10,0xd0,0x1,0x0,0x0,0x5c,0xe3,0xce,0x6c,0xec,0x9b,0xe4,0xaf,0xea,0x10,0x0,
  0xb8,0xd2,0xb6,0xee,0xb5,0x27,0x30,0xad,0xe5,0x24,0xaf,0xaf,0x43,0x0,0x98,0x5,
  0x1,0x1d,0x0,0x0,0x20,0x79,0x47,0x92,0xf3,0xea,0x10,0x36,0xe1,0x71,0x49,0xee,
  0x5d,0x87,0x0,0x40,0x92,0xe4,0x99,0x49,0x6e,0x55,0x87,0xb0,0x9,0x9f,0x48,0xf2,
  0xb5,0x3a,0x4,0x80,0x59,0x10,0xd0,0x1,0x0,0x0,0x92,0x8b,0x92,0xbc,0xb9,0xe,
  0x61,0x13,0x96,0xba,0x93,0x75,0xdb,0xea,0x2,0x0,0x34,0xee,0xd0,0x24,0x7f,0x54,
  0x87,0xb0,0x49,0xaf,0xad,0x3,0x0,0x98,0x15,0x1,0x1d,0x0,0x0,0xe0,0x47,0x6c,
  0xc2,0x31,0x2b,0xb7,0x4d,0xf2,0xec,0x3a,0x4,0x80,0xc6,0xfd,0x9f,0x24,0x7,0xd4,
  0x21,0x6c,0xc2,0x45,0x49,0xfe,0xa3,0xe,0x1,0x60,0x56,0x96,0x96,0x97,0x97,0xeb,
  0xc,0x0,0x0,0xa0,0x57,0x96,0x96,0x96,0xea,0x68,0x1e,0x96,0x92,0x9c,0x94,0xe4,
  0xe6,0x75,0x1,0x36,0xe1,0xc2,0x24,0xb7,0x4e,0x72,0x6a,0x5d,0x80,0x9d,0xec,0xc9,
  0x30,0x26,0x5b,0xf4,0xac,0x66,0xb8,0x1e,0x92,0xe4,0x9d,0x75,0x8,0x9b,0xf4,0xaf,
  0x49,0x7e,0xb9,0xe,0x67,0xcd,0x73,0x1a,0xa0,0x5d,0x4e,0xa0,0x3,0x0,0x0,0xfc,
  0xc8,0x72,0x92,0xd7,0xd4,0x21,0x6c,0xd2,0x3e,0x49,0xfe,0xa6,0xe,0x1,0xa0,0x41,
  0xfb,0x24,0xf9,0xdb,0x3a,0x84,0x29,0xb8,0x39,0xa,0x80,0xb9,0x12,0xd0,0x1,0x0,
  0x0,0xae,0xf2,0x9a,0x24,0x97,0xd7,0x21,0x6c,0xd2,0x43,0x93,0xfc,0x5c,0x1d,0x2,
  0x40,0x63,0xfe,0x24,0xc9,0x4d,0xea,0x10,0x36,0xe9,0xb4,0x24,0x47,0xd7,0x21,0x0,
  0xcc,0x92,0x80,0xe,0x0,0x0,0x70,0x95,0x6f,0x26,0x79,0x6f,0x1d,0xc2,0x14,0x5e,
  0xe6,0x7d,0xaf,0x0,0x34,0xec,0xb6,0x49,0x7e,0xa7,0xe,0x61,0xa,0xaf,0x4b,0x72,
  0x45,0x1d,0x2,0xc0,0x2c,0x9,0xe8,0x0,0x0,0x0,0x57,0xe7,0x4a,0x48,0x66,0xe9,
  0x6,0x49,0x5e,0x5c,0x87,0x0,0xd0,0x80,0x6d,0x49,0x5e,0xd5,0xfd,0x13,0x66,0xe1,
  0xa,0xaf,0x5c,0x2,0x60,0x2b,0x8,0xe8,0x0,0x0,0x0,0x57,0xf7,0xf6,0x24,0xe7,
  0xd4,0x21,0x4c,0xe1,0x57,0x93,0xdc,0xaf,0xe,0x1,0x60,0xe4,0x9e,0x93,0xe4,0x4e,
  0x75,0x8,0x53,0x38,0x3a,0xc9,0xd7,0xeb,0x10,0x0,0x66,0x4d,0x40,0x7,0x0,0x0,
  0xb8,0xba,0x4b,0x92,0xfc,0x73,0x1d,0xc2,0x14,0x96,0x92,0xfc,0x63,0x92,0x7d,0xeb,
  0x2,0x0,0x8c,0xd4,0x4f,0x24,0xf9,0xd3,0x3a,0x84,0x29,0xb9,0x29,0xa,0x80,0x2d,
  0x21,0xa0,0x3,0x0,0x0,0x5c,0xd3,0x3f,0xd4,0x1,0x4c,0xe9,0xa6,0x49,0x5e,0x58,
  0x87,0x0,0x30,0x42,0xbb,0x25,0x79,0x75,0x92,0xbd,0xeb,0x2,0x4c,0xe1,0x9c,0x24,
  0x6f,0xae,0x43,0x0,0x98,0x7,0x1,0x1d,0x0,0x0,0xe0,0x9a,0x4e,0x48,0xf2,0x91,
  0x3a,0x84,0x29,0xfd,0x46,0x92,0x7b,0xd5,0x21,0x0,0x8c,0xcc,0x6f,0x27,0xb9,0x47,
  0x1d,0xc2,0x94,0x5e,0x93,0xe4,0xa2,0x3a,0x4,0x80,0x79,0x58,0x5a,0x5e,0x5e,0xae,
  0x33,0x0,0x0,0x80,0x5e,0x59,0x5a,0x5a,0xaa,0xa3,0xad,0xf0,0x4b,0x49,0xfe,0xa5,
  0xe,0x61,0x4a,0x27,0x27,0xb9,0x7d,0x92,0x1f,0xd6,0x5,0xda,0x63,0x4f,0x86,0x31,
  0x59,0xd0,0xb3,0x9a,0xfe,0x39,0x22,0xc9,0xb1,0x49,0xf6,0xa9,0xb,0x30,0x85,0xe5,
  0x24,0xb7,0x48,0x72,0x62,0x5d,0x98,0x27,0xcf,0x69,0x80,0x76,0x39,0x81,0xe,0x0,
  0x0,0x30,0xd9,0x9b,0x92,0x7c,0xaf,0xe,0x61,0x4a,0x87,0x27,0x79,0x49,0x1d,0x2,
  0xc0,0x8,0x6c,0x4b,0xf2,0xff,0xc4,0x73,0xe6,0xe0,0xe8,0xad,0x8e,0xe7,0x0,0xb4,
  0x4d,0x40,0x7,0x0,0x0,0x98,0xec,0x92,0x24,0xaf,0xab,0x43,0x98,0x81,0xa7,0x26,
  0x79,0x48,0x1d,0x2,0xc0,0xc0,0xfd,0x7e,0x92,0xbb,0xd6,0x21,0xcc,0xc0,0x2b,0xea,
  0x0,0x0,0xe6,0xc9,0x15,0xee,0x0,0x0,0x40,0xef,0x2d,0xf0,0x5a,0xd8,0x9f,0xe8,
  0xde,0x87,0xbe,0xb0,0xff,0xb,0x30,0x5a,0xdf,0x4e,0x72,0x64,0x92,0xb3,0xeb,0x2,
  0xed,0xb0,0x27,0xc3,0x98,0x2c,0xf0,0x59,0x4d,0x3f,0xdc,0x29,0xc9,0x31,0xdd,0x29,
  0x74,0x98,0xa5,0x6f,0x25,0xb9,0x71,0x92,0x4b,0xeb,0xc2,0xbc,0x79,0x4e,0x3,0xb4,
  0xcb,0x9,0x74,0x0,0x0,0x80,0xd5,0x7d,0xb5,0xbb,0x32,0x12,0x66,0xed,0xfa,0x49,
  0xfe,0xbe,0xe,0x1,0x60,0x80,0xb6,0x77,0x57,0xb7,0x8b,0xe7,0xcc,0xc3,0xab,0x16,
  0x11,0xcf,0x1,0x68,0x9b,0x80,0xe,0x0,0x0,0xb0,0xb6,0xbf,0xab,0x3,0x98,0x91,
  0xc7,0x24,0x79,0x62,0x1d,0x2,0xc0,0xc0,0xbc,0x38,0xc9,0x2d,0xea,0x10,0x66,0xe0,
  0xf2,0x24,0xff,0x50,0x87,0x0,0x30,0x6f,0xae,0x70,0x7,0x0,0x0,0x7a,0x6f,0xc1,
  0xd7,0xc2,0xee,0x9e,0xe4,0xd4,0x24,0x37,0xaa,0xb,0x30,0x3,0x17,0x24,0xb9,0x43,
  0x92,0x93,0xea,0x2,0xe3,0x67,0x4f,0x86,0x31,0x59,0xf0,0xb3,0x9a,0xc5,0x79,0x44,
  0x92,0xb7,0x7a,0xdd,0xd,0x73,0xf2,0xf6,0x24,0x8f,0xac,0xc3,0xad,0xe2,0x39,0xd,
  0xd0,0x2e,0x27,0xd0,0x1,0x0,0x0,0xd6,0x76,0x79,0x92,0x57,0xd4,0x21,0xcc,0xc8,
  0xbe,0x49,0x5e,0x9f,0x64,0xaf,0xba,0x0,0x0,0x3d,0x77,0xc3,0x24,0xaf,0x16,0xcf,
  0x99,0xa3,0xff,0x5b,0x7,0x0,0xb0,0x15,0x4,0x74,0x0,0x0,0x80,0x5d,0xfb,0x87,
  0x24,0x17,0xd7,0x21,0xcc,0xc8,0x1d,0x93,0xbc,0xb0,0xe,0x1,0xa0,0xc7,0x76,0x4f,
  0xf2,0x2f,0x49,0xae,0x53,0x17,0x60,0x46,0xbe,0x98,0xe4,0x3,0x75,0x8,0x0,0x5b,
  0x41,0x40,0x7,0x0,0x0,0xd8,0xb5,0xb3,0xbb,0x53,0xc2,0x30,0x2f,0xcf,0x4a,0xf2,
  0x90,0x3a,0x4,0x80,0x9e,0xfa,0x83,0x24,0xf7,0xa9,0x43,0x98,0xa1,0x97,0x27,0x71,
  0x87,0x3a,0x0,0xb,0xe1,0x1d,0xe8,0x0,0x0,0x40,0xef,0xf5,0xe4,0xbd,0xaa,0xb7,
  0x4b,0x72,0x6c,0x1d,0xc2,0xc,0x7d,0x37,0xc9,0x51,0x49,0xce,0xac,0xb,0x8c,0x93,
  0x3d,0x19,0xc6,0xa4,0x27,0xcf,0x6a,0xb6,0xc6,0x3d,0x93,0x1c,0x9d,0x64,0x5b,0x5d,
  0x80,0x19,0x39,0x3b,0xc9,0x8f,0x2d,0xfa,0x6,0x28,0xcf,0x69,0x80,0x76,0x39,0x81,
  0xe,0x0,0x0,0xb0,0x3e,0xc7,0x25,0xf9,0x60,0x1d,0xc2,0xc,0x5d,0xb7,0xbb,0xe9,
  0x40,0x90,0x0,0xa0,0xaf,0x3c,0xab,0xd8,0xa,0xaf,0x5c,0x74,0x3c,0x7,0xa0,0x6d,
  0x2,0x3a,0x0,0x0,0xc0,0xfa,0xbd,0xa4,0xe,0x60,0xc6,0xee,0x99,0xe4,0x2f,0xea,
  0x10,0x0,0x7a,0x60,0xf7,0x2e,0x9e,0xdf,0xb0,0x2e,0xc0,0xc,0x5d,0x9a,0xe4,0xef,
  0xea,0x10,0x0,0xb6,0x92,0x80,0xe,0x0,0x0,0xb0,0x7e,0xef,0x4e,0xf2,0xd5,0x3a,
  0x84,0x19,0x7b,0x6e,0x92,0x9f,0xad,0x43,0x0,0x58,0xb0,0x3f,0x49,0x72,0xbf,0x3a,
  0x84,0x19,0x7b,0x63,0x92,0x6f,0xd6,0x21,0x0,0x6c,0x25,0x1,0x1d,0x0,0x0,0x60,
  0xfd,0xae,0x48,0xf2,0xd7,0x75,0x8,0x33,0xb6,0x94,0xe4,0x35,0x49,0x6e,0x56,0x17,
  0x0,0x60,0x41,0x1e,0x92,0xe4,0x7f,0xd7,0x21,0xcc,0xc1,0x4b,0xeb,0x0,0x0,0xb6,
  0xda,0xd2,0xf2,0xf2,0x72,0x9d,0x1,0x0,0x0,0xf4,0xca,0xd2,0xd2,0x52,0x1d,0x2d,
  0xd2,0xf6,0x24,0xa7,0x25,0x39,0xb8,0x2e,0xc0,0x8c,0x1d,0x9b,0xe4,0xee,0xde,0x1,
  0x3a,0x5e,0xf6,0x64,0x18,0x93,0x9e,0x3d,0xab,0x99,0xad,0x1b,0x27,0xf9,0x6c,0x92,
  0xeb,0xd4,0x5,0x98,0xb1,0x8f,0x25,0xf9,0xa9,0x3a,0x5c,0x14,0xcf,0x69,0x80,0x76,
  0x39,0x81,0xe,0x0,0x0,0xb0,0x31,0x17,0x79,0x2f,0x23,0x5b,0xe4,0xf6,0x49,0xfe,
  0xb1,0xe,0x1,0x60,0xb,0x6d,0x4f,0xf2,0x66,0xf1,0x9c,0x2d,0xf2,0xe2,0x3a,0x0,
  0x80,0x45,0x70,0x2,0x1d,0x0,0x0,0xe8,0xbd,0x1e,0x9e,0x6a,0xbb,0x7e,0x92,0xaf,
  0x27,0xd9,0xbb,0x2e,0xc0,0x1c,0x3c,0x3b,0xc9,0xcb,0xea,0x90,0xe1,0xb3,0x27,0xc3,
  0x98,0xf4,0xf0,0x59,0xcd,0x6c,0xfc,0x6b,0x92,0xc7,0xd7,0x21,0xcc,0xc1,0x97,0x93,
  0x1c,0xd9,0xbd,0x32,0xa9,0x17,0x3c,0xa7,0x1,0xda,0xe5,0x4,0x3a,0x0,0x0,0xc0,
  0xc6,0x7d,0x3b,0xc9,0x6b,0xeb,0x10,0xe6,0xe4,0xc5,0x49,0xee,0x57,0x87,0x0,0x30,
  0x67,0xbf,0x23,0x9e,0xb3,0x85,0x5e,0xdc,0xa7,0x78,0xe,0x40,0xdb,0x9c,0x40,0x7,
  0x0,0x0,0x7a,0xaf,0xa7,0xa7,0xda,0x6e,0x9e,0xe4,0xab,0x49,0x76,0xaf,0xb,0x30,
  0x7,0x67,0x27,0xb9,0x73,0x92,0x53,0xeb,0x2,0xc3,0x65,0x4f,0x86,0x31,0xe9,0xe9,
  0xb3,0x9a,0xcd,0x7b,0x40,0x92,0x77,0xfb,0x9e,0xc3,0x16,0x39,0x3d,0xc9,0xe1,0x49,
  0x76,0xd4,0x85,0x45,0xf2,0x9c,0x6,0x68,0x97,0x13,0xe8,0x0,0x0,0x0,0x9b,0x73,
  0x4a,0x92,0x37,0xd6,0x21,0xcc,0xc9,0xc1,0x49,0xde,0x9a,0xe4,0x5a,0x75,0x1,0x0,
  0x66,0xec,0x66,0x49,0x5e,0x2f,0x9e,0xb3,0x85,0xfe,0xba,0x6f,0xf1,0x1c,0x80,0xb6,
  0x39,0x81,0xe,0x0,0x0,0xf4,0x5e,0x8f,0x4f,0xb5,0xdd,0x3e,0xc9,0xe7,0x92,0xf4,
  0xf6,0xff,0x82,0x8c,0xce,0x5b,0x92,0x3c,0xd6,0x15,0xa7,0xe3,0x60,0x4f,0x86,0x31,
  0xe9,0xf1,0xb3,0x9a,0x8d,0x39,0x20,0xc9,0xc7,0x92,0xdc,0xba,0x2e,0xc0,0x9c,0x9c,
  0x93,0xe4,0xb0,0x24,0x3f,0xac,0xb,0x8b,0xe6,0x39,0xd,0xd0,0x2e,0x27,0xd0,0x1,
  0x0,0x0,0x36,0xef,0xd8,0x24,0xef,0xad,0x43,0x98,0xa3,0x47,0x25,0x79,0x51,0x1d,
  0x2,0xc0,0xc,0x6c,0x4b,0xf2,0x6,0xf1,0x9c,0x2d,0xf6,0x37,0x7d,0x8c,0xe7,0x0,
  0xb4,0xcd,0x9,0x74,0x0,0x0,0xa0,0xf7,0x7a,0x7e,0xaa,0xed,0xde,0x49,0x3e,0x54,
  0x87,0x30,0x67,0x4f,0x4e,0xf2,0xda,0x3a,0x64,0x58,0xec,0xc9,0x30,0x26,0x3d,0x7f,
  0x56,0xb3,0x3e,0xaf,0x48,0xf2,0xb4,0x3a,0x84,0x39,0xba,0x30,0xc9,0x8d,0x93,0x9c,
  0x5d,0x17,0xfa,0xc0,0x73,0x1a,0xa0,0x5d,0x4e,0xa0,0x3,0x0,0x0,0x4c,0xe7,0xc3,
  0x49,0x3e,0x5e,0x87,0x30,0x67,0xaf,0xec,0xfe,0x78,0x3,0x0,0x66,0xe1,0x99,0xe2,
  0x39,0xb,0xf0,0x4f,0x7d,0x8d,0xe7,0x0,0xb4,0xcd,0x9,0x74,0x0,0x0,0xa0,0xf7,
  0x6,0x70,0xaa,0xed,0xc1,0x49,0xde,0x55,0x87,0x30,0x67,0xe7,0x24,0xb9,0x5b,0x92,
  0x93,0xea,0x2,0xc3,0x60,0x4f,0x86,0x31,0x19,0xc0,0xb3,0x9a,0xd5,0x3d,0x24,0xc9,
  0xdb,0x93,0xec,0x5e,0x17,0x60,0x8e,0x2e,0x49,0x72,0xf3,0x24,0x67,0xd6,0x85,0xbe,
  0xf0,0x9c,0x6,0x68,0x97,0x13,0xe8,0x0,0x0,0x0,0xd3,0x7b,0x77,0x92,0x4f,0xd5,
  0x21,0xcc,0xd9,0x41,0x49,0xde,0x93,0xe4,0x7a,0x75,0x1,0x0,0xd6,0xe9,0xce,0xdd,
  0x7b,0xcf,0xc5,0x73,0xb6,0xda,0x3f,0xf6,0x39,0x9e,0x3,0xd0,0x36,0x27,0xd0,0x1,
  0x0,0x80,0xde,0x1b,0xc8,0xa9,0xb6,0x87,0x26,0x79,0x47,0x1d,0xc2,0x16,0xf8,0x74,
  0x92,0xfb,0x26,0xb9,0xa0,0x2e,0xd0,0x6f,0xf6,0x64,0x18,0x93,0x81,0x3c,0xab,0xb9,
  0xba,0x9b,0x75,0xaf,0xa1,0xf1,0x87,0x58,0x6c,0xb5,0x4b,0x92,0x1c,0x9e,0xe4,0x8c,
  0xba,0xd0,0x27,0x9e,0xd3,0x0,0xed,0x72,0x2,0x1d,0x0,0x0,0x60,0x36,0xde,0x95,
  0xe4,0xb3,0x75,0x8,0x5b,0xe0,0xce,0x49,0xfe,0x23,0xc9,0xb6,0xba,0x0,0x0,0xab,
  0x38,0xd8,0x2d,0x26,0x2c,0xd0,0xab,0xfa,0x1e,0xcf,0x1,0x68,0x9b,0x80,0xe,0x0,
  0x0,0x30,0x1b,0xcb,0x49,0x5e,0x50,0x87,0xb0,0x45,0x1e,0x92,0xe4,0x95,0x49,0x1c,
  0x1,0x5,0x60,0x57,0xf6,0xe9,0x6e,0xcd,0x39,0xa2,0x2e,0xc0,0x16,0xd8,0x91,0xe4,
  0x45,0x75,0x8,0x0,0x7d,0x22,0xa0,0x3,0x0,0x0,0xcc,0xce,0xdb,0x93,0x1c,0x5b,
  0x87,0xb0,0x45,0x9e,0x92,0xe4,0xf9,0x75,0x8,0x0,0x2b,0x6c,0x4b,0xf2,0xfa,0x24,
  0x77,0xad,0xb,0xb0,0x45,0x5e,0x9d,0xe4,0xf4,0x3a,0x4,0x80,0x3e,0xf1,0xe,0x74,
  0x0,0x0,0xa0,0xf7,0x6,0xf6,0x5e,0xd5,0x9f,0x4d,0xf2,0x96,0x3a,0x84,0x2d,0xf4,
  0xec,0x24,0x2f,0xab,0x43,0xfa,0xc7,0x9e,0xc,0x63,0x32,0xb0,0x67,0x75,0xab,0x96,
  0x92,0xfc,0x73,0x92,0x5f,0xae,0xb,0xb0,0x45,0x76,0x24,0xf9,0xf1,0x24,0xdf,0xa8,
  0xb,0x7d,0xe4,0x39,0xd,0xd0,0x2e,0x27,0xd0,0x1,0x0,0x0,0x66,0xeb,0x6d,0x49,
  0x3e,0x53,0x87,0xb0,0x85,0xfe,0x3a,0xc9,0x13,0xeb,0x10,0x80,0xe6,0xfd,0x1f,0xf1,
  0x9c,0x5,0x7b,0xcd,0x50,0xe2,0x39,0x0,0x6d,0x73,0x2,0x1d,0x0,0x0,0xe8,0xbd,
  0x1,0x9e,0x6a,0x7b,0x50,0x92,0x77,0xd7,0x21,0x6c,0xa1,0xcb,0x93,0x3c,0x36,0xc9,
  0x5b,0xeb,0x2,0xfd,0x61,0x4f,0x86,0x31,0x19,0xe0,0xb3,0xba,0x35,0xcf,0x4f,0xf2,
  0xc7,0x75,0x8,0x5b,0x68,0x47,0x92,0x23,0x92,0x9c,0x56,0x17,0xfa,0xca,0x73,0x1a,
  0xa0,0x5d,0x4e,0xa0,0x3,0x0,0x0,0xcc,0xde,0x7b,0x92,0x7c,0xb4,0xe,0x61,0xb,
  0xed,0x9e,0xe4,0xdf,0x93,0xdc,0xb7,0x2e,0x0,0xd0,0x9c,0x67,0x8a,0xe7,0xf4,0xc0,
  0x2b,0x86,0x14,0xcf,0x1,0x68,0x9b,0x13,0xe8,0x0,0x0,0x40,0xef,0xd,0xf4,0x54,
  0xdb,0xbd,0x93,0x7c,0xa8,0xe,0x61,0x8b,0x5d,0xd0,0xdd,0x88,0xf0,0xb1,0xba,0xc0,
  0xe2,0xd9,0x93,0x61,0x4c,0x6,0xfa,0xac,0x6e,0xc1,0xff,0x4a,0xf2,0x8f,0xdd,0xfb,
  0xcf,0x61,0x51,0x2e,0x48,0x72,0xf3,0x24,0x67,0xd5,0x85,0x3e,0xf3,0x9c,0x6,0x68,
  0x97,0x13,0xe8,0x0,0x0,0x0,0xf3,0xf1,0xe1,0x24,0xef,0xaf,0x43,0xd8,0x62,0xfb,
  0x26,0x79,0x67,0x92,0xbb,0xd4,0x5,0x0,0x46,0xef,0x57,0x92,0xfc,0x83,0x78,0x4e,
  0xf,0xbc,0x74,0x68,0xf1,0x1c,0x80,0xb6,0x39,0x81,0xe,0x0,0x0,0xf4,0xde,0x80,
  0x4f,0xb5,0xdd,0x25,0xc9,0x27,0xeb,0x10,0x16,0xe0,0xdc,0x24,0xf7,0x4b,0xf2,0xb9,
  0xba,0xc0,0xe2,0xd8,0x93,0x61,0x4c,0x6,0xfc,0xac,0x1e,0xab,0xc7,0x25,0xf9,0x97,
  0xee,0x95,0x1e,0xb0,0x48,0x67,0x27,0x39,0x3c,0xc9,0x79,0x75,0xa1,0xef,0x3c,0xa7,
  0x1,0xda,0xe5,0x4,0x3a,0x0,0x0,0xc0,0xfc,0x7c,0x2a,0xc9,0x5b,0xea,0x10,0x16,
  0xe0,0xc0,0x24,0xef,0x4b,0x72,0xbb,0xba,0x0,0xc0,0xe8,0x3c,0x56,0x3c,0xa7,0x47,
  0xfe,0x72,0x88,0xf1,0x1c,0x80,0xb6,0x39,0x81,0xe,0x0,0x0,0xf4,0xde,0xc0,0x4f,
  0xb5,0xdd,0x22,0xc9,0xf1,0x49,0xb6,0xd5,0x5,0x58,0x80,0xef,0x26,0xf9,0xe9,0x24,
  0x5f,0xaa,0xb,0x6c,0x3d,0x7b,0x32,0x8c,0xc9,0xc0,0x9f,0xd5,0x63,0xf2,0xb3,0x49,
  0xfe,0x23,0xc9,0x9e,0x75,0x1,0x16,0xe0,0xcc,0x24,0x47,0x24,0xb9,0xa8,0x2e,0xc,
  0x81,0xe7,0x34,0x40,0xbb,0x9c,0x40,0x7,0x0,0x0,0x98,0xaf,0xaf,0x24,0x79,0x75,
  0x1d,0xc2,0x82,0x5c,0x37,0xc9,0x7,0x93,0xdc,0xb6,0x2e,0x0,0x30,0x78,0x8f,0x11,
  0xcf,0xe9,0x99,0x3f,0x1b,0x6a,0x3c,0x7,0xa0,0x6d,0x4e,0xa0,0x3,0x0,0x0,0xbd,
  0x37,0x82,0x53,0x6d,0x87,0x26,0x39,0x29,0xc9,0xb5,0xea,0x2,0x2c,0xc8,0xf7,0x92,
  0x3c,0xd0,0x3b,0xd1,0x17,0xcb,0x9e,0xc,0x63,0x32,0x82,0x67,0xf5,0xd0,0xfd,0x42,
  0x77,0x6d,0xbb,0x1b,0x6f,0xe8,0x8b,0x93,0x92,0xdc,0x2a,0xc9,0x65,0x75,0x61,0x28,
  0x3c,0xa7,0x1,0xda,0xe5,0x4,0x3a,0x0,0x0,0xc0,0xfc,0x7d,0x2b,0xc9,0xcb,0xea,
  0x10,0x16,0xe8,0x3a,0x49,0x3e,0x90,0xe4,0x2e,0x75,0x1,0x80,0xc1,0x79,0x42,0x92,
  0x7f,0x15,0xcf,0xe9,0x99,0xdf,0x1d,0x72,0x3c,0x7,0xa0,0x6d,0x4e,0xa0,0x3,0x0,
  0x0,0xbd,0x37,0x92,0x53,0x6d,0xfb,0x27,0x39,0x25,0xc9,0xc1,0x75,0x1,0x16,0xe8,
  0xbc,0x24,0xf,0x49,0xf2,0xf1,0xba,0xc0,0xfc,0xd9,0x93,0x61,0x4c,0x46,0xf2,0xac,
  0x1e,0xa2,0xa7,0x24,0xf9,0x87,0x24,0xbb,0xd7,0x5,0x58,0xa0,0xf,0x27,0xb9,0x4f,
  0x1d,0xe,0x8d,0xe7,0x34,0x40,0xbb,0x9c,0x40,0x7,0x0,0x0,0xd8,0x1a,0x3f,0x48,
  0xf2,0x82,0x3a,0x84,0x5,0x3b,0x20,0xc9,0x7b,0x92,0xdc,0xb7,0x2e,0x0,0xd0,0x7b,
  0xcf,0x48,0xf2,0x4f,0xe2,0x39,0x3d,0xb3,0x9c,0xe4,0xf7,0xea,0x10,0x0,0x86,0x44,
  0x40,0x7,0x0,0x0,0xd8,0x3a,0x7f,0x9f,0xe4,0xe4,0x3a,0x84,0x5,0xdb,0x2f,0xc9,
  0xbb,0x93,0x3c,0xa2,0x2e,0x0,0xd0,0x5b,0x7f,0x94,0xe4,0x6f,0x92,0x38,0xfa,0x4f,
  0xdf,0xfc,0x7b,0x92,0x4f,0xd4,0x21,0x0,0xc,0x89,0x80,0xe,0x0,0x0,0xb0,0x75,
  0x76,0x24,0x79,0x5e,0x1d,0x42,0xf,0xec,0x99,0xe4,0xcd,0x49,0x7e,0xa5,0x2e,0x0,
  0xd0,0x2b,0x4b,0x49,0x5e,0x9a,0xe4,0xcf,0xea,0x2,0xf4,0xc0,0x45,0x4e,0x9f,0x3,
  0x30,0x6,0x2,0x3a,0x0,0x0,0xc0,0xd6,0x7a,0x4b,0x92,0xf,0xd5,0x21,0xf4,0xc0,
  0xee,0x49,0x5e,0x9b,0xe4,0x99,0x75,0x1,0x80,0x5e,0xd8,0x3d,0xc9,0x6b,0x92,0x3c,
  0xab,0x2e,0x40,0x4f,0xfc,0x75,0x92,0xd3,0xea,0x10,0x0,0x86,0x66,0x69,0x79,0x79,
  0xb9,0xce,0x0,0x0,0x0,0x7a,0x65,0x69,0x69,0x74,0xb7,0x93,0x1e,0x95,0xe4,0x33,
  0xfe,0xa8,0x99,0x1e,0x7b,0x51,0x92,0x3f,0xe8,0xde,0x63,0xca,0x9c,0xd8,0x93,0x61,
  0x4c,0x46,0xf8,0xac,0xee,0x9b,0x7d,0x92,0xbc,0xde,0xeb,0x36,0xe8,0xb1,0xb3,0x93,
  0x1c,0x9e,0xe4,0xbc,0xba,0x30,0x54,0x9e,0xd3,0x0,0xed,0xb2,0x59,0x3,0x0,0x0,
  0xb0,0xf5,0x3e,0xdf,0x9d,0xf4,0x85,0xbe,0xfa,0xbd,0x24,0xaf,0xee,0x4e,0x3b,0x2,
  0xb0,0x58,0xd7,0x4d,0x72,0xb4,0x78,0x4e,0xcf,0xfd,0xc9,0x98,0xe2,0x39,0x0,0x6d,
  0x73,0x2,0x1d,0x0,0x0,0xe8,0xbd,0x91,0x9e,0x6a,0x3b,0x34,0xc9,0x89,0x49,0xf6,
  0xad,0xb,0xd0,0x23,0x6f,0x4f,0xf2,0x8b,0x49,0x2e,0xac,0xb,0x4c,0xcf,0x9e,0xc,
  0x63,0x32,0xd2,0x67,0x75,0x1f,0xdc,0x28,0xc9,0x7b,0x93,0xdc,0xaa,0x2e,0x40,0x8f,
  0x7c,0x29,0xc9,0xed,0x93,0x5c,0x56,0x17,0x86,0xcc,0x73,0x1a,0xa0,0x5d,0x4e,0xa0,
  0x3,0x0,0x0,0x2c,0xc6,0xb7,0x92,0xfc,0x79,0x1d,0x42,0xcf,0x3c,0xa2,0x3b,0xf5,
  0x78,0xdd,0xba,0x0,0xc0,0xdc,0x1d,0x99,0xe4,0x18,0xf1,0x9c,0x1,0xf8,0xcd,0xb1,
  0xc5,0x73,0x0,0xda,0xe6,0x4,0x3a,0x0,0x0,0xd0,0x7b,0x23,0x3e,0xd5,0xb6,0x67,
  0x92,0x2f,0x26,0x39,0xa2,0x2e,0x40,0xcf,0x9c,0x9c,0xe4,0xc1,0xdd,0x3f,0x99,0x11,
  0x7b,0x32,0x8c,0xc9,0x88,0x9f,0xd5,0x8b,0x72,0xdf,0x24,0x6f,0x4e,0x72,0x40,0x5d,
  0x80,0x9e,0xf9,0x8f,0x24,0x8f,0xab,0xc3,0x31,0xf0,0x9c,0x6,0x68,0x97,0x13,0xe8,
  0x0,0x0,0x0,0x8b,0xb3,0x23,0xc9,0x6f,0xd7,0x21,0xf4,0xd0,0xe1,0x49,0x3e,0xd9,
  0x5,0x1d,0x0,0xe6,0xeb,0xe9,0x49,0xde,0x23,0x9e,0x33,0x0,0x17,0x24,0x79,0x5e,
  0x1d,0x2,0xc0,0xd0,0x9,0xe8,0x0,0x0,0x0,0x8b,0xf5,0x9e,0x24,0x6f,0xab,0x43,
  0xe8,0xa1,0x83,0x92,0xbc,0x3b,0xc9,0x53,0xea,0x2,0x0,0x33,0xb1,0x7b,0x92,0xbf,
  0x4e,0xf2,0x77,0x49,0xf6,0xa8,0x8b,0xd0,0x43,0x2f,0x4a,0x72,0x5a,0x1d,0x2,0xc0,
  0xd0,0xb9,0xc2,0x1d,0x0,0x0,0xe8,0xbd,0x6,0xae,0x85,0xbd,0x79,0x92,0xe3,0x93,
  0x6c,0xaf,0xb,0xd0,0x53,0x2f,0x4a,0xf2,0xbf,0x93,0x5c,0x51,0x17,0x58,0x3f,0x7b,
  0x32,0x8c,0x49,0x3,0xcf,0xea,0x79,0xdb,0x37,0xc9,0xbf,0x26,0x79,0x44,0x5d,0x80,
  0x9e,0x3a,0x39,0xc9,0x6d,0x92,0x5c,0x52,0x17,0xc6,0xc2,0x73,0x1a,0xa0,0x5d,0x4e,
  0xa0,0x3,0x0,0x0,0x2c,0xde,0x29,0x49,0xfe,0xaa,0xe,0xa1,0xc7,0x7e,0x2f,0xc9,
  0x5b,0x92,0xec,0x53,0x17,0x0,0xd8,0xb0,0x1b,0x25,0xf9,0xb8,0x78,0xce,0xc0,0x3c,
  0x7b,0xcc,0xf1,0x1c,0x80,0xb6,0x39,0x81,0xe,0x0,0x0,0xf4,0x5e,0x23,0xa7,0xda,
  0xb6,0x27,0x39,0x21,0xc9,0x8d,0xeb,0x2,0xf4,0xd8,0x71,0x49,0x1e,0x95,0xe4,0xeb,
  0x75,0x81,0x5d,0xb3,0x27,0xc3,0x98,0x34,0xf2,0xac,0x9e,0x87,0x9f,0x4a,0xf2,0x9f,
  0x49,0xe,0xa9,0xb,0xd0,0x63,0xef,0x4a,0xf2,0xd0,0x3a,0x1c,0x1b,0xcf,0x69,0x80,
  0x76,0x39,0x81,0xe,0x0,0x0,0xd0,0xf,0x17,0x25,0xf9,0xad,0x3a,0x84,0x9e,0xbb,
  0x5d,0x92,0x4f,0x26,0xb9,0x5f,0x5d,0x0,0x60,0x97,0x9e,0x96,0xe4,0x3,0xe2,0x39,
  0x3,0x73,0x71,0x92,0x67,0xd6,0x21,0x0,0x8c,0x89,0x80,0xe,0x0,0x0,0xd0,0x1f,
  0xff,0x95,0xe4,0xed,0x75,0x8,0x3d,0x77,0xdd,0x24,0xef,0x4d,0xf2,0xac,0xba,0x0,
  0xc0,0x44,0x7b,0x26,0xf9,0xc7,0x24,0xaf,0xe8,0xfe,0x1d,0x86,0xe4,0x85,0xdd,0xfb,
  0xcf,0x1,0x60,0xb4,0x5c,0xe1,0xe,0x0,0x0,0xf4,0x5e,0x63,0xd7,0xc2,0x1e,0x96,
  0xe4,0x4b,0x49,0xf6,0xad,0xb,0x30,0x0,0xaf,0x4b,0xf2,0xf4,0xee,0x46,0x5,0x76,
  0xc1,0x9e,0xc,0x63,0xd2,0xd8,0xb3,0x7a,0x1a,0x87,0x26,0x79,0x53,0x92,0x7b,0xd4,
  0x5,0x18,0x80,0xaf,0x74,0xb7,0xcf,0xec,0xa8,0xb,0x63,0xe4,0x39,0xd,0xd0,0x2e,
  0x27,0xd0,0x1,0x0,0x0,0xfa,0xe5,0xb4,0x24,0xcf,0xaf,0x43,0x18,0x88,0x27,0x26,
  0xf9,0x58,0x92,0x9b,0xd5,0x5,0x0,0x72,0xcf,0x24,0x9f,0x15,0xcf,0x19,0xa8,0xe5,
  0xee,0xb5,0x3,0x4d,0xc4,0x73,0x0,0xda,0x26,0xa0,0x3,0x0,0x0,0xf4,0xcf,0xcb,
  0x92,0x7c,0xa1,0xe,0x61,0x20,0x8e,0xea,0x2,0xd1,0x23,0xeb,0x2,0x40,0xa3,0x96,
  0x92,0x3c,0x2f,0xc9,0x7,0xbb,0x13,0xe8,0x30,0x44,0xaf,0x4d,0xf2,0xe1,0x3a,0x4,
  0x80,0x31,0x72,0x85,0x3b,0x0,0x0,0xd0,0x7b,0x8d,0x5e,0xb,0x7b,0x8f,0x24,0x1f,
  0xed,0x36,0xdd,0x61,0x88,0x96,0x93,0xbc,0x38,0xc9,0x1f,0x24,0xb9,0xbc,0x2e,0xe2,
  0x6a,0x58,0xc6,0xa5,0xd1,0x67,0xf5,0x7a,0x1c,0xd8,0x85,0x47,0x7f,0x54,0xc4,0x90,
  0x9d,0x9d,0xe4,0x16,0x49,0xbe,0x57,0x17,0xc6,0xcc,0x73,0x1a,0xa0,0x5d,0x4e,0xa0,
  0x3,0x0,0x0,0xf4,0xd3,0xc7,0x93,0xbc,0xb2,0xe,0x61,0x40,0x76,0x9e,0xb8,0x3c,
  0xda,0x89,0x4b,0xa0,0x51,0x6e,0xe4,0x60,0x2c,0x9e,0xd3,0x5a,0x3c,0x7,0xa0,0x6d,
  0x4e,0xa0,0x3,0x0,0x0,0xbd,0xd7,0xf0,0xa9,0xb6,0x3,0x92,0x7c,0x29,0xc9,0xd,
  0xeb,0x2,0xc,0xcc,0x59,0x49,0x9e,0x9c,0xe4,0x5d,0x75,0xa1,0x65,0xf6,0x64,0x18,
  0x93,0x86,0x9f,0xd5,0x93,0x2c,0x25,0xf9,0xad,0x24,0xff,0xff,0x24,0x7b,0xd5,0x45,
  0x18,0x98,0xa3,0x93,0xdc,0xbf,0xbb,0x59,0xa6,0x29,0x9e,0xd3,0x0,0xed,0x72,0x2,
  0x1d,0x0,0x0,0xa0,0xbf,0xce,0x4b,0xf2,0x1b,0x75,0x8,0x3,0x74,0x48,0x92,0x77,
  0x24,0x79,0x49,0x92,0x3d,0xeb,0x22,0xc0,0x88,0x1c,0x9c,0xe4,0x6d,0x49,0xfe,0x8f,
  0x78,0xce,0x8,0x5c,0x9c,0xe4,0xe9,0x2d,0xc6,0x73,0x0,0xda,0x26,0xa0,0x3,0x0,
  0x0,0xf4,0xdb,0xdb,0x93,0xbc,0xb1,0xe,0x61,0x80,0x96,0x92,0xfc,0x4e,0xf7,0x7a,
  0x82,0x23,0xea,0x22,0xc0,0x8,0xdc,0x27,0xc9,0x71,0x49,0x1e,0x5e,0x17,0x60,0xa0,
  0x9e,0x9f,0xe4,0xc4,0x3a,0x4,0x80,0xb1,0x73,0x85,0x3b,0x0,0x0,0xd0,0x7b,0xae,
  0x85,0xcd,0xf5,0x92,0x7c,0x39,0xc9,0x41,0x75,0x1,0x6,0xea,0xfc,0xee,0x7a,0xe3,
  0xd7,0xd5,0x85,0x96,0xd8,0x93,0x61,0x4c,0x1a,0x7f,0x56,0xef,0x91,0xe4,0x4f,0x93,
  0xfc,0x6e,0x92,0xdd,0xeb,0x22,0xc,0xd4,0x67,0x93,0xdc,0x2d,0xc9,0x65,0x75,0xa1,
  0x15,0x9e,0xd3,0x0,0xed,0x72,0x2,0x1d,0x0,0x0,0xa0,0xff,0xbe,0x93,0xe4,0xb9,
  0x75,0x8,0x3,0xb6,0x5f,0x92,0xd7,0x26,0x79,0x53,0x92,0xeb,0xd4,0x45,0x80,0x1,
  0xb9,0x65,0x77,0xb3,0xc6,0x1f,0x88,0xe7,0x8c,0xc8,0x8e,0x24,0x4f,0x69,0x39,0x9e,
  0x3,0xd0,0x36,0x1,0x1d,0x0,0x0,0x60,0x18,0x5e,0x9b,0xe4,0x7d,0x75,0x8,0x3,
  0xf7,0x98,0x24,0x5f,0x4c,0xf2,0x90,0xba,0x0,0xd0,0x73,0x4b,0x49,0x7e,0xbb,0x3b,
  0xa5,0x7b,0xa7,0xba,0x8,0x3,0xf7,0x17,0x49,0xbe,0x50,0x87,0x0,0xd0,0xa,0x57,
  0xb8,0x3,0x0,0x0,0xbd,0xd7,0xf8,0xb5,0xb0,0x2b,0xdd,0xb8,0xdb,0xcc,0xdc,0xbf,
  0x2e,0xc0,0xc0,0x2d,0x27,0xf9,0x87,0x24,0xcf,0x49,0xf2,0xc3,0xba,0x38,0x56,0xf6,
  0x64,0x18,0x93,0xc6,0x9e,0xd5,0x37,0x4a,0xf2,0x9a,0x24,0xf7,0xaf,0xb,0x30,0x2,
  0x5f,0x48,0x72,0xe7,0xee,0x14,0x7a,0xd3,0x3c,0xa7,0x1,0xda,0xe5,0x4,0x3a,0x0,
  0x0,0xc0,0x70,0x7c,0xa3,0xb,0x8c,0x30,0x36,0x4b,0x49,0x7e,0x3d,0xc9,0xb1,0x49,
  0xee,0x55,0x17,0x1,0x7a,0xe4,0x9,0x5d,0x60,0x14,0xcf,0x19,0xa3,0xcb,0x92,0x3c,
  0x59,0x3c,0x7,0xa0,0x75,0x2,0x3a,0x0,0x0,0xc0,0xb0,0xbc,0x2a,0xc9,0x7b,0xea,
  0x10,0x46,0xe2,0xf0,0x24,0x1f,0x4a,0xf2,0x37,0x49,0xf6,0xad,0x8b,0x0,0xb,0x74,
  0x83,0x24,0x6f,0x4f,0xf2,0xcf,0x49,0xae,0x5d,0x17,0x61,0x24,0x5e,0x9c,0xe4,0x73,
  0x75,0x8,0x0,0xad,0x71,0x85,0x3b,0x0,0x0,0xd0,0x7b,0x8d,0x5d,0xb,0xbb,0x1e,
  0x37,0xea,0xde,0x1b,0x7d,0x40,0x5d,0x80,0x11,0xf9,0x7a,0x92,0x5f,0x4b,0xf2,0x81,
  0xba,0x30,0x16,0xf6,0x64,0x18,0x93,0x11,0x3f,0xab,0x97,0x92,0x3c,0x29,0xc9,0x4b,
  0x84,0x73,0x46,0xee,0xcb,0x49,0xee,0x98,0xe4,0xe2,0xba,0xd0,0x2a,0xcf,0x69,0x80,
  0x76,0x39,0x81,0xe,0x0,0x0,0x30,0x3c,0x67,0x24,0x79,0x76,0x1d,0xc2,0xc8,0xdc,
  0x34,0xc9,0xfb,0x93,0xfc,0xbd,0x3f,0x16,0x1,0x16,0xe4,0x26,0xdd,0xad,0x2f,0xaf,
  0x16,0xcf,0x19,0xb9,0x4b,0x93,0x3c,0x51,0x3c,0x7,0x80,0x1f,0x11,0xd0,0x1,0x0,
  0x0,0x86,0xe9,0x35,0x49,0xde,0x59,0x87,0x30,0x32,0x3b,0xdf,0x8d,0xfe,0xe5,0x24,
  0x3f,0x57,0x17,0x1,0xe6,0x64,0x5b,0x92,0xe7,0x75,0xb7,0xbd,0x3c,0xb0,0x2e,0xc2,
  0x8,0xbd,0x20,0xc9,0x67,0xea,0x10,0x0,0x5a,0xe5,0xa,0x77,0x0,0x0,0xa0,0xf7,
  0x46,0x7c,0x2d,0xec,0xb4,0xae,0x9f,0xe4,0xf8,0x24,0x7,0xd7,0x5,0x18,0xa9,0x77,
  0x26,0xf9,0xcd,0x24,0xa7,0xd6,0x85,0x21,0xb2,0x27,0xc3,0x98,0x8c,0xe8,0x59,0x7d,
  0xb7,0x24,0xaf,0x4c,0x72,0xdb,0xba,0x0,0x23,0xf5,0xc9,0x24,0x3f,0x95,0xe4,0xb2,
  0xba,0xd0,0x3a,0xcf,0x69,0x80,0x76,0x39,0x81,0xe,0x0,0x0,0x30,0x5c,0xdf,0x4e,
  0xf2,0xd4,0x3a,0x84,0x11,0x7b,0x68,0x77,0x22,0xf4,0x79,0xdd,0x9,0x51,0x80,0x59,
  0x39,0x30,0xc9,0xdf,0x25,0xf9,0x98,0x78,0x4e,0x43,0x2e,0x4c,0xf2,0x4,0xf1,0x1c,
  0x0,0xae,0x4e,0x40,0x7,0x0,0x0,0x18,0xb6,0xb7,0x74,0xd7,0xb9,0x43,0x2b,0xae,
  0x95,0xe4,0x2f,0xbb,0xab,0x66,0xef,0x59,0x17,0x1,0x36,0x68,0xa9,0x7b,0xf7,0xf3,
  0x9,0x49,0x9e,0x6e,0xbf,0x94,0xc6,0x3c,0x27,0xc9,0x49,0x75,0x8,0x0,0xad,0x73,
  0x85,0x3b,0x0,0x0,0xd0,0x7b,0x23,0xba,0x16,0x76,0x5e,0xf6,0x4f,0x72,0x6c,0x92,
  0x9b,0xd6,0x5,0x18,0xb9,0xe5,0x24,0xaf,0xef,0x4e,0xa4,0x9f,0x59,0x17,0xfb,0xce,
  0x9e,0xc,0x63,0x32,0xd0,0x67,0xf5,0xed,0x93,0xbc,0xdc,0x1f,0xe3,0xd0,0xa8,0x77,
  0x77,0x37,0xbb,0x78,0x18,0xad,0xc2,0x73,0x1a,0xa0,0x5d,0xfe,0xa2,0x12,0x0,0x0,
  0x60,0xf8,0x7e,0x90,0xe4,0x57,0x92,0x5c,0x5e,0x17,0x60,0xe4,0x96,0x92,0x3c,0x3e,
  0xc9,0x57,0x92,0xfc,0x5e,0x92,0xbd,0xea,0x7,0x0,0x26,0xb8,0x4e,0x77,0x5d,0xbb,
  0x9b,0x2c,0x68,0xd5,0xf7,0x92,0xfc,0x2f,0xf1,0x1c,0x0,0x26,0x13,0xd0,0x1,0x0,
  0x0,0xc6,0xe1,0xa3,0x49,0xfe,0xaa,0xe,0xa1,0x11,0xfb,0x26,0x79,0x61,0x92,0xe3,
  0x93,0x3c,0xbc,0x2e,0x2,0x74,0xb6,0x25,0xf9,0x8d,0x24,0x5f,0xed,0xae,0x6b,0xdf,
  0xbd,0x7e,0x0,0x1a,0xf1,0xb4,0x24,0xdf,0xaa,0x43,0x0,0xe0,0x47,0x4,0x74,0x0,
  0x0,0x80,0x71,0xd8,0x37,0xc9,0x3d,0xea,0x10,0x1a,0x73,0x44,0x92,0xb7,0x27,0xf9,
  0xef,0xee,0x6a,0x66,0x80,0x9d,0x1e,0x9a,0xe4,0xb8,0x24,0x7f,0xdb,0x9d,0x40,0x87,
  0x56,0xfd,0x53,0x92,0x37,0xd5,0x21,0x0,0x70,0x15,0xef,0x40,0x7,0x0,0x0,0x7a,
  0x6f,0xa0,0xef,0x55,0xdd,0x4a,0xfb,0x26,0x79,0x97,0x6b,0x68,0xe1,0x6a,0xae,0x48,
  0xf2,0xba,0x24,0x7f,0x98,0xe4,0x9b,0x75,0xb1,0xf,0xec,0xc9,0x30,0x26,0x3d,0x7e,
  0x56,0xdf,0xae,0xbb,0xa1,0xe5,0xfe,0x75,0x1,0x1a,0x74,0x42,0x92,0x3b,0x25,0xb9,
  0xb0,0x2e,0x70,0x4d,0x9e,0xd3,0x0,0xed,0x72,0x2,0x1d,0x0,0x0,0x60,0xd8,0xc4,
  0x73,0x98,0x6c,0xb7,0x24,0x4f,0x4e,0x72,0x52,0x92,0x3f,0x4d,0xb2,0x5f,0xfd,0x0,
  0x30,0x6a,0x37,0x4c,0xf2,0xaa,0x24,0x9f,0x13,0xcf,0x21,0x49,0x72,0x71,0x92,0xc7,
  0x89,0xe7,0x0,0xb0,0x6b,0x2,0x3a,0x0,0x0,0xc0,0x70,0x89,0xe7,0xb0,0x6b,0xfb,
  0x24,0xf9,0x93,0x24,0x27,0x27,0x79,0x66,0x92,0xbd,0xea,0x7,0x80,0x51,0x39,0xb8,
  0x3b,0x71,0x7e,0x52,0x92,0xa7,0xd8,0xff,0x84,0x2b,0x3d,0x37,0xc9,0x17,0xea,0x10,
  0x0,0xb8,0x26,0x57,0xb8,0x3,0x0,0x0,0xbd,0xd7,0xe3,0x6b,0x61,0x17,0x49,0x3c,
  0x87,0xcd,0xf9,0x46,0x77,0x22,0xfd,0x5f,0x92,0x5c,0x56,0x17,0xb7,0x92,0x3d,0x19,
  0xc6,0xa4,0x7,0xcf,0xea,0xfd,0x92,0x3c,0x3b,0xc9,0x73,0x92,0xec,0x5f,0x17,0xa1,
  0x71,0x6f,0x4b,0xf2,0xa8,0x24,0x1e,0x3c,0x1b,0xe0,0x39,0xd,0xd0,0x2e,0x1,0x1d,
  0x0,0x0,0xe8,0xbd,0x1e,0x6c,0xca,0xf7,0x8d,0x78,0xe,0xd3,0xfb,0x4a,0x92,0x3f,
  0x4e,0xf2,0x9f,0xdd,0xfb,0xd2,0xb7,0x9c,0x3d,0x19,0xc6,0x64,0x81,0xcf,0xea,0xed,
  0x49,0x7e,0x3d,0xc9,0xef,0x27,0x39,0xa4,0x2e,0x2,0x39,0x3d,0xc9,0x51,0x49,0xbe,
  0x57,0x17,0x58,0x9b,0xe7,0x34,0x40,0xbb,0x4,0x74,0x0,0x0,0xa0,0xf7,0x16,0xb8,
  0x29,0xdf,0x47,0xe2,0x39,0xcc,0xd6,0xf1,0x49,0x5e,0xb0,0x88,0x90,0x6e,0x4f,0x86,
  0x31,0x59,0xc0,0xb3,0x7a,0x7b,0x92,0xa7,0x26,0x79,0x5e,0x92,0x1b,0xd4,0x45,0x20,
  0x49,0x72,0x79,0x92,0xfb,0x26,0xf9,0x48,0x5d,0x60,0xd7,0x3c,0xa7,0x1,0xda,0xe5,
  0x1d,0x40,0x0,0x0,0x0,0xc3,0x21,0x9e,0xc3,0xec,0x1d,0x99,0xe4,0xd,0x49,0x8e,
  0x4b,0xf2,0xb,0xf6,0x4a,0xa0,0xf7,0xb6,0x27,0x79,0x56,0x92,0xaf,0x25,0x79,0x99,
  0x78,0xe,0x6b,0x7a,0x81,0x78,0xe,0x0,0x1b,0xe7,0x4,0x3a,0x0,0x0,0xd0,0x7b,
  0xb,0x38,0xd5,0xd6,0x47,0xe2,0x39,0x6c,0x8d,0x2f,0x25,0xf9,0x8b,0x2e,0xaa,0xcf,
  0xf5,0x1d,0xe9,0xf6,0x64,0x18,0x93,0x2d,0x78,0x56,0xef,0x9b,0xe4,0x69,0xdd,0x3b,
  0xce,0xaf,0x5f,0x17,0x81,0x6b,0x78,0x5f,0x92,0x7,0x6f,0xf5,0xed,0x2a,0x63,0xe2,
  0x39,0xd,0xd0,0x2e,0x1,0x1d,0x0,0x0,0xe8,0xbd,0x2d,0xd8,0x94,0xef,0x3b,0xf1,
  0x1c,0xb6,0xde,0xd7,0x93,0xbc,0x24,0xc9,0xab,0x93,0x5c,0x54,0x17,0x67,0xc1,0x9e,
  0xc,0x63,0x32,0xc7,0x67,0xf5,0x75,0x93,0xfc,0x76,0x92,0xdf,0x4c,0x72,0x60,0x5d,
  0x4,0x26,0x3a,0x23,0xc9,0x1d,0x92,0x7c,0xb7,0x2e,0xb0,0x7e,0x9e,0xd3,0x0,0xed,
  0x12,0xd0,0x1,0x0,0x80,0xde,0x9b,0xe3,0xa6,0xfc,0x10,0x88,0xe7,0xb0,0x58,0xdf,
  0x4d,0xf2,0xf2,0x24,0x7f,0x93,0xe4,0xdc,0xba,0x38,0xd,0x7b,0x32,0x8c,0xc9,0x1c,
  0x9e,0xd5,0x37,0xed,0x4e,0x9b,0x3f,0xa5,0xbb,0xb6,0x1d,0x58,0x9f,0x4b,0x93,0xdc,
  0x2b,0xc9,0x27,0xea,0x2,0x1b,0xe3,0x39,0xd,0xd0,0x2e,0x1,0x1d,0x0,0x0,0xe8,
  0xbd,0x39,0x6c,0xca,0xf,0x85,0x78,0xe,0xfd,0x71,0x41,0x92,0xd7,0x74,0x31,0xfd,
  0xe4,0xba,0xb8,0x19,0xf6,0x64,0x18,0x93,0x19,0x3e,0xab,0xef,0x96,0xe4,0xd9,0x49,
  0x1e,0x9d,0x64,0x5b,0x5d,0x4,0x76,0xe9,0xd9,0x49,0x5e,0x56,0x87,0x6c,0x9c,0xe7,
  0x34,0x40,0xbb,0x4,0x74,0x0,0x0,0xa0,0xf7,0x66,0xb8,0x29,0x3f,0x24,0xe2,0x39,
  0xf4,0xd3,0x15,0x49,0xfe,0xab,0x8b,0x13,0x1f,0xaa,0x8b,0x1b,0x61,0x4f,0x86,0x31,
  0x99,0xf2,0x59,0xbd,0xad,0xb,0xe6,0xcf,0xee,0x2,0x3a,0xb0,0x39,0x6f,0x4c,0xf2,
  0xf3,0x75,0xc8,0xe6,0x78,0x4e,0x3,0xb4,0x4b,0x40,0x7,0x0,0x0,0x7a,0x6f,0xca,
  0x4d,0xf9,0x21,0x12,0xcf,0x61,0x18,0x3e,0xdf,0x85,0xf4,0x37,0x24,0xb9,0xb8,0x2e,
  0xee,0x8a,0x3d,0x19,0xc6,0x64,0x93,0xcf,0xea,0x83,0xba,0x2b,0xda,0x7f,0x2b,0xc9,
  0x61,0x75,0x11,0xd8,0x90,0x13,0x93,0xdc,0x39,0xc9,0xf,0xea,0x2,0x9b,0xe3,0x39,
  0xd,0xd0,0x2e,0x1,0x1d,0x0,0x0,0xe8,0xbd,0x4d,0x6e,0xca,0xf,0x95,0x78,0xe,
  0xc3,0x73,0x76,0x92,0xd7,0x26,0x79,0xe5,0x46,0xae,0x77,0xb7,0x27,0xc3,0x98,0x6c,
  0xf0,0x59,0x7d,0xd7,0x24,0x4f,0xef,0x4e,0xca,0x7a,0xbf,0x39,0x4c,0xef,0xc2,0xee,
  0xff,0x5d,0x7d,0xb1,0x2e,0xb0,0x79,0x9e,0xd3,0x0,0xed,0x12,0xd0,0x1,0x0,0x80,
  0xde,0xdb,0xe0,0xa6,0xfc,0x90,0x89,0xe7,0x30,0x6c,0xcb,0x49,0xde,0x9f,0xe4,0xef,
  0xbb,0x6b,0xde,0x2f,0xab,0x1f,0x58,0xc9,0x9e,0xc,0x63,0xb2,0x8e,0x67,0xf5,0xbe,
  0x49,0x1e,0xdf,0x85,0xf3,0xdb,0xd7,0x45,0x60,0x2a,0xbf,0x94,0xe4,0xdf,0xea,0x90,
  0xe9,0x78,0x4e,0x3,0xb4,0x4b,0x40,0x7,0x0,0x0,0x7a,0x6f,0x1d,0x9b,0xf2,0x63,
  0x20,0x9e,0xc3,0xb8,0x9c,0xd1,0x9d,0x4a,0x7f,0x4d,0x92,0xaf,0xd5,0xc5,0xd8,0x98,
  0x67,0x64,0xd6,0x78,0x56,0xdf,0x25,0xc9,0x93,0xba,0xc0,0xb7,0x7f,0x5d,0x4,0xa6,
  0xf6,0x92,0x24,0xcf,0xad,0x43,0xa6,0xe7,0x39,0xd,0xd0,0x2e,0x1,0x1d,0x0,0x0,
  0xe8,0xbd,0x35,0x36,0xe5,0xc7,0x42,0x3c,0x87,0xf1,0x5a,0x4e,0xf2,0xe1,0x2e,0xa4,
  0xff,0x67,0x92,0x1f,0x5e,0xb9,0x60,0x4f,0x86,0x11,0x29,0xcf,0xea,0x43,0x92,0xfc,
  0x72,0x17,0xce,0x8f,0x5c,0xb9,0x0,0xcc,0xd4,0xfb,0x93,0x3c,0x38,0xc9,0xe5,0x75,
  0x81,0xe9,0x79,0x4e,0x3,0xb4,0x4b,0x40,0x7,0x0,0x0,0x7a,0x6f,0xe4,0x1,0x5d,
  0x3c,0x87,0x76,0x9c,0x9f,0xe4,0xdf,0x93,0xfc,0x73,0x92,0x8f,0x2d,0xdb,0x94,0x61,
  0x44,0x96,0x96,0x96,0xf6,0x4c,0xf2,0xa0,0x24,0x4f,0x49,0xf2,0x90,0x24,0x7b,0xd4,
  0xcf,0x0,0x33,0xf5,0xb5,0x24,0x77,0x4e,0x72,0x4e,0x5d,0x60,0x36,0x3c,0xa6,0x1,
  0xda,0x25,0xa0,0x3,0x0,0xcd,0x19,0x79,0x88,0x3,0x86,0x45,0x3c,0x87,0x76,0x7d,
  0x23,0xc9,0xeb,0xbb,0x77,0xd6,0x1e,0x5f,0x17,0x61,0x20,0x76,0x4b,0x72,0x9f,0x24,
  0xbf,0x98,0xe4,0xd1,0x49,0xe,0xaa,0x1f,0x0,0xe6,0xe2,0x82,0x24,0x3f,0xb9,0xbc,
  0xbc,0xfc,0x85,0xba,0x0,0x0,0x4c,0x4f,0x40,0x7,0x0,0x9a,0x23,0xa0,0x3,0x3d,
  0x21,0x9e,0x3,0x3b,0x7d,0xb1,0x3b,0x99,0xfe,0xfa,0xd5,0xde,0x97,0xe,0x3d,0x73,
  0xa7,0x2e,0x9a,0x3f,0x2e,0xc9,0xd,0xea,0x22,0x30,0x57,0xcb,0x49,0x7e,0x21,0xc9,
  0x1b,0xed,0xed,0x3,0xc0,0x7c,0x8,0xe8,0x0,0x40,0x73,0x4,0x74,0xa0,0x7,0xc4,
  0x73,0x60,0x35,0x9f,0x4b,0xf2,0xe6,0xee,0x7d,0xe9,0x5f,0xa9,0x8b,0xb0,0x20,0x4b,
  0x49,0xee,0x96,0xe4,0x31,0xdd,0x49,0xf3,0x9b,0xd6,0xf,0x0,0x5b,0xe6,0x85,0x49,
  0xfe,0x20,0xae,0x18,0x7,0x80,0xb9,0x11,0xd0,0x1,0x80,0xe6,0x8,0xe8,0xc0,0x82,
  0x89,0xe7,0xc0,0x7a,0x7d,0x39,0xc9,0x9b,0xba,0xa0,0x7e,0x5c,0x5d,0x84,0x39,0xdb,
  0x3d,0xc9,0x4f,0xad,0x88,0xe6,0x37,0xac,0x1f,0x0,0xb6,0xdc,0xbb,0x92,0x3c,0x3c,
  0xc9,0x15,0x11,0xd0,0x1,0x60,0x6e,0x4,0x74,0x0,0xa0,0x39,0x2,0x3a,0xb0,0x40,
  0xe2,0x39,0xb0,0x59,0xa7,0x25,0x79,0x67,0xf7,0x73,0x74,0x92,0x8b,0xea,0x7,0x60,
  0x6,0xe,0x4a,0xf2,0xa0,0x24,0xf,0xed,0xfe,0xe9,0x9d,0xe6,0xd0,0x1f,0xc7,0x27,
  0xf9,0xc9,0x24,0xe7,0xef,0x1c,0xd8,0xdb,0x7,0x80,0xf9,0x10,0xd0,0x1,0x80,0xe6,
  0x8,0xe8,0xc0,0x82,0x88,0xe7,0xc0,0xac,0x5c,0x90,0xe4,0xbf,0xbb,0x98,0xfe,0xde,
  0x24,0xa7,0xd7,0xf,0xc0,0x6,0xdc,0x7a,0x45,0x34,0xbf,0x67,0x92,0x6d,0xf5,0x3,
  0xc0,0xc2,0x7d,0x3b,0xc9,0x5d,0xbb,0x3f,0xa6,0xba,0x92,0xbd,0x7d,0x0,0x98,0xf,
  0x1,0x1d,0x0,0x68,0x8e,0x80,0xe,0x2c,0x80,0x78,0xe,0xcc,0xd3,0x9,0x49,0x3e,
  0x90,0xe4,0x7d,0x49,0x3e,0xb4,0xf2,0x74,0x22,0x4c,0x70,0xbd,0x24,0xf7,0x4f,0xf2,
  0xc0,0xee,0x9f,0x37,0xa8,0x1f,0x0,0x7a,0xe5,0xe2,0x24,0xf7,0x4d,0x72,0x4c,0x5d,
  0xb0,0xb7,0xf,0x0,0xf3,0x21,0xa0,0x3,0x0,0xcd,0x11,0xd0,0x81,0x2d,0x26,0x9e,
  0x3,0x5b,0xe9,0xd2,0x24,0x9f,0xe8,0x82,0xfa,0x87,0x93,0x7c,0xd2,0x75,0xef,0xcd,
  0xbb,0x76,0xf7,0xc,0xba,0x67,0x92,0x7,0x24,0xb9,0x6d,0x12,0x5f,0x88,0x61,0x18,
  0x96,0x93,0x3c,0x3e,0xc9,0xbf,0xd7,0x85,0x8,0xe8,0x0,0x30,0x37,0x2,0x3a,0x0,
  0xd0,0x1c,0x1,0x1d,0xd8,0x42,0xe2,0x39,0xb0,0x68,0x3b,0x92,0x7c,0x2a,0xc9,0x47,
  0xba,0x9f,0x8f,0x3b,0xa1,0x3e,0x7a,0x87,0x24,0xb9,0xd7,0x8a,0x9f,0x23,0x93,0xec,
  0x56,0x3f,0x4,0xc,0xc2,0x1f,0x27,0x79,0x41,0x1d,0xee,0x64,0x6f,0x1f,0x0,0xe6,
  0x43,0x40,0x7,0x0,0x9a,0x23,0xa0,0x3,0x5b,0x44,0x3c,0x7,0xfa,0xe8,0xf2,0x24,
  0x5f,0xec,0x4e,0xa9,0x7f,0xa2,0xbb,0x12,0xf8,0xc4,0xee,0x94,0x23,0xc3,0xb3,0x2d,
  0xc9,0xed,0x92,0xdc,0x6d,0xc5,0xcf,0xe1,0xf5,0x43,0xc0,0x20,0xfd,0x6b,0x92,0x27,
  0xac,0xf5,0xbf,0xcf,0xf6,0xf6,0x1,0x60,0x3e,0x4,0x74,0x0,0xa0,0x39,0x2,0x3a,
  0xb0,0x5,0xc4,0x73,0x60,0x48,0xce,0x4d,0xf2,0xe9,0xee,0xba,0xf7,0x63,0x93,0x7c,
  0x3e,0xc9,0xd7,0xd7,0x8a,0x36,0x2c,0xc4,0xb6,0x24,0x3f,0x91,0xe4,0xe,0x49,0x8e,
  0x4a,0x72,0xd7,0xee,0x9f,0xdb,0xeb,0x7,0x81,0xc1,0x3b,0xa6,0x7b,0xef,0xf9,0xc5,
  0x75,0x61,0x25,0x7b,0xfb,0x0,0x30,0x1f,0x2,0x3a,0x0,0xd0,0x1c,0x1,0x1d,0x98,
  0x33,0xf1,0x1c,0x18,0x83,0x73,0xbb,0x90,0xbe,0x33,0xa8,0x7f,0x29,0xc9,0x9,0xde,
  0xa7,0xbe,0x65,0xe,0x4c,0x72,0xeb,0x24,0xb7,0xe9,0x22,0xf9,0x51,0xdd,0x55,0xec,
  0x62,0x39,0x8c,0xdf,0xc9,0x49,0xee,0x9e,0xe4,0xec,0xba,0x50,0xd9,0xdb,0x7,0x80,
  0xf9,0x10,0xd0,0x1,0x80,0xe6,0x8,0xe8,0xc0,0x1c,0x89,0xe7,0xc0,0x98,0x5d,0xd1,
  0x9d,0x4c,0xff,0x72,0x17,0xd4,0xbf,0x9c,0xe4,0xab,0x49,0x4e,0x4a,0xf2,0xfd,0xfa,
  0x61,0xd6,0xe5,0xd0,0xee,0xca,0xf5,0x5b,0x26,0xb9,0x55,0xf7,0x73,0xeb,0x24,0x37,
  0xa8,0x1f,0x4,0x9a,0x70,0x76,0x17,0xcf,0x4f,0xae,0xb,0x93,0xd8,0xdb,0x7,0x80,
  0xf9,0x10,0xd0,0x1,0x80,0xe6,0x8,0xe8,0xc0,0x9c,0x88,0xe7,0x40,0xcb,0xce,0xe9,
  0x42,0xfa,0x29,0xdd,0xcf,0x49,0x49,0xbe,0x91,0xe4,0xf4,0x24,0x67,0x26,0xd9,0x51,
  0xff,0xb,0x8d,0xd8,0x27,0xc9,0x8d,0x92,0x1c,0x96,0xe4,0x66,0xdd,0xcf,0xe1,0x49,
  0x8e,0xe8,0xfe,0x7d,0xdf,0xfa,0x5f,0x0,0x9a,0x75,0x51,0x77,0x6d,0xfb,0x27,0xea,
  0xc2,0x6a,0xec,0xed,0x3,0xc0,0x7c,0x8,0xe8,0x0,0x40,0x73,0x4,0x74,0x60,0xe,
  0xc4,0x73,0x80,0xd5,0x5d,0x91,0xe4,0x3b,0x49,0x4e,0x4b,0x72,0x46,0xf7,0xcf,0x6f,
  0x26,0x39,0x6b,0xc5,0x3f,0xcf,0x4a,0xf2,0xbd,0x24,0x97,0xd6,0xff,0x72,0x4f,0xed,
  0x9d,0xe4,0xe0,0x24,0xd7,0x4b,0x72,0x48,0x77,0x92,0xfc,0xfa,0xdd,0xc9,0xf1,0x1f,
  0x5b,0xf1,0x73,0x70,0xfd,0x2f,0x2,0x4c,0x70,0x79,0x92,0x9f,0x4f,0xf2,0xe6,0xba,
  0xb0,0x16,0x7b,0xfb,0x0,0x30,0x1f,0x2,0x3a,0x0,0xd0,0x1c,0x1,0x1d,0x98,0x31,
  0xf1,0x1c,0x60,0x76,0xce,0xed,0xae,0x83,0x3f,0x77,0xc2,0xcf,0xf,0x92,0x5c,0xdc,
  0xfd,0xf3,0x92,0xee,0xb4,0xe6,0xf9,0xdd,0xbf,0x5f,0xb8,0xe2,0xff,0x8c,0x4b,0xcb,
  0x7f,0x5e,0x69,0xbf,0x24,0xbb,0x95,0xff,0xbc,0x57,0x77,0x52,0x7c,0xdf,0xee,0xdf,
  0xaf,0xd5,0xfd,0xec,0xdf,0xbd,0x8b,0x7c,0xe5,0xcf,0x41,0x49,0xae,0xdd,0xad,0x3,
  0xcc,0xca,0x33,0x92,0xfc,0x5d,0x1d,0xee,0x8a,0xbd,0x7d,0x0,0x98,0xf,0x1,0x1d,
  0x0,0x68,0x8e,0x80,0xe,0xcc,0x90,0x78,0xe,0x0,0xc0,0x34,0xfe,0x3c,0xc9,0x1f,
  0xd5,0xe1,0x7a,0xd8,0xdb,0x7,0x80,0xf9,0x10,0xd0,0x1,0x80,0xe6,0x8,0xe8,0xc0,
  0x8c,0x88,0xe7,0x0,0x0,0x4c,0xe3,0x55,0x49,0x7e,0x2d,0xc9,0xa6,0x36,0xe9,0xed,
  0xed,0x3,0xc0,0x7c,0x8,0xe8,0x0,0x40,0x73,0x4,0x74,0x60,0x6,0xc4,0x73,0x0,
  0x0,0xa6,0xf1,0xb6,0x24,0x8f,0xe9,0xde,0x7f,0xbe,0x29,0xf6,0xf6,0x1,0x60,0x3e,
  0x4,0x74,0x0,0xa0,0x39,0x2,0x3a,0x30,0x25,0xf1,0x1c,0x0,0x80,0x69,0x7c,0x30,
  0xc9,0x43,0x92,0x5c,0x5c,0x17,0x36,0xc2,0xde,0x3e,0x0,0xcc,0xc7,0x6e,0x75,0x0,
  0x0,0x0,0xc0,0xaa,0xc4,0x73,0x0,0x0,0xa6,0xf1,0xe9,0x24,0x8f,0x9c,0x36,0x9e,
  0x3,0x0,0xf3,0x23,0xa0,0x3,0x0,0x0,0xac,0x8f,0x78,0xe,0x0,0xc0,0x34,0x4e,
  0x48,0xf2,0xe0,0x24,0xe7,0xd7,0x5,0x0,0xa0,0x3f,0x4,0x74,0x0,0x0,0x80,0x5d,
  0x13,0xcf,0x1,0x0,0x98,0xc6,0xa9,0x49,0x1e,0x90,0xe4,0x7b,0x75,0x1,0x0,0xe8,
  0x17,0x1,0x1d,0x0,0x0,0x60,0x6d,0xe2,0x39,0x0,0x0,0xd3,0xf8,0x4e,0x92,0x7,
  0x26,0x39,0xb3,0x2e,0x0,0x0,0xfd,0x23,0xa0,0x3,0x0,0x0,0xac,0x4e,0x3c,0x7,
  0x0,0x60,0x1a,0xe7,0x26,0xf9,0x99,0x24,0x27,0xd5,0x5,0x0,0xa0,0x9f,0x4,0x74,
  0x0,0x0,0x80,0xc9,0xc4,0x73,0x0,0x0,0xa6,0x71,0x7e,0x92,0x87,0x24,0x39,0xae,
  0x2e,0x0,0x0,0xfd,0x25,0xa0,0x3,0x0,0x0,0x5c,0x93,0x78,0xe,0x0,0xc0,0x34,
  0x2e,0x4c,0xf2,0xd0,0x24,0xc7,0xd4,0x5,0x0,0xa0,0xdf,0x4,0x74,0x0,0x0,0x80,
  0xab,0x13,0xcf,0x1,0x0,0x98,0xc6,0x85,0x49,0x1e,0x96,0xe4,0x7f,0xea,0x2,0x0,
  0xd0,0x7f,0x2,0x3a,0x0,0x0,0xc0,0x55,0xc4,0x73,0x0,0x0,0xa6,0x71,0x71,0x92,
  0x47,0x27,0xf9,0x60,0x5d,0x0,0x0,0x86,0x41,0x40,0x7,0x0,0x0,0xf8,0x11,0xf1,
  0x1c,0x0,0x80,0x69,0xec,0x48,0xf2,0x98,0x24,0xef,0xad,0xb,0x0,0xc0,0x70,0x8,
  0xe8,0x0,0x0,0x0,0xe2,0x39,0x0,0x0,0xd3,0xd9,0x91,0xe4,0x17,0xba,0xef,0x94,
  0x0,0xc0,0x80,0x9,0xe8,0x0,0x0,0x40,0xeb,0xc4,0x73,0x0,0x0,0xa6,0x71,0x79,
  0x92,0x5f,0x4a,0xf2,0xd6,0xba,0x0,0x0,0xc,0x8f,0x80,0xe,0x0,0x0,0xb4,0x4c,
  0x3c,0x7,0x0,0x60,0x1a,0x3b,0x92,0xfc,0x62,0x92,0x37,0xd5,0x5,0x0,0x60,0x98,
  0x4,0x74,0x0,0x0,0xa0,0x55,0xe2,0x39,0x0,0x0,0xd3,0xd8,0x91,0xe4,0x71,0x49,
  0xde,0x58,0x17,0x0,0x80,0xe1,0x12,0xd0,0x1,0x0,0x80,0x16,0x89,0xe7,0x0,0x0,
  0x4c,0xe3,0x92,0x24,0x8f,0x4a,0xf2,0x96,0xba,0x0,0x0,0xc,0x9b,0x80,0xe,0x0,
  0x0,0xb4,0x46,0x3c,0x7,0x0,0x60,0x1a,0x17,0x26,0x79,0x64,0xf7,0x9d,0x12,0x0,
  0x18,0x19,0x1,0x1d,0x0,0x0,0x68,0x89,0x78,0xe,0x0,0xc0,0x34,0x2e,0x4c,0xf2,
  0xf0,0x24,0xef,0xad,0xb,0x0,0xc0,0x38,0x8,0xe8,0x0,0x0,0x40,0x2b,0xc4,0x73,
  0x0,0x0,0xa6,0x71,0x7e,0x92,0x7,0x25,0x39,0xba,0x2e,0x0,0x0,0xe3,0x21,0xa0,
  0x3,0x0,0x0,0x2d,0x10,0xcf,0x1,0x0,0x98,0xc6,0x79,0x5d,0x3c,0xff,0x9f,0xba,
  0x0,0x0,0x8c,0x8b,0x80,0xe,0x0,0x0,0x8c,0x9d,0x78,0xe,0x0,0xc0,0x34,0xbe,
  0x9b,0xe4,0xde,0x49,0x3e,0x5e,0x17,0x0,0x80,0xf1,0x11,0xd0,0x1,0x0,0x80,0x31,
  0x13,0xcf,0x1,0x0,0x98,0xc6,0xe9,0x49,0xee,0x91,0xe4,0xb8,0xba,0x0,0x0,0x8c,
  0x93,0x80,0xe,0x0,0x0,0x8c,0x95,0x78,0xe,0x0,0xc0,0x34,0xbe,0xd2,0xc5,0xf3,
  0x93,0xeb,0x2,0x0,0x30,0x5e,0x2,0x3a,0x0,0x0,0x30,0x46,0xe2,0x39,0x0,0x0,
  0xd3,0xf8,0x4c,0x92,0x7b,0x25,0x39,0xa3,0x2e,0x0,0x0,0xe3,0x26,0xa0,0x3,0x0,
  0x0,0x63,0x23,0x9e,0x3,0x0,0x30,0x8d,0xf,0x26,0xb9,0x7f,0xf7,0xee,0x73,0x0,
  0xa0,0x31,0x2,0x3a,0x0,0x0,0x30,0x26,0xe2,0x39,0x0,0x0,0xd3,0x78,0x7b,0x92,
  0x87,0x25,0x39,0xaf,0x2e,0x0,0x0,0x6d,0x10,0xd0,0x1,0x0,0x80,0xb1,0x10,0xcf,
  0x1,0x0,0x98,0xc6,0xbf,0x26,0x79,0x6c,0x92,0xb,0xeb,0x2,0x0,0xd0,0xe,0x1,
  0x1d,0x0,0x0,0x18,0x3,0xf1,0x1c,0x0,0x80,0x69,0xbc,0x28,0xc9,0x13,0x92,0x5c,
  0x5a,0x17,0x0,0x80,0xb6,0x2c,0x2d,0x2f,0x2f,0xd7,0x19,0x0,0xc0,0xa8,0x2d,0x2d,
  0x2d,0xd5,0x11,0x30,0x6c,0xe2,0x39,0x0,0x0,0x9b,0xb5,0x9c,0xe4,0x19,0x49,0x5e,
  0x51,0x17,0xfa,0xce,0xde,0x3e,0x0,0xcc,0x87,0x80,0xe,0x0,0x34,0x47,0x40,0x87,
  0x51,0x11,0xcf,0x1,0x0,0xd8,0xac,0x1d,0x49,0x9e,0xd2,0x5d,0xdd,0x3e,0x38,0xf6,
  0xf6,0x1,0x60,0x3e,0x4,0x74,0x0,0xa0,0x39,0x2,0x3a,0x8c,0x86,0x78,0xe,0x0,
  0xc0,0x66,0x7d,0xbf,0x7b,0xdf,0xf9,0xd1,0x75,0x61,0x28,0xec,0xed,0x3,0xc0,0x7c,
  0x8,0xe8,0x0,0x40,0x73,0x4,0x74,0x18,0x5,0xf1,0x1c,0x0,0x80,0xcd,0x3a,0x39,
  0xc9,0x83,0xbb,0x7f,0xe,0x96,0xbd,0x7d,0x0,0x98,0x8f,0xdd,0xea,0x0,0x0,0x0,
  0xa0,0xe7,0xc4,0x73,0x0,0x0,0x36,0xeb,0x93,0x49,0xee,0x31,0xf4,0x78,0xe,0x0,
  0xcc,0x8f,0x80,0xe,0x0,0x0,0xc,0x89,0x78,0xe,0x0,0xc0,0x66,0xfd,0x67,0x92,
  0xfb,0x26,0xf9,0x6e,0x5d,0x0,0x0,0xd8,0x49,0x40,0x7,0x0,0x0,0x86,0x42,0x3c,
  0x7,0x0,0x60,0xb3,0x5e,0x94,0xe4,0xe7,0x92,0x5c,0x58,0x17,0x0,0x0,0x56,0xf2,
  0xe,0x74,0x0,0xa0,0x39,0xde,0x81,0xe,0x83,0x24,0x9e,0x3,0x0,0xb0,0x19,0x3b,
  0x92,0xfc,0xaf,0x24,0xff,0x52,0x17,0x86,0xce,0xde,0x3e,0x0,0xcc,0x87,0x80,0xe,
  0x0,0x34,0x47,0x40,0x87,0xc1,0x11,0xcf,0x1,0x0,0xd8,0x8c,0xef,0x76,0xa7,0xce,
  0x3f,0x5c,0x17,0xc6,0xc0,0xde,0x3e,0x0,0xcc,0x87,0x80,0xe,0x0,0x34,0x47,0x40,
  0x87,0x41,0x11,0xcf,0x1,0x0,0xd8,0x8c,0xaf,0x26,0x79,0x58,0x92,0x93,0xeb,0xc2,
  0x58,0xd8,0xdb,0x7,0x80,0xf9,0xf0,0xe,0x74,0x0,0x0,0xa0,0xaf,0xc4,0x73,0x0,
  0x0,0x36,0xe3,0xe8,0x24,0x77,0x1d,0x73,0x3c,0x7,0x0,0xe6,0x47,0x40,0x7,0x0,
  0x0,0xfa,0x48,0x3c,0x7,0x0,0x60,0x33,0x5e,0x9e,0xe4,0x81,0x49,0xce,0xab,0xb,
  0x0,0x0,0xeb,0xe1,0xa,0x77,0x0,0xa0,0x39,0xae,0x70,0x87,0xde,0x13,0xcf,0x1,
  0x0,0xd8,0xa8,0x1d,0x49,0x9e,0x9e,0xe4,0xd5,0x75,0x61,0xac,0xec,0xed,0x3,0xc0,
  0x7c,0x8,0xe8,0x0,0x40,0x73,0x4,0x74,0xe8,0x35,0xf1,0x1c,0x0,0x80,0x8d,0xfa,
  0x4e,0x92,0x47,0x27,0xf9,0x78,0x5d,0x18,0x33,0x7b,0xfb,0x0,0x30,0x1f,0xae,0x70,
  0x7,0x0,0x0,0xfa,0x42,0x3c,0x7,0x0,0x60,0xa3,0x3e,0x91,0xe4,0x4e,0xad,0xc5,
  0x73,0x0,0x60,0x7e,0x4,0x74,0x0,0x0,0xa0,0xf,0xc4,0x73,0x0,0x0,0x36,0xea,
  0x9f,0x92,0xdc,0x3b,0xc9,0x19,0x75,0x1,0x0,0x60,0xb3,0x4,0x74,0x0,0x0,0x60,
  0xd1,0xc4,0x73,0x0,0x0,0x36,0x62,0x47,0x92,0xa7,0x26,0xf9,0xb5,0xee,0xdf,0x1,
  0x0,0x66,0xc6,0x3b,0xd0,0x1,0x80,0xe6,0x78,0x7,0x3a,0xf4,0x8a,0x78,0xe,0x0,
  0xc0,0x46,0x7c,0x23,0xc9,0x63,0x93,0x7c,0xa6,0x2e,0xb4,0xc6,0xde,0x3e,0x0,0xcc,
  0x87,0x13,0xe8,0x0,0x0,0xc0,0xa2,0x88,0xe7,0x0,0x0,0x6c,0xc4,0xbb,0x93,0xdc,
  0x41,0x3c,0x7,0x0,0xe6,0x49,0x40,0x7,0x0,0x0,0x16,0x41,0x3c,0x7,0x0,0x60,
  0xbd,0x2e,0x4f,0xf2,0x87,0x49,0x1e,0x9a,0xe4,0x9c,0xba,0x8,0x0,0x30,0x4b,0xae,
  0x70,0x7,0x0,0x9a,0xe3,0xa,0x77,0x58,0x38,0xf1,0x1c,0x0,0x80,0xf5,0x3a,0x2b,
  0xc9,0xe3,0x93,0x7c,0xa0,0x2e,0xb4,0xce,0xde,0x3e,0x0,0xcc,0x87,0x13,0xe8,0x0,
  0x0,0xc0,0x56,0x12,0xcf,0x1,0x0,0x58,0xaf,0x8f,0x76,0x57,0xb6,0x8b,0xe7,0x0,
  0xc0,0x96,0x11,0xd0,0x1,0x0,0x80,0xad,0x22,0x9e,0x3,0x0,0xb0,0x1e,0xcb,0x49,
  0xfe,0x2a,0xc9,0x7d,0x93,0x9c,0x59,0x17,0x1,0x0,0xe6,0xc9,0x15,0xee,0x0,0x40,
  0x73,0x5c,0xe1,0xe,0xb,0x21,0x9e,0x3,0x0,0xb0,0x1e,0x67,0x25,0x79,0x4a,0x92,
  0x77,0xd6,0x5,0xae,0xce,0xde,0x3e,0x0,0xcc,0x87,0x13,0xe8,0x0,0x0,0xc0,0xbc,
  0x89,0xe7,0x0,0x0,0xac,0xc7,0xd1,0x49,0x6e,0x2f,0x9e,0x3,0x0,0x8b,0x24,0xa0,
  0x3,0x0,0x0,0xf3,0x24,0x9e,0x3,0x0,0xb0,0x2b,0x97,0x25,0xf9,0x83,0x24,0xf,
  0x48,0xf2,0xad,0xba,0x8,0x0,0xb0,0x95,0x5c,0xe1,0xe,0x0,0x34,0xc7,0x15,0xee,
  0xb0,0x65,0xc4,0x73,0x0,0x0,0x76,0xe5,0xd4,0x24,0x8f,0x4f,0x72,0x4c,0x5d,0x60,
  0x6d,0xf6,0xf6,0x1,0x60,0x3e,0x9c,0x40,0x7,0x0,0x0,0xe6,0x41,0x3c,0x7,0x0,
  0x60,0x57,0xde,0x90,0xe4,0x28,0xf1,0x1c,0x0,0xe8,0x13,0x1,0x1d,0x0,0x0,0x98,
  0x35,0xf1,0x9c,0xd6,0x7c,0x24,0xc9,0x5f,0x26,0xb9,0xbc,0x2e,0x0,0x0,0x13,0x5d,
  0x90,0xe4,0x57,0x93,0xfc,0x42,0x92,0x73,0xeb,0x22,0x0,0xc0,0x22,0xb9,0xc2,0x1d,
  0x0,0x68,0x8e,0x2b,0xdc,0x61,0xae,0xc4,0x73,0x5a,0xf3,0x91,0x24,0xf,0x49,0xf2,
  0xc3,0x24,0x3f,0x95,0xe4,0x9f,0x93,0xdc,0xb4,0x7e,0x8,0x0,0xb8,0xd2,0x27,0x93,
  0xfc,0x72,0x92,0x93,0xeb,0x2,0x1b,0x63,0x6f,0x1f,0x0,0xe6,0xc3,0x9,0x74,0x0,
  0x0,0x60,0x56,0xc4,0x73,0x5a,0xb3,0x32,0x9e,0x27,0xc9,0x47,0x93,0xdc,0x2e,0xc9,
  0x6b,0xcb,0xe7,0x0,0x80,0xe4,0xb2,0x24,0x7f,0xda,0xfd,0xc1,0x99,0x78,0xe,0x0,
  0xf4,0x96,0x13,0xe8,0x0,0x40,0x73,0x9c,0x40,0x87,0xb9,0x10,0xcf,0x69,0x4d,0x8d,
  0xe7,0xd5,0xa3,0x92,0xfc,0x63,0x92,0xeb,0xd4,0x5,0x0,0x68,0xd0,0x57,0x93,0xfc,
  0x4a,0x92,0x4f,0xd5,0x5,0x36,0xcf,0xde,0x3e,0x0,0xcc,0x87,0x13,0xe8,0x0,0x0,
  0xc0,0xb4,0xc4,0x73,0x5a,0xb3,0xab,0x78,0x9e,0x24,0x6f,0x49,0x72,0x64,0xf7,0xff,
  0x36,0x0,0xa0,0x55,0xcb,0x49,0x5e,0x9e,0xe4,0x28,0xf1,0x1c,0x0,0x18,0xa,0x27,
  0xd0,0x1,0x80,0xe6,0x38,0x81,0xe,0x33,0x25,0x9e,0xd3,0x9a,0xf5,0xc4,0xf3,0xea,
  0xc9,0x49,0x5e,0x9a,0xe4,0x80,0xba,0x0,0x0,0x23,0x76,0x5a,0xf7,0xc,0x3c,0xba,
  0x2e,0x30,0x1b,0xf6,0xf6,0x1,0x60,0x3e,0x9c,0x40,0x7,0x0,0x0,0x36,0x4b,0x3c,
  0xa7,0x35,0x9b,0x89,0xe7,0x49,0xf2,0x9a,0x24,0xb7,0x49,0xf2,0xde,0xba,0x0,0x0,
  0x23,0xb4,0xdc,0xbd,0xc6,0xe4,0x36,0xe2,0x39,0x0,0x30,0x44,0x2,0x3a,0x0,0x0,
  0xb0,0x19,0xe2,0x39,0xad,0xd9,0x6c,0x3c,0xdf,0xe9,0x8c,0x24,0xf,0x4e,0xf2,0xab,
  0x49,0xce,0xaf,0x8b,0x0,0x30,0x12,0xa7,0x25,0x79,0x50,0x92,0xa7,0x7a,0xde,0x1,
  0x0,0x43,0x25,0xa0,0x3,0x0,0x0,0x1b,0x25,0x9e,0xd3,0x9a,0x69,0xe3,0xf9,0x4e,
  0xcb,0x49,0x5e,0xd5,0x9d,0xc8,0x7b,0x5f,0x5d,0x4,0x80,0x1,0x5b,0x4e,0xf2,0x4a,
  0xcf,0x38,0x0,0x60,0xc,0x4,0x74,0x0,0x0,0x60,0x23,0xc4,0x73,0x5a,0x33,0xab,
  0x78,0xbe,0xd2,0xce,0xd3,0x79,0x4f,0x4a,0x72,0x4e,0x5d,0x4,0x80,0x81,0x39,0x25,
  0xc9,0xfd,0x92,0x3c,0xcd,0xa9,0x73,0x0,0x60,0xc,0x4,0x74,0x0,0x0,0x60,0xbd,
  0xc4,0x73,0x5a,0x33,0x8f,0x78,0xbe,0xd3,0x72,0x92,0xd7,0x25,0xb9,0x55,0x92,0x37,
  0xd4,0x45,0x0,0x18,0x80,0xcb,0x93,0xbc,0x24,0xc9,0x6d,0x93,0x7c,0xb0,0x2e,0x2,
  0x0,0xc,0xd5,0xd2,0xf2,0xf2,0x72,0x9d,0x1,0x0,0x8c,0xda,0xd2,0xd2,0x52,0x1d,
  0x1,0xbb,0x26,0x9e,0xd3,0x9a,0x79,0xc6,0xf3,0x49,0x1e,0x99,0xe4,0x6f,0x93,0xdc,
  0xb0,0x2e,0x0,0x40,0xf,0x7d,0xbe,0x7b,0xcf,0xf9,0x67,0xea,0x2,0x5b,0xc7,0xde,
  0x3e,0x0,0xcc,0x87,0x13,0xe8,0x0,0x0,0xc0,0xae,0x88,0xe7,0xb4,0x66,0xab,0xe3,
  0x79,0x92,0xbc,0x2d,0xc9,0xad,0x93,0xfc,0x7d,0x77,0x3a,0x1d,0x0,0xfa,0xe8,0x82,
  0x24,0xcf,0x49,0x72,0x67,0xf1,0x1c,0x0,0x18,0x2b,0x27,0xd0,0x1,0x80,0xe6,0x38,
  0x81,0xe,0x1b,0x22,0x9e,0xd3,0x9a,0x45,0xc4,0xf3,0xea,0x1e,0x49,0x5e,0xd1,0x5d,
  0x89,0xb,0x0,0x7d,0xf1,0x5f,0x49,0x9e,0x91,0xe4,0xf4,0xba,0xc0,0x62,0xd8,0xdb,
  0x7,0x80,0xf9,0x70,0x2,0x1d,0x0,0x0,0x58,0x8d,0x78,0x4e,0x6b,0xfa,0x10,0xcf,
  0x93,0xe4,0xe3,0x49,0xee,0x98,0xe4,0x79,0xdd,0x49,0x3f,0x0,0x58,0xa4,0x33,0x93,
  0x3c,0x3a,0xc9,0x23,0xc4,0x73,0x0,0xa0,0x5,0x4e,0xa0,0x3,0x0,0xcd,0x71,0x2,
  0x1d,0xd6,0x45,0x3c,0xa7,0x35,0x7d,0x89,0xe7,0xd5,0x61,0x49,0xfe,0x6f,0x17,0x2d,
  0x0,0x60,0x2b,0x5d,0x9e,0xe4,0x6f,0x93,0xfc,0x61,0x92,0xf3,0xeb,0x22,0x8b,0x67,
  0x6f,0x1f,0x0,0xe6,0x43,0x40,0x7,0x0,0x9a,0x23,0xa0,0xc3,0x2e,0x5d,0x2b,0xc9,
  0xbb,0xc5,0x73,0x1a,0xd2,0xd7,0x78,0xbe,0xd2,0x23,0xba,0x90,0x7e,0x58,0x5d,0x0,
  0x80,0x39,0xf8,0x54,0x92,0xdf,0x48,0xf2,0xd9,0xba,0x40,0x7f,0xd8,0xdb,0x7,0x80,
  0xf9,0x70,0x85,0x3b,0x0,0x0,0xb0,0x92,0x78,0x4e,0x6b,0x86,0x10,0xcf,0x93,0xe4,
  0xed,0x49,0x6e,0x99,0xe4,0x5,0x49,0x2e,0xae,0x8b,0x0,0x30,0x23,0xdf,0x4b,0xf2,
  0x6b,0x49,0xee,0x2e,0x9e,0x3,0x0,0xad,0x72,0x2,0x1d,0x0,0x68,0x8e,0x13,0xe8,
  0xb0,0x2a,0xf1,0x9c,0xd6,0xc,0x25,0x9e,0x57,0x37,0x4d,0xf2,0xd7,0x49,0x7e,0xb6,
  0x2e,0x0,0xc0,0x26,0x5d,0x9e,0xe4,0x1f,0xbb,0xeb,0xda,0xbf,0x57,0x17,0xe9,0x27,
  0x7b,0xfb,0x0,0x30,0x1f,0x2,0x3a,0x0,0xd0,0x1c,0x1,0x1d,0x26,0x12,0xcf,0x69,
  0xcd,0x50,0xe3,0xf9,0x4a,0xf,0x4d,0xf2,0xd2,0x24,0x47,0xd4,0x5,0x0,0xd8,0x80,
  0xff,0x49,0xf2,0xdb,0x49,0x8e,0xad,0xb,0xf4,0x9b,0xbd,0x7d,0x0,0x98,0xf,0x57,
  0xb8,0x3,0x0,0x0,0xe2,0x39,0xad,0x19,0x43,0x3c,0x4f,0x92,0x77,0x26,0x39,0x32,
  0xc9,0xef,0x27,0x39,0xbf,0x2e,0x2,0xc0,0x2e,0x9c,0x9e,0xe4,0x97,0x92,0xdc,0x5b,
  0x3c,0x7,0x0,0xb8,0x8a,0x13,0xe8,0x0,0x40,0x73,0x9c,0x40,0x87,0xab,0x11,0xcf,
  0x69,0xcd,0x58,0xe2,0x79,0x75,0xfd,0x24,0x7f,0x9e,0xe4,0x49,0x49,0x76,0xaf,0x8b,
  0x0,0xb0,0xc2,0xf,0x93,0xbc,0xb8,0xfb,0xb9,0xb0,0x2e,0x32,0x1c,0xf6,0xf6,0x1,
  0x60,0x3e,0x4,0x74,0x0,0xa0,0x39,0x2,0x3a,0x5c,0x49,0x3c,0xa7,0x35,0x63,0x8d,
  0xe7,0x2b,0xdd,0xae,0x7b,0x3f,0xfa,0x7d,0xeb,0x2,0x0,0xcd,0xbb,0x22,0xc9,0x6b,
  0x93,0xfc,0x51,0x92,0x6f,0xd6,0x45,0x86,0xc7,0xde,0x3e,0x0,0xcc,0x87,0x80,0xe,
  0x0,0x34,0x47,0x40,0x87,0x44,0x3c,0xa7,0x41,0x2d,0xc4,0xf3,0x95,0x1e,0xd9,0x9d,
  0x2c,0xf4,0x7e,0x74,0x0,0x92,0xe4,0x3,0x49,0x9e,0x93,0xe4,0xb8,0xba,0xc0,0x70,
  0xd9,0xdb,0x7,0x80,0xf9,0xf0,0xe,0x74,0x0,0x0,0x68,0x8f,0x78,0x4e,0x6b,0x5a,
  0x8b,0xe7,0x49,0xf2,0xb6,0x24,0xb7,0x4e,0xf2,0xac,0x24,0x67,0xd7,0x45,0x0,0x9a,
  0x71,0x42,0x92,0x87,0x27,0xb9,0xbf,0x78,0xe,0x0,0xb0,0x3e,0x4e,0xa0,0x3,0x0,
  0xcd,0x71,0x2,0x9d,0xc6,0x89,0xe7,0xb4,0xa6,0xc5,0x78,0x5e,0xed,0x9f,0xe4,0x79,
  0x49,0x9e,0x9d,0x64,0x9f,0xba,0x8,0xc0,0x28,0x9d,0x95,0xe4,0xcf,0x92,0xbc,0x32,
  0xc9,0x65,0x75,0x91,0x71,0xb0,0xb7,0xf,0x0,0xf3,0x21,0xa0,0x3,0x0,0xcd,0x11,
  0xd0,0x69,0x98,0x78,0x4e,0x6b,0xc4,0xf3,0xab,0x3b,0x34,0xc9,0xf3,0x93,0x3c,0x39,
  0xc9,0xb6,0xba,0x8,0xc0,0x28,0xfc,0x20,0xc9,0x4b,0x92,0xbc,0x34,0xc9,0xf9,0x75,
  0x91,0x71,0xb1,0xb7,0xf,0x0,0xf3,0x21,0xa0,0x3,0x0,0xcd,0x11,0xd0,0x69,0x94,
  0x78,0x4e,0x6b,0xc4,0xf3,0xd5,0xdd,0x22,0xc9,0x5f,0x24,0xf9,0xd9,0x24,0x1e,0x8a,
  0x0,0xe3,0x70,0x71,0x92,0xbf,0x4b,0xf2,0x42,0xaf,0xee,0x68,0x87,0xbd,0x7d,0x0,
  0x98,0xf,0x1,0x1d,0x0,0x68,0x8e,0x80,0x4e,0x83,0xc4,0x73,0x5a,0x23,0x9e,0xaf,
  0xcf,0x5d,0xbb,0xeb,0x7d,0x1f,0x58,0x17,0x0,0x18,0x8c,0xcb,0x92,0xbc,0xae,0xbb,
  0x61,0xe4,0xf4,0xba,0xc8,0xb8,0xd9,0xdb,0x7,0x80,0xf9,0x10,0xd0,0x1,0x80,0xe6,
  0x8,0xe8,0x34,0x46,0x3c,0xa7,0x35,0xe2,0xf9,0xc6,0xdd,0x3b,0xc9,0xb,0xfc,0xef,
  0x4,0xc0,0xa0,0x2c,0x27,0x79,0x43,0x92,0x3f,0x49,0xf2,0xd5,0xba,0x48,0x1b,0xec,
  0xed,0x3,0xc0,0x7c,0xec,0x56,0x7,0x0,0x0,0xc0,0x68,0x88,0xe7,0xb4,0x46,0x3c,
  0xdf,0x9c,0xf,0x27,0xb9,0x57,0x92,0x7,0x27,0xf9,0x74,0x5d,0x4,0xa0,0x57,0x96,
  0x93,0xbc,0x23,0xc9,0x1d,0x93,0x3c,0x4e,0x3c,0x7,0x0,0x98,0x3d,0x1,0x1d,0x0,
  0x0,0xc6,0x49,0x3c,0xa7,0x35,0xe2,0xf9,0xf4,0xde,0xd3,0x5d,0xeb,0xfe,0xa8,0x24,
  0x9f,0xaf,0x8b,0x0,0x2c,0xd4,0x72,0x92,0xb7,0x27,0xb9,0x73,0x92,0x87,0xfb,0xdf,
  0x69,0x0,0x80,0xf9,0x71,0x85,0x3b,0x0,0xd0,0x1c,0x57,0xb8,0xd3,0x0,0xf1,0x9c,
  0xd6,0x88,0xe7,0xb3,0xb7,0xd4,0x5,0x9a,0x3f,0x4a,0x72,0xa7,0xba,0x8,0xc0,0x96,
  0xd9,0x19,0xce,0xff,0x2c,0xc9,0xe7,0xea,0x22,0x6d,0xb3,0xb7,0xf,0x0,0xf3,0x21,
  0xa0,0x3,0x0,0xcd,0x11,0xd0,0x19,0x39,0xf1,0x9c,0xd6,0x88,0xe7,0xf3,0xb5,0xd4,
  0xfd,0xff,0xdf,0x3f,0x4e,0x72,0x97,0xba,0x8,0xc0,0xdc,0x2c,0x27,0x79,0x6b,0x17,
  0xce,0x8f,0xad,0x8b,0x10,0x1,0x1d,0x0,0xe6,0x46,0x40,0x7,0x0,0x9a,0x23,0xa0,
  0x33,0x62,0xe2,0x39,0xad,0x11,0xcf,0xb7,0xd6,0x83,0x92,0xfc,0x61,0x92,0x9f,0xac,
  0xb,0x0,0xcc,0xcc,0x15,0x5d,0x38,0x7f,0x7e,0x92,0x2f,0xd4,0x45,0x58,0xc9,0xde,
  0x3e,0x0,0xcc,0x87,0x80,0xe,0x0,0x34,0x47,0x40,0x67,0xa4,0xc4,0x73,0x5a,0x23,
  0x9e,0x2f,0xce,0xbd,0x92,0xfc,0x5e,0x17,0xd4,0x3d,0x54,0x1,0x66,0x63,0x47,0x92,
  0xff,0x97,0xe4,0xc5,0x49,0xbe,0x5a,0x17,0x61,0x12,0x7b,0xfb,0x0,0x30,0x1f,0x2,
  0x3a,0x0,0xd0,0x1c,0x1,0x9d,0x11,0x12,0xcf,0x69,0x8d,0x78,0xde,0xf,0xb7,0x4f,
  0xf2,0xbb,0x49,0x1e,0x9b,0x64,0x5b,0x5d,0x4,0x60,0x5d,0x2e,0x48,0xf2,0xf7,0x49,
  0x5e,0x9a,0xe4,0x9b,0x75,0x11,0xd6,0x62,0x6f,0x1f,0x0,0xe6,0x43,0x40,0x7,0x0,
  0x9a,0x23,0xa0,0x33,0x32,0xe2,0x39,0xad,0x11,0xcf,0xfb,0xe7,0xf0,0x24,0xcf,0x4d,
  0xf2,0xc4,0x24,0x7b,0xd7,0x45,0x0,0x26,0x3a,0x2b,0xc9,0xcb,0x93,0xfc,0x6d,0x92,
  0x73,0xeb,0x22,0xac,0x87,0xbd,0x7d,0x0,0x98,0xf,0x1,0x1d,0x0,0x68,0x8e,0x80,
  0xce,0x88,0x88,0xe7,0xb4,0x46,0x3c,0xef,0xb7,0x43,0x93,0xfc,0x46,0x92,0xa7,0x25,
  0x39,0xb8,0x2e,0x2,0x90,0x24,0x39,0xb9,0x3b,0x6d,0xfe,0x9a,0x24,0x17,0xd5,0x45,
  0xd8,0x8,0x7b,0xfb,0x0,0x30,0x1f,0x2,0x3a,0x0,0xd0,0x1c,0x1,0x9d,0x91,0x10,
  0xcf,0x69,0x8d,0x78,0x3e,0x1c,0xdb,0x93,0xfc,0x72,0x92,0x67,0x25,0xb9,0x55,0x5d,
  0x4,0x68,0xd4,0x87,0x92,0xbc,0x2c,0xc9,0x7f,0x25,0xb9,0xa2,0x2e,0xc2,0x66,0xd8,
  0xdb,0x7,0x80,0xf9,0x10,0xd0,0x1,0x80,0xe6,0x8,0xe8,0x8c,0x80,0x78,0x4e,0x6b,
  0xc4,0xf3,0x61,0x5a,0x4a,0xf2,0x88,0x2e,0xa4,0xdf,0xa7,0x2e,0x2,0x34,0x60,0x47,
  0x92,0x7f,0xef,0xc2,0xf9,0xe7,0xeb,0x22,0x4c,0xcb,0xde,0x3e,0x0,0xcc,0x87,0x80,
  0xe,0x0,0x34,0x47,0x40,0x67,0xe0,0xc4,0x73,0x5a,0x23,0x9e,0x8f,0xc3,0x51,0x49,
  0x9e,0xde,0x9d,0x4c,0xdf,0x5e,0x17,0x1,0x46,0xe6,0xec,0x24,0x7f,0x9f,0xe4,0xef,
  0x92,0x7c,0xab,0x2e,0xc2,0xac,0xd8,0xdb,0x7,0x80,0xf9,0x10,0xd0,0x1,0x80,0xe6,
  0x8,0xe8,0xc,0x98,0x78,0x4e,0x6b,0xc4,0xf3,0xf1,0xb9,0x4e,0x92,0x27,0x27,0x79,
  0x46,0x92,0x9b,0xd4,0x45,0x80,0x81,0xfb,0x7c,0x77,0xda,0xfc,0x8d,0xde,0x6f,0xce,
  0x56,0xb0,0xb7,0xf,0x0,0xf3,0x21,0xa0,0x3,0x0,0xcd,0x11,0xd0,0x19,0x28,0xf1,
  0x9c,0xd6,0x88,0xe7,0xe3,0xb6,0x5b,0x92,0x87,0x77,0x21,0xfd,0xfe,0xdd,0x75,0xef,
  0x0,0x43,0x74,0x51,0x92,0x37,0x24,0x79,0x65,0x92,0x63,0xea,0x22,0xcc,0x93,0xbd,
  0x7d,0x0,0x98,0xf,0x1,0x1d,0x0,0x68,0x8e,0x80,0xce,0x0,0x89,0xe7,0xb4,0x46,
  0x3c,0x6f,0xcb,0x4f,0x24,0x79,0x6a,0x92,0x5f,0x49,0x72,0x70,0x5d,0x4,0xe8,0xa9,
  0x13,0xbb,0x68,0xfe,0xba,0x24,0xdf,0xab,0x8b,0xb0,0x15,0xec,0xed,0x3,0xc0,0x7c,
  0x8,0xe8,0x0,0x40,0x73,0x4,0x74,0x6,0x46,0x3c,0xa7,0x35,0xe2,0x79,0xbb,0xf6,
  0x4a,0xf2,0x98,0x24,0xbf,0x9e,0xe4,0x5e,0x75,0x11,0xa0,0x7,0x2e,0x4b,0xf2,0xb6,
  0xee,0xfd,0xe6,0x1f,0x48,0x62,0x63,0x95,0x85,0xb2,0xb7,0xf,0x0,0xf3,0x21,0xa0,
  0x3,0x0,0xcd,0x11,0xd0,0x19,0x10,0xf1,0x9c,0xd6,0x88,0xe7,0xec,0x74,0xcb,0x15,
  0xa7,0xd2,0xf,0xaa,0x8b,0x0,0x5b,0xec,0x94,0x24,0xaf,0x4d,0xf2,0xaa,0x24,0xdf,
  0xaa,0x8b,0xb0,0x28,0xf6,0xf6,0x1,0x60,0x3e,0x4,0x74,0x0,0xa0,0x39,0x2,0x3a,
  0x3,0x21,0x9e,0xd3,0x1a,0xf1,0x9c,0x49,0xf6,0x4a,0xf2,0xc8,0x24,0x4f,0x4a,0xf2,
  0xc0,0x24,0xbb,0xd7,0xf,0x0,0xcc,0xc9,0xf,0x93,0xfc,0x67,0x92,0x57,0x77,0xcf,
  0x28,0x9b,0xa8,0xf4,0x8e,0xbd,0x7d,0x0,0x98,0xf,0x1,0x1d,0x0,0x68,0x8e,0x80,
  0xce,0x0,0x88,0xe7,0xb4,0x46,0x3c,0x67,0x3d,0x6e,0xd4,0x9d,0x48,0x7f,0x52,0x92,
  0x23,0xea,0x22,0xc0,0x8c,0x7c,0xbc,0x8b,0xe6,0x6f,0x48,0x72,0x7e,0x5d,0x84,0x3e,
  0xb1,0xb7,0xf,0x0,0xf3,0x21,0xa0,0x3,0x0,0xcd,0x11,0xd0,0xe9,0x39,0xf1,0x9c,
  0xd6,0x88,0xe7,0x6c,0xd4,0x52,0x92,0x9f,0x4c,0xf2,0xc4,0x24,0x3f,0x9f,0x64,0xff,
  0xfa,0x1,0x80,0xd,0x3a,0x33,0xc9,0xff,0xeb,0xae,0x69,0xff,0x6a,0x5d,0x84,0xbe,
  0xb2,0xb7,0xf,0x0,0xf3,0x21,0xa0,0x3,0x0,0xcd,0x11,0xd0,0xe9,0x31,0xf1,0x9c,
  0xd6,0x88,0xe7,0x4c,0x6b,0xef,0x24,0xf,0x4b,0xf2,0xcb,0x49,0x1e,0x9c,0x64,0xcf,
  0xfa,0x1,0x80,0x55,0x9c,0xdb,0x5d,0xd1,0xfe,0x6f,0x49,0x3e,0x94,0xe4,0x8a,0xfa,
  0x1,0xe8,0x3b,0x7b,0xfb,0x0,0x30,0x1f,0x2,0x3a,0x0,0xd0,0x1c,0x1,0x9d,0x9e,
  0x12,0xcf,0x69,0x8d,0x78,0xce,0xac,0x1d,0x94,0xe4,0xb1,0x49,0x9e,0xd0,0x9d,0x50,
  0xf7,0xc0,0x7,0xaa,0x8b,0x93,0xbc,0xa3,0x8b,0xe6,0xef,0x4a,0x72,0x49,0xfd,0x0,
  0xc,0x89,0xbd,0x7d,0x0,0x98,0xf,0x1,0x1d,0x0,0x68,0x8e,0x80,0x4e,0xf,0x89,
  0xe7,0xb4,0x46,0x3c,0x67,0xde,0x6e,0xdc,0x5d,0xef,0xfe,0xf3,0x49,0xee,0x54,0x17,
  0x81,0xa6,0x5c,0x9e,0xe4,0xe8,0x2e,0x9a,0xbf,0x39,0xc9,0xf,0xea,0x7,0x60,0xa8,
  0xec,0xed,0x3,0xc0,0x7c,0x8,0xe8,0x0,0x40,0x73,0x4,0x74,0x7a,0x46,0x3c,0xa7,
  0x35,0xe2,0x39,0x5b,0xed,0x66,0x49,0x7e,0xae,0x8b,0xe9,0x77,0xa8,0x8b,0xc0,0x28,
  0x5d,0x96,0xe4,0xc3,0x49,0xde,0x94,0xe4,0xad,0x49,0xbe,0x5d,0x3f,0x0,0x63,0x60,
  0x6f,0x1f,0x0,0xe6,0x43,0x40,0x7,0x0,0x9a,0x23,0xa0,0xd3,0x23,0xe2,0x39,0xad,
  0x11,0xcf,0x59,0xb4,0xc3,0xbb,0x98,0xfe,0x58,0x31,0x1d,0x46,0x67,0x47,0x92,0xf,
  0x74,0xd1,0xfc,0xed,0x49,0xce,0xae,0x1f,0x80,0xb1,0xb1,0xb7,0xf,0x0,0xf3,0x21,
  0xa0,0x3,0x0,0xcd,0x11,0xd0,0xe9,0x9,0xf1,0x9c,0xd6,0x88,0xe7,0xf4,0xcd,0x61,
  0x49,0x7e,0xb6,0xfb,0xb9,0x57,0x92,0xdd,0xeb,0x7,0x80,0xde,0xbb,0x28,0xc9,0x7b,
  0xbb,0xab,0xd9,0xdf,0x9e,0xe4,0xbc,0xfa,0x1,0x18,0x33,0x7b,0xfb,0x0,0x30,0x1f,
  0x2,0x3a,0x0,0xd0,0x1c,0x1,0x9d,0x1e,0x10,0xcf,0x69,0x8d,0x78,0x4e,0xdf,0x5d,
  0x27,0xc9,0xc3,0xbb,0x98,0xfe,0xc0,0x24,0xdb,0xeb,0x7,0x80,0xde,0x38,0xab,0xfb,
  0x1e,0xf5,0xce,0xee,0x9f,0x17,0xd4,0xf,0x40,0x2b,0xec,0xed,0x3,0xc0,0x7c,0x8,
  0xe8,0x0,0x40,0x73,0x4,0x74,0x16,0x4c,0x3c,0xa7,0x35,0xe2,0x39,0x43,0xb3,0x3d,
  0xc9,0x7d,0x93,0x3c,0xb4,0xfb,0x39,0xac,0x7e,0x0,0xd8,0x72,0x9f,0x4f,0xf2,0x8e,
  0x2e,0x9a,0x7f,0x3a,0xc9,0x15,0xf5,0x3,0xd0,0x22,0x7b,0xfb,0x0,0x30,0x1f,0x2,
  0x3a,0x0,0xd0,0x1c,0x1,0x9d,0x5,0x12,0xcf,0x69,0x8d,0x78,0xce,0x18,0x1c,0xb9,
  0x22,0xa6,0xdf,0xdd,0x55,0xef,0xb0,0x25,0x2e,0x4a,0x72,0x74,0x17,0xcc,0xdf,0x99,
  0xe4,0xb4,0xfa,0x1,0x40,0x40,0x7,0x80,0x79,0x11,0xd0,0x1,0x80,0xe6,0x8,0xe8,
  0x2c,0x88,0x78,0x4e,0x6b,0xc4,0x73,0xc6,0xe8,0xa0,0x24,0xf7,0xef,0x7e,0x7e,0xc6,
  0xe9,0x74,0x98,0x99,0xe5,0x24,0x5f,0x48,0xf2,0xbe,0x24,0x1f,0xe8,0x9e,0x21,0x17,
  0xd5,0xf,0x1,0x57,0x67,0x6f,0x1f,0x0,0xe6,0x43,0x40,0x7,0x0,0x9a,0x23,0xa0,
  0xb3,0x0,0xe2,0x39,0xad,0x11,0xcf,0x69,0xc5,0x4f,0x24,0x79,0x40,0xf7,0xde,0xf4,
  0xfb,0x24,0xd9,0xaf,0x7e,0x0,0x58,0xd5,0x99,0x5d,0x2c,0x7f,0x5f,0x92,0xff,0x4e,
  0xf2,0x9d,0xfa,0x1,0x60,0x6d,0xf6,0xf6,0x1,0x60,0x3e,0x4,0x74,0x0,0xa0,0x39,
  0x2,0x3a,0x5b,0x4c,0x3c,0xa7,0x35,0xe2,0x39,0xad,0xda,0x23,0xc9,0x5d,0xbb,0x90,
  0xfe,0xd3,0xdd,0x75,0xef,0xdb,0xeb,0x87,0xa0,0x61,0xdf,0x4f,0xf2,0xd1,0xee,0x6a,
  0xf6,0xf7,0x27,0xf9,0x52,0xfd,0x0,0xb0,0x31,0xf6,0xf6,0x1,0x60,0x3e,0x4,0x74,
  0x0,0xa0,0x39,0x2,0x3a,0x5b,0x48,0x3c,0xa7,0x35,0xe2,0x39,0x5c,0x65,0xaf,0x12,
  0xd4,0xef,0x2a,0xa8,0xd3,0x98,0xef,0x76,0xcf,0x85,0x9d,0x3f,0x5f,0x48,0x72,0x45,
  0xfd,0x10,0xb0,0x79,0xf6,0xf6,0x1,0x60,0x3e,0x4,0x74,0x0,0xa0,0x39,0x2,0x3a,
  0x5b,0x44,0x3c,0xa7,0x35,0xe2,0x39,0xac,0x6d,0xaf,0x24,0x77,0x4c,0xf2,0x53,0x49,
  0x7e,0xb2,0x3b,0xa1,0x7e,0xdd,0xfa,0x21,0x18,0xb0,0x6f,0x26,0xf9,0x70,0x92,0xff,
  0xe9,0xfe,0x79,0x42,0xf7,0x6e,0x73,0x60,0x4e,0xec,0xed,0x3,0xc0,0x7c,0x8,0xe8,
  0x0,0x40,0x73,0x4,0x74,0xb6,0x80,0x78,0x4e,0x6b,0xc4,0x73,0xd8,0xb8,0xa5,0x24,
  0x3f,0xde,0x5,0xf5,0x7b,0x74,0x51,0xfd,0x88,0x24,0xbb,0xd5,0xf,0x42,0xf,0x5d,
  0x9c,0xe4,0x73,0x49,0x3e,0xd1,0xfd,0x7c,0x3a,0xc9,0xa9,0xf5,0x43,0xc0,0x7c,0xd9,
  0xdb,0x7,0x80,0xf9,0x10,0xd0,0x1,0x80,0xe6,0x8,0xe8,0xcc,0x99,0x78,0x4e,0x6b,
  0xc4,0x73,0x98,0x9d,0x3,0x92,0xdc,0x29,0xc9,0x5d,0x92,0xdc,0xb9,0xbb,0xf6,0xfd,
  0x6,0xf5,0x43,0xb0,0x0,0x27,0x77,0xa1,0xfc,0x93,0x49,0x3e,0x95,0xe4,0xd8,0x24,
  0x3b,0xea,0x87,0x80,0xad,0x65,0x6f,0x1f,0x0,0xe6,0x43,0x40,0x7,0x0,0x9a,0x23,
  0xa0,0x33,0x47,0xe2,0x39,0xad,0x11,0xcf,0x61,0xfe,0x6e,0xd8,0x5,0xf5,0x3b,0x24,
  0x39,0xaa,0xfb,0x11,0xd5,0x99,0x97,0x2b,0x92,0x9c,0xd8,0x5,0xf2,0xcf,0x25,0xf9,
  0x7c,0xf7,0xef,0x67,0xd7,0xf,0x2,0x8b,0x67,0x6f,0x1f,0x0,0xe6,0x43,0x40,0x7,
  0x0,0x9a,0x23,0xa0,0x33,0x27,0xe2,0x39,0xad,0x11,0xcf,0x61,0x71,0xe,0x49,0x72,
  0xfb,0x15,0x41,0xfd,0xf6,0x49,0xe,0x4f,0xb2,0x7b,0xfd,0x20,0xac,0xe1,0x92,0x24,
  0x5f,0x2a,0xb1,0xfc,0x38,0xff,0xbb,0xe,0xc3,0x61,0x6f,0x1f,0x0,0xe6,0x43,0x40,
  0x7,0x0,0x9a,0x23,0xa0,0x33,0x7,0xe2,0x39,0xad,0x11,0xcf,0xa1,0x7f,0xf6,0x4e,
  0x72,0x8b,0x24,0xb7,0x4e,0x72,0x9b,0x15,0xff,0xbc,0xb1,0xf7,0xaa,0x37,0xef,0x92,
  0x24,0x5f,0xed,0x62,0xf9,0x97,0x57,0xfc,0x9c,0x9c,0xe4,0xb2,0x88,0x70,0x0,0x0,
  0x70,0x35,0x2,0x3a,0x0,0xd0,0x1c,0x1,0x9d,0x19,0x13,0xcf,0x69,0x8d,0x78,0xe,
  0xc3,0x72,0xad,0x2e,0xac,0xff,0x44,0xf7,0x73,0x44,0x92,0x1f,0xef,0x7e,0xf6,0xab,
  0x1f,0x66,0xd0,0xbe,0xdb,0x45,0xf1,0x53,0x92,0x7c,0xa5,0x8b,0xe4,0x5f,0xea,0xfe,
  0xf3,0xe5,0xf5,0xc3,0x2b,0xd9,0x1f,0x4,0x0,0x80,0xab,0x8,0xe8,0x0,0x40,0x73,
  0x4,0x74,0x66,0x48,0x3c,0xa7,0x35,0xe2,0x39,0x8c,0xcb,0xd,0xbb,0xab,0xdf,0x7f,
  0x3c,0xc9,0x4d,0x92,0xdc,0x74,0xc5,0xcf,0xf5,0xea,0x87,0xe9,0x85,0x33,0x93,0x7c,
  0x2d,0xc9,0x49,0x5d,0x2c,0xdf,0xf9,0xef,0xa7,0x24,0x39,0xaf,0x7e,0x78,0xbd,0xec,
  0xf,0x2,0x0,0xc0,0x55,0x4,0x74,0x0,0xa0,0x39,0x2,0x3a,0x33,0x22,0x9e,0xd3,
  0x1a,0xf1,0x1c,0xda,0x72,0xad,0x15,0x51,0xfd,0xb0,0x24,0x37,0x2a,0x3f,0x3f,0xd6,
  0x5d,0x1b,0xcf,0xec,0x5c,0xd0,0x5,0xf2,0x33,0xba,0x9f,0xd3,0x93,0x7c,0xa3,0xfb,
  0x39,0x2d,0xc9,0xa9,0xdd,0x75,0xec,0x33,0x67,0x7f,0x10,0x0,0x0,0xae,0x22,0xa0,
  0x3,0x0,0xcd,0x11,0xd0,0x99,0x1,0xf1,0x9c,0xd6,0x88,0xe7,0xc0,0x24,0xd7,0xe9,
  0x4e,0xb1,0x1f,0x9a,0xe4,0x6,0xdd,0xa9,0xf5,0xeb,0x77,0x3f,0x7,0x27,0xb9,0x6e,
  0x92,0x43,0x92,0x1c,0x94,0x64,0xcf,0xfa,0x5f,0x6e,0xc4,0x45,0x49,0xbe,0xdd,0x5d,
  0xaf,0x5e,0xff,0xf9,0xcd,0x24,0x67,0x27,0xf9,0x56,0x37,0x3b,0xb7,0xfe,0x97,0xb7,
  0x8a,0xfd,0x41,0x0,0x0,0xb8,0x8a,0x80,0xe,0x0,0x34,0x47,0x40,0x67,0x4a,0xe2,
  0x39,0xad,0x11,0xcf,0x81,0x59,0xd8,0xb7,0xb,0xe9,0xd7,0x49,0x72,0xed,0xee,0xdf,
  0xaf,0xdd,0xfd,0x1c,0xd8,0xad,0xef,0xfc,0xd9,0xaf,0xfb,0xe7,0x1,0xdd,0x3f,0xf7,
  0xe8,0x66,0xbb,0x77,0xff,0x79,0xde,0xae,0x48,0x72,0x7e,0x17,0xbf,0x2f,0x49,0xf2,
  0x83,0x24,0x17,0xaf,0xf8,0xf7,0x4b,0x92,0x7c,0xbf,0xb,0xde,0xf5,0xe7,0xfb,0x65,
  0x6d,0x10,0xff,0xdb,0x69,0x7f,0x10,0x0,0x0,0xae,0x22,0xa0,0x3,0x0,0xcd,0x11,
  0xd0,0x99,0x82,0x78,0x4e,0x6b,0xc4,0x73,0xa0,0x8f,0xb6,0x75,0xcf,0xe4,0x3d,0x92,
  0xec,0xb3,0x62,0xbe,0x77,0x92,0xbd,0x56,0xfc,0xe7,0xd5,0x9c,0xdf,0x45,0xf2,0x9d,
  0x2e,0xef,0xae,0x4f,0x4f,0x92,0xb,0x93,0x5c,0xba,0x62,0xad,0x9,0xf6,0x7,0x1,
  0x0,0xe0,0x2a,0x2,0x3a,0x0,0xd0,0x1c,0x1,0x9d,0x4d,0x12,0xcf,0x69,0xcd,0xdc,
  0xe3,0xb9,0xdf,0x47,0x1,0x0,0x0,0x80,0xbe,0xd9,0xad,0xe,0x0,0x0,0x80,0x6b,
  0x10,0xcf,0x69,0xcd,0xdc,0xe3,0x39,0x0,0x0,0x0,0x40,0x1f,0x9,0xe8,0x0,0x0,
  0xb0,0x36,0xf1,0x9c,0xd6,0x88,0xe7,0x0,0x0,0x0,0x40,0xb3,0x4,0x74,0x0,0x0,
  0x58,0x9d,0x78,0x4e,0x6b,0xc4,0x73,0x0,0x0,0x0,0xa0,0x69,0x2,0x3a,0x0,0x0,
  0x4c,0x26,0x9e,0xd3,0x1a,0xf1,0x1c,0x0,0x0,0x0,0x68,0x9e,0x80,0xe,0x0,0x0,
  0xd7,0x24,0x9e,0xd3,0x1a,0xf1,0x1c,0x0,0x0,0x0,0x40,0x40,0x7,0x0,0x80,0x6b,
  0x10,0xcf,0x69,0x8d,0x78,0xe,0x0,0x0,0x0,0xd0,0x11,0xd0,0x1,0x0,0xe0,0x2a,
  0xe2,0x39,0xad,0x11,0xcf,0x1,0x0,0x0,0x0,0x56,0x10,0xd0,0x1,0x0,0xe0,0x47,
  0xc4,0x73,0x5a,0x23,0x9e,0x3,0x0,0x0,0x0,0x14,0x2,0x3a,0x0,0x0,0x88,0xe7,
  0xb4,0x47,0x3c,0x7,0x0,0x0,0x0,0x98,0x40,0x40,0x7,0x0,0xa0,0x75,0xe2,0x39,
  0xad,0x11,0xcf,0x1,0x0,0x0,0x0,0x56,0x21,0xa0,0x3,0x0,0xd0,0x32,0xf1,0x9c,
  0xd6,0x88,0xe7,0x0,0x0,0x0,0x0,0x6b,0x10,0xd0,0x1,0x0,0x68,0x95,0x78,0x4e,
  0x6b,0xc4,0x73,0x0,0x0,0x0,0x80,0x5d,0x10,0xd0,0x1,0x0,0x68,0x91,0x78,0x4e,
  0x6b,0xc4,0x73,0x0,0x0,0x0,0x80,0x75,0x10,0xd0,0x1,0x0,0x68,0x8d,0x78,0x4e,
  0x6b,0xc4,0x73,0x0,0x0,0x0,0x80,0x75,0x12,0xd0,0x1,0x0,0x68,0x89,0x78,0x4e,
  0x6b,0xc4,0x73,0x0,0x0,0x0,0x80,0xd,0x10,0xd0,0x1,0x0,0x68,0x85,0x78,0x4e,
  0x6b,0xc4,0x73,0x0,0x0,0x0,0x80,0xd,0x12,0xd0,0x1,0x0,0x68,0x81,0x78,0x4e,
  0x6b,0xc4,0x73,0x0,0x0,0x0,0x80,0x4d,0x10,0xd0,0x1,0x0,0x18,0x3b,0xf1,0x9c,
  0xd6,0x88,0xe7,0x0,0x0,0x0,0x0,0x9b,0x24,0xa0,0x3,0x0,0x30,0x66,0xe2,0x39,
  0xad,0x11,0xcf,0x1,0x0,0x0,0x0,0xa6,0x20,0xa0,0x3,0x0,0x30,0x56,0xe2,0x39,
  0xad,0x11,0xcf,0x1,0x0,0x0,0x0,0xa6,0x24,0xa0,0x3,0x0,0x30,0x46,0xe2,0x39,
  0xad,0x11,0xcf,0x1,0x0,0x0,0x0,0x66,0x40,0x40,0x7,0x0,0x60,0x6c,0xc4,0x73,
  0x5a,0x23,0x9e,0x3,0x0,0x0,0x0,0xcc,0x88,0x80,0xe,0x0,0xc0,0x98,0x88,0xe7,
  0xb4,0x46,0x3c,0x7,0x0,0x0,0x0,0x98,0x21,0x1,0x1d,0x0,0x80,0xb1,0x10,0xcf,
  0x69,0x8d,0x78,0xe,0x0,0x0,0x0,0x30,0x63,0x2,0x3a,0x0,0x0,0x63,0x20,0x9e,
  0xd3,0x1a,0xf1,0x1c,0x0,0x0,0x0,0x60,0xe,0x4,0x74,0x0,0x0,0x86,0x4e,0x3c,
  0xa7,0x35,0xe2,0x39,0x0,0x0,0x0,0xc0,0x9c,0x8,0xe8,0x0,0x0,0xc,0x99,0x78,
  0x4e,0x6b,0xc4,0x73,0x0,0x0,0x0,0x80,0x39,0x12,0xd0,0x1,0x0,0x18,0x2a,0xf1,
  0x9c,0xd6,0x88,0xe7,0x0,0x0,0x0,0x0,0x73,0x26,0xa0,0x3,0x0,0x30,0x44,0xe2,
  0x39,0xad,0x11,0xcf,0x1,0x0,0x0,0x0,0xb6,0x80,0x80,0xe,0x0,0xc0,0xd0,0x88,
  0xe7,0xb4,0x46,0x3c,0x7,0x0,0x0,0x0,0xd8,0x22,0x2,0x3a,0x0,0x0,0x43,0x22,
  0x9e,0xd3,0x1a,0xf1,0x1c,0x0,0x0,0x0,0x60,0xb,0x9,0xe8,0x0,0x0,0xc,0x85,
  0x78,0x4e,0x6b,0xc4,0x73,0x0,0x0,0x0,0x80,0x2d,0x26,0xa0,0x3,0x0,0x30,0x4,
  0xe2,0x39,0xad,0x11,0xcf,0x1,0x0,0x0,0x0,0x16,0x40,0x40,0x7,0x0,0xa0,0xef,
  0xc4,0x73,0x5a,0x23,0x9e,0x3,0x0,0x0,0x0,0x2c,0x88,0x80,0xe,0x0,0x40,0x9f,
  0x89,0xe7,0xb4,0x46,0x3c,0x7,0x0,0x0,0x0,0x58,0x20,0x1,0x1d,0x0,0x80,0xbe,
  0x12,0xcf,0x69,0x8d,0x78,0xe,0x0,0x0,0x0,0xb0,0x60,0x2,0x3a,0x0,0x0,0x7d,
  0x24,0x9e,0xd3,0x1a,0xf1,0x1c,0x0,0x0,0x0,0xa0,0x7,0x4,0x74,0x0,0x0,0xfa,
  0x46,0x3c,0xa7,0x35,0xe2,0x39,0x0,0x0,0x0,0x40,0x4f,0x8,0xe8,0x0,0x0,0xf4,
  0x89,0x78,0x4e,0x6b,0xc4,0x73,0x0,0x0,0x0,0x80,0x1e,0x11,0xd0,0x1,0x0,0xe8,
  0xb,0xf1,0x9c,0xd6,0x88,0xe7,0x0,0x0,0x0,0x0,0x3d,0x23,0xa0,0x3,0x0,0xd0,
  0x7,0xe2,0x39,0xad,0x11,0xcf,0x1,0x0,0x0,0x0,0x7a,0x48,0x40,0x7,0x0,0x60,
  0xd1,0xc4,0x73,0x5a,0x23,0x9e,0x3,0x0,0x0,0x0,0xf4,0x94,0x80,0xe,0x0,0xc0,
  0x22,0x89,0xe7,0xb4,0x46,0x3c,0x7,0x0,0x0,0x0,0xe8,0x31,0x1,0x1d,0x0,0x80,
  0x45,0x11,0xcf,0x69,0x8d,0x78,0xe,0x0,0x0,0x0,0xd0,0x73,0x2,0x3a,0x0,0x0,
  0x8b,0x20,0x9e,0xd3,0x1a,0xf1,0x1c,0x0,0x0,0x0,0x60,0x0,0x4,0x74,0x0,0x0,
  0xb6,0x9a,0x78,0x4e,0x6b,0xc4,0x73,0x0,0x0,0x0,0x80,0x81,0x10,0xd0,0x1,0x0,
  0xd8,0x4a,0xe2,0x39,0xad,0x11,0xcf,0x1,0x0,0x0,0x0,0x6,0x44,0x40,0x7,0x0,
  0x60,0xab,0x88,0xe7,0xb4,0x46,0x3c,0x7,0x0,0x0,0x0,0x18,0x18,0x1,0x1d,0x0,
  0x80,0xad,0x20,0x9e,0xd3,0x1a,0xf1,0x1c,0x0,0x0,0x0,0x60,0x80,0x4,0x74,0x0,
  0x0,0xe6,0x4d,0x3c,0xa7,0x35,0xe2,0x39,0x0,0x0,0x0,0xc0,0x40,0x9,0xe8,0x0,
  0x0,0xcc,0x93,0x78,0x4e,0x6b,0xc4,0x73,0x0,0x0,0x0,0x80,0x1,0x13,0xd0,0x1,
  0x0,0x98,0x17,0xf1,0x9c,0xd6,0x88,0xe7,0x0,0x0,0x0,0x0,0x3,0x27,0xa0,0x3,
  0x0,0x30,0xf,0xe2,0x39,0xad,0x11,0xcf,0x1,0x0,0x0,0x0,0x46,0x40,0x40,0x7,
  0x0,0x60,0xd6,0xc4,0x73,0x5a,0x23,0x9e,0x3,0x0,0x0,0x0,0x8c,0x84,0x80,0xe,
  0x0,0xc0,0x2c,0x89,0xe7,0xb4,0x46,0x3c,0x7,0x0,0x0,0x0,0x18,0x11,0x1,0x1d,
  0x0,0x80,0x59,0x11,0xcf,0x69,0x8d,0x78,0xe,0x0,0x0,0x0,0x30,0x32,0x2,0x3a,
  0x0,0x0,0xb3,0x20,0x9e,0xd3,0x1a,0xf1,0x1c,0x0,0x0,0x0,0x60,0x84,0x4,0x74,
  0x0,0x0,0xa6,0x25,0x9e,0xd3,0x1a,0xf1,0x1c,0x0,0x0,0x0,0x60,0xa4,0x4,0x74,
  0x0,0x0,0xa6,0x21,0x9e,0xd3,0x1a,0xf1,0x1c,0x0,0x0,0x0,0x60,0xc4,0x4,0x74,
  0x0,0x0,0x36,0x4b,0x3c,0xa7,0x35,0xe2,0x39,0x0,0x0,0x0,0xc0,0xc8,0x9,0xe8,
  0x0,0x0,0x6c,0x86,0x78,0x4e,0x6b,0xc4,0x73,0x0,0x0,0x0,0x80,0x6,0x8,0xe8,
  0x0,0x0,0x6c,0x94,0x78,0x4e,0x6b,0xc4,0x73,0x0,0x0,0x0,0x80,0x46,0x8,0xe8,
  0x0,0x0,0x6c,0x84,0x78,0x4e,0x6b,0xc4,0x73,0x0,0x0,0x0,0x80,0x86,0x8,0xe8,
  0x0,0x0,0xac,0x97,0x78,0x4e,0x6b,0xc4,0x73,0x0,0x0,0x0,0x80,0xc6,0x8,0xe8,
  0x0,0x0,0xac,0x87,0x78,0x4e,0x6b,0xc4,0x73,0x0,0x0,0x0,0x80,0x6,0x9,0xe8,
  0x0,0x0,0xec,0x8a,0x78,0x4e,0x6b,0xc4,0x73,0x0,0x0,0x0,0x80,0x46,0x9,0xe8,
  0x0,0x0,0xac,0x45,0x3c,0xa7,0x35,0xe2,0x39,0x0,0x0,0x0,0x40,0xc3,0x4,0x74,
  0x0,0x0,0x56,0x23,0x9e,0xd3,0x1a,0xf1,0x1c,0x0,0x0,0x0,0xa0,0x71,0x2,0x3a,
  0x0,0x0,0x93,0x88,0xe7,0xb4,0x46,0x3c,0x7,0x0,0x0,0x0,0x40,0x40,0x7,0x0,
  0xe0,0x1a,0xc4,0x73,0x5a,0x23,0x9e,0x3,0x0,0x0,0x0,0x90,0x8,0xe8,0x0,0x0,
  0x14,0xe2,0x39,0xad,0x11,0xcf,0x1,0x0,0x0,0x0,0xb8,0x92,0x80,0xe,0x0,0xc0,
  0x4e,0xe2,0x39,0xad,0x11,0xcf,0x1,0x0,0x0,0x0,0xb8,0x1a,0x1,0x1d,0x0,0x80,
  0x88,0xe7,0x34,0x48,0x3c,0x7,0x0,0x0,0x0,0xe0,0x1a,0x4,0x74,0x0,0x0,0xc4,
  0x73,0x5a,0x23,0x9e,0x3,0x0,0x0,0x0,0x30,0x91,0x80,0xe,0x0,0xd0,0x36,0xf1,
  0x9c,0xd6,0x88,0xe7,0x0,0x0,0x0,0x0,0xac,0x4a,0x40,0x7,0x0,0x68,0x97,0x78,
  0x4e,0x6b,0xc4,0x73,0x0,0x0,0x0,0x0,0xd6,0x24,0xa0,0x3,0x0,0xb4,0x49,0x3c,
  0xa7,0x35,0xe2,0x39,0x0,0x0,0x0,0x0,0xbb,0x24,0xa0,0x3,0x0,0xb4,0x47,0x3c,
  0xa7,0x35,0xe2,0x39,0x0,0x0,0x0,0x0,0xeb,0x22,0xa0,0x3,0x0,0xb4,0x45,0x3c,
  0xa7,0x35,0xe2,0x39,0x0,0x0,0x0,0x0,0xeb,0x26,0xa0,0x3,0x0,0xb4,0x43,0x3c,
  0xa7,0x35,0xe2,0x39,0x0,0x0,0x0,0x0,0x1b,0x22,0xa0,0x3,0x0,0xb4,0x41,0x3c,
  0xa7,0x35,0xe2,0x39,0x0,0x0,0x0,0x0,0x1b,0x26,0xa0,0x3,0x0,0x8c,0x9f,0x78,
  0x4e,0x6b,0xc4,0x73,0x0,0x0,0x0,0x0,0x36,0x45,0x40,0x7,0x0,0x18,0x37,0xf1,
  0x9c,0xd6,0x88,0xe7,0x0,0x0,0x0,0x0,0x6c,0x9a,0x80,0xe,0x0,0x30,0x5e,0xe2,
  0x39,0xad,0x11,0xcf,0x1,0x0,0x0,0x0,0x98,0x8a,0x80,0xe,0x0,0x30,0x4e,0xe2,
  0x39,0xad,0x11,0xcf,0x1,0x0,0x0,0x0,0x98,0x9a,0x80,0xe,0x0,0x30,0x3e,0xe2,
  0x39,0xad,0x11,0xcf,0x1,0x0,0x0,0x0,0x98,0x9,0x1,0x1d,0x0,0x60,0x5c,0xc4,
  0x73,0x5a,0x23,0x9e,0x3,0x0,0x0,0x0,0x30,0x33,0x2,0x3a,0x0,0xc0,0x78,0x88,
  0xe7,0xb4,0x46,0x3c,0x7,0x0,0x0,0x0,0x60,0xa6,0x4,0x74,0x0,0x80,0x71,0x10,
  0xcf,0x69,0x8d,0x78,0xe,0x0,0x0,0x0,0xc0,0xcc,0x9,0xe8,0x0,0x0,0xc3,0x27,
  0x9e,0xd3,0x1a,0xf1,0x1c,0x0,0x0,0x0,0x80,0xb9,0x10,0xd0,0x1,0x0,0x86,0x4d,
  0x3c,0xa7,0x35,0xe2,0x39,0x0,0x0,0x0,0x0,0x73,0x23,0xa0,0x3,0x0,0xc,0x97,
  0x78,0x4e,0x6b,0xc4,0x73,0x0,0x0,0x0,0x0,0xe6,0x4a,0x40,0x7,0x0,0x18,0x26,
  0xf1,0x9c,0xd6,0x88,0xe7,0x0,0x0,0x0,0x0,0xcc,0x9d,0x80,0xe,0x0,0x30,0x3c,
  0xe2,0x39,0xad,0x11,0xcf,0x1,0x0,0x0,0x0,0xd8,0x12,0x2,0x3a,0x0,0xc0,0xb0,
  0x88,0xe7,0xb4,0x46,0x3c,0x7,0x0,0x0,0x0,0x60,0xcb,0x8,0xe8,0x0,0x0,0xc3,
  0x21,0x9e,0xd3,0x1a,0xf1,0x1c,0x0,0x0,0x0,0x80,0x2d,0x25,0xa0,0x3,0x0,0xc,
  0x83,0x78,0x4e,0x6b,0xc4,0x73,0x0,0x0,0x0,0x0,0xb6,0x9c,0x80,0xe,0x0,0xd0,
  0x7f,0xe2,0x39,0xad,0x11,0xcf,0x1,0x0,0x0,0x0,0x58,0x8,0x1,0x1d,0x0,0xa0,
  0xdf,0xc4,0x73,0x5a,0x23,0x9e,0x3,0x0,0x0,0x0,0xb0,0x30,0x2,0x3a,0x0,0x40,
  0x7f,0x89,0xe7,0xb4,0x46,0x3c,0x7,0x0,0x0,0x0,0x60,0xa1,0x4,0x74,0x0,0x80,
  0x7e,0x12,0xcf,0x69,0x8d,0x78,0xe,0x0,0x0,0x0,0xc0,0xc2,0x9,0xe8,0x0,0x0,
  0xfd,0x23,0x9e,0xd3,0x1a,0xf1,0x1c,0x0,0x0,0x0,0x80,0x5e,0x10,0xd0,0x1,0x0,
  0xfa,0x45,0x3c,0xa7,0x35,0xe2,0x39,0x0,0x0,0x0,0x0,0xbd,0x21,0xa0,0x3,0x0,
  0xf4,0x87,0x78,0x4e,0x6b,0xc4,0x73,0x0,0x0,0x0,0x0,0x7a,0x45,0x40,0x7,0x0,
  0xe8,0x7,0xf1,0x9c,0xd6,0x88,0xe7,0x0,0x0,0x0,0x0,0xf4,0x8e,0x80,0xe,0x0,
  0xb0,0x78,0xe2,0x39,0xad,0x11,0xcf,0x1,0x0,0x0,0x0,0xe8,0x25,0x1,0x1d,0x0,
  0x60,0xb1,0xc4,0x73,0x5a,0x23,0x9e,0x3,0x0,0x0,0x0,0xd0,0x5b,0x2,0x3a,0x0,
  0xc0,0xe2,0x88,0xe7,0xb4,0x46,0x3c,0x7,0x0,0x0,0x0,0xa0,0xd7,0x4,0x74,0x0,
  0x80,0xc5,0x10,0xcf,0x69,0x8d,0x78,0xe,0x0,0x0,0x0,0x40,0xef,0x9,0xe8,0x0,
  0x0,0x5b,0xef,0x5a,0x49,0xde,0x25,0x9e,0xd3,0x10,0xf1,0x1c,0x0,0x0,0x0,0x80,
  0x41,0x10,0xd0,0x1,0x0,0xb6,0xd6,0xce,0x78,0x7e,0xaf,0xba,0x0,0x23,0x25,0x9e,
  0x3,0x0,0x0,0x0,0x30,0x18,0x2,0x3a,0x0,0xc0,0xd6,0x11,0xcf,0x69,0x8d,0x78,
  0xe,0x0,0x0,0x0,0xc0,0xa0,0x8,0xe8,0x0,0x0,0x5b,0x43,0x3c,0xa7,0x35,0xe2,
  0x39,0x0,0x0,0x0,0x0,0x83,0x23,0xa0,0x3,0x0,0xcc,0x9f,0x78,0x4e,0x6b,0xc4,
  0x73,0x0,0x0,0x0,0x0,0x6,0x49,0x40,0x7,0x0,0x98,0x2f,0xf1,0x9c,0xd6,0x88,
  0xe7,0x0,0x0,0x0,0x0,0xc,0x96,0x80,0xe,0x0,0x30,0x3f,0xe2,0x39,0xad,0x11,
  0xcf,0x1,0x0,0x0,0x0,0x18,0x34,0x1,0x1d,0x0,0x60,0x3e,0xc4,0x73,0x5a,0x23,
  0x9e,0x3,0x0,0x0,0x0,0x30,0x78,0x2,0x3a,0x0,0xc0,0xec,0x89,0xe7,0xb4,0x46,
  0x3c,0x7,0x0,0x0,0x0,0x60,0x14,0x4,0x74,0x0,0x80,0xd9,0x12,0xcf,0x69,0x8d,
  0x78,0xe,0x0,0x0,0x0,0xc0,0x68,0x8,0xe8,0x0,0x0,0xb3,0x23,0x9e,0xd3,0x1a,
  0xf1,0x1c,0x0,0x0,0x0,0x80,0x51,0x11,0xd0,0x1,0x0,0x66,0x43,0x3c,0xa7,0x35,
  0xe2,0x39,0x0,0x0,0x0,0x0,0xa3,0x23,0xa0,0x3,0x0,0x4c,0x4f,0x3c,0xa7,0x35,
  0xe2,0x39,0x0,0x0,0x0,0x0,0xa3,0x24,0xa0,0x3,0x0,0x4c,0x47,0x3c,0xa7,0x35,
  0xe2,0x39,0x0,0x0,0x0,0x0,0xa3,0x25,0xa0,0x3,0x0,0x6c,0x9e,0x78,0x4e,0x6b,
  0xc4,0x73,0x0,0x0,0x0,0x0,0x46,0x4d,0x40,0x7,0x0,0xd8,0x1c,0xf1,0x9c,0xd6,
  0x88,0xe7,0x0,0x0,0x0,0x0,0x8c,0x9e,0x80,0xe,0x0,0xb0,0x71,0xe2,0x39,0xad,
  0x11,0xcf,0x1,0x0,0x0,0x0,0x68,0x82,0x80,0xe,0x0,0xb0,0x31,0xe2,0x39,0xad,
  0x11,0xcf,0x1,0x0,0x0,0x0,0x68,0x86,0x80,0xe,0x0,0xb0,0x7e,0xe2,0x39,0xad,
  0x11,0xcf,0x1,0x0,0x0,0x0,0x68,0x8a,0x80,0xe,0x0,0xb0,0x3e,0xe2,0x39,0xad,
  0x11,0xcf,0x1,0x0,0x0,0x0,0x68,0x8e,0x80,0xe,0x0,0xb0,0x6b,0xe2,0x39,0xad,
  0x11,0xcf,0x1,0x0,0x0,0x0,0x68,0x92,0x80,0xe,0x0,0xb0,0x36,0xf1,0x9c,0xd6,
  0x88,0xe7,0x0,0x0,0x0,0x0,0x34,0x4b,0x40,0x7,0x0,0x58,0x9d,0x78,0x4e,0x6b,
  0xc4,0x73,0x0,0x0,0x0,0x0,0x9a,0x26,0xa0,0x3,0x0,0x4c,0x26,0x9e,0xd3,0x1a,
  0xf1,0x1c,0x0,0x0,0x0,0x80,0xe6,0x9,0xe8,0x0,0x0,0xd7,0x24,0x9e,0xd3,0x1a,
  0xf1,0x1c,0x0,0x0,0x0,0x0,0x4,0x74,0x0,0x80,0x6b,0x10,0xcf,0x69,0x8d,0x78,
  0xe,0x0,0x0,0x0,0x0,0x1d,0x1,0x1d,0x0,0xe0,0x2a,0xe2,0x39,0xad,0x11,0xcf,
  0x1,0x0,0x0,0x0,0x60,0x5,0x1,0x1d,0x0,0xe0,0x47,0xc4,0x73,0x5a,0x23,0x9e,
  0x3,0x0,0x0,0x0,0x40,0x21,0xa0,0x3,0x0,0x88,0xe7,0xb4,0x47,0x3c,0x7,0x0,
  0x0,0x0,0x80,0x9,0x4,0x74,0x0,0xa0,0x75,0xe2,0x39,0xad,0x11,0xcf,0x1,0x0,
  0x0,0x0,0x60,0x15,0x2,0x3a,0x0,0xd0,0x32,0xf1,0x9c,0xd6,0x88,0xe7,0x0,0x0,
  0x0,0x0,0xb0,0x6,0x1,0x1d,0x0,0x68,0x95,0x78,0x4e,0x6b,0xc4,0x73,0x0,0x0,
  0x0,0x0,0xd8,0x5,0x1,0x1d,0x0,0x68,0x91,0x78,0x4e,0x6b,0xc4,0x73,0x0,0x0,
  0x0,0x0,0x58,0x87,0xa5,0xe5,0xe5,0xe5,0x3a,0x3,0x0,0xd8,0x52,0x4b,0x4b,0x4b,
  0x75,0x34,0x4f,0xe2,0x39,0xad,0x11,0xcf,0xe9,0x2d,0xbf,0x8f,0x2,0x0,0x0,0x0,
  0x7d,0xe3,0x4,0x3a,0x0,0xd0,0x12,0xf1,0x9c,0xd6,0x88,0xe7,0x0,0x0,0x0,0x0,
  0xb0,0x1,0x2,0x3a,0x0,0xd0,0xa,0xf1,0x9c,0xd6,0x88,0xe7,0x0,0x0,0x0,0x0,
  0xb0,0x41,0x2,0x3a,0x0,0xd0,0x2,0xf1,0x9c,0xd6,0x88,0xe7,0x0,0x0,0x0,0x0,
  0xb0,0x9,0x2,0x3a,0x0,0x30,0x76,0xe2,0x39,0xad,0x11,0xcf,0x1,0x0,0x0,0x0,
  0x60,0x93,0x4,0x74,0x0,0x60,0xcc,0xc4,0x73,0x5a,0x23,0x9e,0x3,0x0,0x0,0x0,
  0xc0,0x14,0x4,0x74,0x0,0x60,0xac,0xc4,0x73,0x5a,0x23,0x9e,0x3,0x0,0x0,0x0,
  0xc0,0x94,0x4,0x74,0x0,0x60,0x8c,0xc4,0x73,0x5a,0x23,0x9e,0x3,0x0,0x0,0x0,
  0xc0,0xc,0x8,0xe8,0x0,0xc0,0xd8,0x88,0xe7,0xb4,0x46,0x3c,0x7,0x0,0x0,0x0,
  0x80,0x19,0x11,0xd0,0x1,0x80,0x31,0xd9,0x27,0xc9,0x3b,0xc4,0x73,0x1a,0x22,0x9e,
  0x3,0x0,0x0,0x0,0xc0,0xc,0x9,0xe8,0x0,0xc0,0x58,0xec,0x99,0xe4,0x4d,0x49,
  0xee,0x53,0x17,0x60,0xa4,0xc4,0x73,0x0,0x0,0x0,0x0,0x98,0x31,0x1,0x1d,0x0,
  0x18,0x83,0xdd,0x92,0xfc,0x5b,0x92,0x7,0xd7,0x5,0x18,0x29,0xf1,0x1c,0x0,0x0,
  0x0,0x0,0xe6,0x40,0x40,0x7,0x0,0xc6,0xe0,0xc5,0x49,0x1e,0x53,0x87,0x30,0x52,
  0xe2,0x39,0x0,0x0,0x0,0x0,0xcc,0x89,0x80,0xe,0x0,0xc,0xdd,0x33,0x92,0xfc,
  0x4e,0x1d,0xc2,0x48,0x89,0xe7,0x0,0x0,0x0,0x0,0x30,0x47,0x4b,0xcb,0xcb,0xcb,
  0x75,0x6,0x0,0xb0,0xa5,0x96,0x96,0x96,0xea,0x68,0xbd,0xee,0x9d,0xe4,0xbf,0x93,
  0x6c,0xab,0xb,0x30,0x42,0xe2,0x39,0xa3,0xe3,0xf7,0x51,0x0,0x0,0x0,0xa0,0x6f,
  0x4,0x74,0x0,0x60,0xe1,0x36,0x19,0xd0,0x6f,0x98,0xe4,0x73,0x49,0xe,0xa9,0xb,
  0x30,0x42,0xe2,0x39,0xa3,0xe4,0xf7,0x51,0x0,0x0,0x0,0xa0,0x6f,0x5c,0xe1,0xe,
  0x0,0xc,0xd1,0xb6,0x24,0x6f,0x14,0xcf,0x69,0x84,0x78,0xe,0x0,0x0,0x0,0x0,
  0x5b,0x44,0x40,0x7,0x0,0x86,0xe8,0x8f,0x92,0xdc,0xbd,0xe,0x61,0x84,0xc4,0x73,
  0x0,0x0,0x0,0x0,0xd8,0x42,0xae,0x70,0x7,0x0,0x16,0x6e,0x83,0x57,0xb8,0xdf,
  0x23,0xc9,0x87,0xbd,0xf7,0x9c,0x6,0x88,0xe7,0x8c,0x9e,0xdf,0x47,0x1,0x0,0x0,
  0x80,0xbe,0x11,0xd0,0x1,0x80,0x85,0xdb,0x40,0x40,0xdf,0x9e,0xe4,0xb8,0x24,0x47,
  0xd4,0x5,0x18,0x19,0xf1,0x9c,0x26,0xf8,0x7d,0x14,0x0,0x0,0x0,0xe8,0x1b,0x57,
  0xb8,0x3,0x0,0x43,0xf2,0xc7,0xe2,0x39,0xd,0x10,0xcf,0x1,0x0,0x0,0x0,0x60,
  0x41,0x9c,0x40,0x7,0x0,0x16,0x6e,0x9d,0x27,0xd0,0x6f,0x97,0xe4,0x33,0xae,0x6e,
  0x67,0xe4,0xc4,0x73,0x9a,0xe2,0xf7,0x51,0x0,0x0,0x0,0xa0,0x6f,0x9c,0x40,0x7,
  0x0,0x86,0xe2,0x65,0xe2,0x39,0x23,0x27,0x9e,0x3,0x0,0x0,0x0,0xc0,0x82,0x9,
  0xe8,0x0,0xc0,0x10,0x3c,0x3a,0xc9,0x7d,0xea,0x10,0x46,0x44,0x3c,0x7,0x0,0x0,
  0x0,0x80,0x1e,0x70,0x85,0x3b,0x0,0xb0,0x70,0xbb,0xb8,0xc2,0x7d,0xcf,0x24,0x27,
  0x26,0xb9,0x71,0x5d,0x80,0x91,0x10,0xcf,0x69,0x96,0xdf,0x47,0x1,0x0,0x0,0x80,
  0xbe,0x71,0x2,0x1d,0x0,0xe8,0xbb,0x5f,0x13,0xcf,0x19,0x31,0xf1,0x1c,0x0,0x0,
  0x0,0x0,0x7a,0xc4,0x9,0x74,0x0,0x60,0xe1,0xd6,0x38,0x81,0xbe,0x3d,0xc9,0x49,
  0x49,0x6e,0x58,0x17,0x60,0x4,0xc4,0x73,0x9a,0xe7,0xf7,0x51,0x0,0x0,0x0,0xa0,
  0x6f,0x9c,0x40,0x7,0x0,0xfa,0xec,0x57,0xc5,0x73,0x46,0x4a,0x3c,0x7,0x0,0x0,
  0x0,0x80,0x1e,0x72,0x2,0x1d,0x0,0x58,0xb8,0x55,0x4e,0xa0,0xef,0xde,0xbd,0xfb,
  0xfc,0x66,0x75,0x1,0x6,0x4e,0x3c,0x87,0x8e,0xdf,0x47,0x1,0x0,0x0,0x80,0xbe,
  0x71,0x2,0x1d,0x0,0xe8,0xab,0x47,0x8b,0xe7,0x8c,0x90,0x78,0xe,0x0,0x0,0x0,
  0x0,0x3d,0x26,0xa0,0x3,0x0,0x7d,0xf5,0xac,0x3a,0x80,0x81,0x13,0xcf,0x1,0x0,
  0x0,0x0,0xa0,0xe7,0x5c,0xe1,0xe,0x0,0x2c,0xdc,0x84,0x2b,0xdc,0x6f,0x93,0xe4,
  0xf8,0x3a,0x84,0x1,0x13,0xcf,0x61,0x2,0xbf,0x8f,0x2,0x0,0x0,0x0,0x7d,0xe3,
  0x4,0x3a,0x0,0xd0,0x47,0xbf,0x5a,0x7,0x30,0x60,0xe2,0x39,0x0,0x0,0x0,0x0,
  0xc,0x84,0x13,0xe8,0x0,0xc0,0xc2,0x95,0x13,0xe8,0x7b,0x24,0xf9,0x76,0x92,0x83,
  0x56,0xe,0x61,0xa0,0xc4,0x73,0x58,0x83,0xdf,0x47,0x1,0x0,0x0,0x80,0xbe,0x71,
  0x2,0x1d,0x0,0xe8,0x9b,0x7,0x88,0xe7,0x8c,0x84,0x78,0xe,0x0,0x0,0x0,0x0,
  0x3,0x23,0xa0,0x3,0x0,0x7d,0xf3,0xb,0x75,0x0,0x3,0x24,0x9e,0x3,0x0,0x0,
  0x0,0xc0,0x0,0xb9,0xc2,0x1d,0x0,0x58,0xb8,0x15,0x57,0xb8,0x6f,0x4b,0xf2,0xdd,
  0x24,0x7,0x5e,0xfd,0x13,0x30,0x28,0xe2,0x39,0xac,0x93,0xdf,0x47,0x1,0x0,0x0,
  0x80,0xbe,0x71,0x2,0x1d,0x0,0xe8,0x93,0x7b,0x88,0xe7,0xc,0x9c,0x78,0xe,0x0,
  0x0,0x0,0x0,0x3,0x26,0xa0,0x3,0x0,0x7d,0xf2,0xa0,0x3a,0x80,0x1,0x11,0xcf,
  0x1,0x0,0x0,0x0,0x60,0xe0,0x4,0x74,0x0,0xa0,0x4f,0x7e,0xa6,0xe,0x60,0x20,
  0xc4,0x73,0x0,0x0,0x0,0x0,0x18,0x1,0xef,0x40,0x7,0x0,0x16,0xae,0x7b,0x7,
  0xfa,0xfe,0x49,0xce,0x49,0xb2,0x7b,0x5d,0x87,0x9e,0x13,0xcf,0x61,0x93,0xfc,0x3e,
  0xa,0x0,0x0,0x0,0xf4,0x8d,0x13,0xe8,0x0,0x40,0x5f,0xdc,0x43,0x3c,0x67,0x80,
  0xc4,0x73,0x0,0x0,0x0,0x0,0x18,0x11,0x1,0x1d,0x0,0xe8,0x8b,0xbb,0xd7,0x1,
  0xf4,0x9c,0x78,0xe,0x0,0x0,0x0,0x0,0x23,0x23,0xa0,0x3,0x0,0x7d,0x71,0xc7,
  0x3a,0x80,0x1e,0x13,0xcf,0x1,0x0,0x0,0x0,0x60,0x84,0x4,0x74,0x0,0xa0,0x2f,
  0x8e,0xac,0x3,0xe8,0x29,0xf1,0x1c,0x0,0x0,0x0,0x0,0x46,0x6a,0x69,0x79,0x79,
  0xb9,0xce,0x0,0x0,0xb6,0xd4,0xd2,0xd2,0xd2,0x81,0x49,0xbe,0x5f,0xe7,0xd0,0x43,
  0xe2,0x39,0xcc,0x90,0xdf,0x47,0x1,0x0,0x0,0x80,0xbe,0x71,0x2,0x1d,0x0,0xe8,
  0x83,0x5b,0xd6,0x1,0xf4,0x90,0x78,0xe,0x0,0x0,0x0,0x0,0x23,0x27,0xa0,0x3,
  0x0,0x7d,0x70,0x93,0x3a,0x80,0x9e,0x11,0xcf,0x1,0x0,0x0,0x0,0xa0,0x1,0x2,
  0x3a,0x0,0xd0,0x7,0x2,0x3a,0x7d,0x26,0x9e,0x3,0x0,0x0,0x0,0x40,0x23,0x4,
  0x74,0x0,0xa0,0xf,0x6e,0x54,0x7,0xd0,0x13,0xe2,0x39,0x0,0x0,0x0,0x0,0x34,
  0x44,0x40,0x7,0x0,0xfa,0xe0,0x7a,0x75,0x0,0x3d,0x20,0x9e,0x3,0x0,0x0,0x0,
  0x40,0x63,0x4,0x74,0x0,0xa0,0xf,0xae,0x53,0x7,0xb0,0x60,0xe2,0x39,0x0,0x0,
  0x0,0x0,0x34,0x48,0x40,0x7,0x0,0xfa,0x40,0x40,0xa7,0x4f,0xc4,0x73,0x0,0x0,
  0x0,0x0,0x68,0x94,0x80,0xe,0x0,0xf4,0xc1,0xb5,0xea,0x0,0x16,0x44,0x3c,0x7,
  0x0,0x0,0x0,0x80,0x86,0x9,0xe8,0x0,0x40,0x1f,0xf8,0x4e,0x42,0x1f,0x88,0xe7,
  0x0,0x0,0x0,0x0,0xd0,0x38,0x9b,0xd5,0x0,0x40,0x1f,0x1c,0x50,0x7,0xb0,0xc5,
  0xc4,0x73,0x0,0x0,0x0,0x0,0x40,0x40,0x7,0x0,0xa0,0x79,0xe2,0x39,0x0,0x0,
  0x0,0x0,0x90,0x8,0xe8,0x0,0x40,0x4f,0xec,0xa8,0x3,0xd8,0x22,0xe2,0x39,0x0,
  0x0,0x0,0x0,0x70,0x25,0x1,0x1d,0x0,0xe8,0x3,0xf1,0x92,0x45,0x10,0xcf,0x1,
  0x0,0x0,0x0,0x80,0xab,0x11,0xd0,0x1,0x80,0x3e,0xb8,0xa2,0xe,0x60,0xce,0xc4,
  0x73,0x0,0x0,0x0,0x0,0xe0,0x1a,0x4,0x74,0x0,0xa0,0xf,0xbe,0x57,0x7,0x30,
  0x47,0xe2,0x39,0x0,0x0,0x0,0x0,0x30,0x91,0x80,0xe,0x0,0xf4,0x81,0x80,0xce,
  0x56,0x11,0xcf,0x1,0x0,0x0,0x0,0x80,0x55,0x9,0xe8,0x0,0x40,0x1f,0x9c,0x5d,
  0x7,0x30,0x7,0xe2,0x39,0x0,0x0,0x0,0x0,0xb0,0x26,0x1,0x1d,0x0,0xe8,0x83,
  0xb3,0xea,0x0,0x66,0x4c,0x3c,0x7,0x0,0x0,0x0,0x0,0x76,0x49,0x40,0x7,0x0,
  0xfa,0xe0,0xf4,0x3a,0x80,0x19,0x12,0xcf,0x1,0x0,0x0,0x0,0x80,0x75,0x11,0xd0,
  0x1,0x80,0x3e,0x38,0xa5,0xe,0x60,0x46,0xc4,0x73,0x0,0x0,0x0,0x0,0x60,0xdd,
  0x4,0x74,0x0,0xa0,0xf,0x4e,0xaa,0x3,0x98,0x1,0xf1,0x1c,0x0,0x0,0x0,0x0,
  0xd8,0x90,0xa5,0xe5,0xe5,0xe5,0x3a,0x3,0x0,0xd8,0x52,0x4b,0x4b,0x4b,0xdb,0xba,
  0xc8,0xb9,0x67,0x5d,0x83,0x4d,0x12,0xcf,0x61,0x0,0xfc,0x3e,0xa,0x0,0x0,0x0,
  0xf4,0x8d,0x13,0xe8,0x0,0x40,0x1f,0x5c,0x96,0xe4,0x8b,0x75,0x8,0x9b,0x24,0x9e,
  0x3,0x0,0x0,0x0,0x0,0x9b,0x22,0xa0,0x3,0x0,0x7d,0x71,0x6c,0x1d,0xc0,0x26,
  0x88,0xe7,0x0,0x0,0x0,0x0,0xc0,0xa6,0x9,0xe8,0x0,0x40,0x5f,0x1c,0x53,0x7,
  0xb0,0x41,0xe2,0x39,0x0,0x0,0x0,0x0,0x30,0x15,0x1,0x1d,0x0,0xe8,0x8b,0x8f,
  0xd5,0x1,0x6c,0x80,0x78,0xe,0x0,0x0,0x0,0x0,0x4c,0x6d,0x69,0x79,0x79,0xb9,
  0xce,0x0,0x0,0xb6,0xd4,0xd2,0xd2,0x52,0x92,0x2c,0x25,0x39,0x3b,0xc9,0x41,0x75,
  0x1d,0x76,0x41,0x3c,0x87,0x81,0xf2,0xfb,0x28,0x0,0x0,0x0,0xd0,0x37,0x4e,0xa0,
  0x3,0x0,0x7d,0xb1,0x9c,0xe4,0x83,0x75,0x8,0xbb,0x20,0x9e,0x3,0x0,0x0,0x0,
  0x0,0x33,0x23,0xa0,0x3,0x0,0x7d,0xf2,0x9e,0x3a,0x80,0x35,0x88,0xe7,0x0,0x0,
  0x0,0x0,0xc0,0x4c,0xb9,0xc2,0x1d,0x0,0xe8,0x8d,0xa5,0xa5,0xa5,0x1b,0x25,0x39,
  0xbd,0xce,0x61,0x82,0x8f,0x24,0x79,0xc8,0xf2,0xf2,0xb2,0x78,0xe,0x0,0x0,0x0,
  0x0,0xcc,0x8c,0x13,0xe8,0x0,0x40,0x9f,0x9c,0x91,0xe4,0x33,0x75,0x8,0x85,0x93,
  0xe7,0x0,0x0,0x0,0x0,0xc0,0x5c,0x8,0xe8,0x0,0x40,0xdf,0xfc,0x47,0x1d,0xc0,
  0xa,0xe2,0x39,0x0,0x0,0x0,0x0,0x30,0x37,0xae,0x70,0x7,0x0,0x7a,0x63,0x69,
  0x69,0x29,0x49,0x6e,0x92,0xe4,0x6b,0x49,0x96,0xea,0x3a,0xcd,0xbb,0x46,0x3c,0xf7,
  0x5d,0x16,0x0,0x0,0x0,0x0,0x98,0x25,0x27,0xd0,0x1,0x80,0xbe,0x39,0x35,0xc9,
  0x47,0xeb,0x90,0xe6,0x5d,0x23,0x9e,0x3,0x0,0x0,0x0,0x0,0xcc,0x9a,0x80,0xe,
  0x0,0xf4,0xd1,0x3f,0xd5,0x1,0x4d,0x13,0xcf,0x1,0x0,0x0,0x0,0x80,0x2d,0xe1,
  0xa,0x77,0x0,0xa0,0x37,0xba,0x2b,0xdc,0x93,0x64,0x7b,0x92,0x6f,0x25,0x39,0xe0,
  0xea,0x9f,0xa0,0x41,0x6b,0xc6,0x73,0xdf,0x65,0x1,0x0,0x0,0x0,0x80,0x59,0x72,
  0x2,0x1d,0x0,0xe8,0xa3,0x8b,0x92,0xbc,0xba,0xe,0x69,0xce,0x9a,0xf1,0x1c,0x0,
  0x0,0x0,0x0,0x60,0xd6,0x9c,0x40,0x7,0x0,0x7a,0x63,0xc5,0x9,0xf4,0x24,0xb9,
  0x71,0x92,0x93,0x93,0x6c,0x5b,0x39,0xa4,0x19,0xeb,0x8a,0xe7,0xbe,0xcb,0x2,0x0,
  0x0,0x0,0x0,0xb3,0xe4,0x4,0x3a,0x0,0xd0,0x57,0xdf,0x48,0xf2,0x9f,0x75,0x48,
  0x13,0xd6,0x15,0xcf,0x1,0x0,0x0,0x0,0x0,0x66,0xcd,0x9,0x74,0x0,0xa0,0x37,
  0xca,0x9,0xf4,0x24,0x39,0x2a,0xc9,0x67,0x93,0x5c,0x63,0x81,0xd1,0xda,0x50,0x3c,
  0xf7,0x5d,0x16,0x0,0x0,0x0,0x0,0x98,0x25,0x27,0xd0,0x1,0x80,0x3e,0xfb,0xbc,
  0x53,0xe8,0x4d,0xd9,0x50,0x3c,0x7,0x0,0x0,0x0,0x0,0x98,0x35,0x27,0xd0,0x1,
  0x80,0xde,0x98,0x70,0x2,0x3d,0x49,0x6e,0x93,0xe4,0x38,0x7f,0xf8,0x37,0x7a,0x9b,
  0x8a,0xe7,0xbe,0xcb,0x2,0x0,0x0,0x0,0x0,0xb3,0x64,0x23,0x1a,0x0,0xe8,0xbb,
  0x2f,0x26,0x79,0x6d,0x1d,0x32,0x2a,0x9b,0x8a,0xe7,0x0,0x0,0x0,0x0,0x0,0xb3,
  0xe6,0x4,0x3a,0x0,0xd0,0x1b,0xab,0x9c,0x40,0x4f,0x92,0x43,0x93,0x9c,0x98,0x64,
  0xdf,0xba,0xc0,0xe0,0x4d,0x15,0xcf,0x7d,0x97,0x5,0x0,0x0,0x0,0x0,0x66,0xc9,
  0x9,0x74,0x0,0x60,0x8,0xbe,0x95,0xe4,0x85,0x75,0xc8,0xe0,0x4d,0x15,0xcf,0x1,
  0x0,0x0,0x0,0x0,0x66,0xcd,0x9,0x74,0x0,0xa0,0x37,0xd6,0x38,0x81,0x9e,0x24,
  0x7b,0x26,0xf9,0x4c,0x92,0x23,0xeb,0x2,0x83,0x34,0x93,0x78,0xee,0xbb,0x2c,0x0,
  0x0,0x0,0x0,0x30,0x4b,0x4e,0xa0,0x3,0x0,0x43,0xb1,0x23,0xc9,0x53,0x93,0x5c,
  0x51,0x17,0x18,0x9c,0x99,0xc4,0x73,0x0,0x0,0x0,0x0,0x80,0x59,0x13,0xd0,0x1,
  0x80,0x21,0xf9,0x44,0x92,0xff,0x5b,0x87,0xc,0x8a,0x78,0xe,0x0,0x0,0x0,0x0,
  0xf4,0x96,0x2b,0xdc,0x1,0x80,0xde,0xd8,0xc5,0x15,0xee,0x3b,0xed,0xdd,0x5d,0xe5,
  0x7e,0xeb,0xba,0x40,0xef,0xcd,0x3c,0x9e,0xfb,0x2e,0xb,0x0,0x0,0x0,0x0,0xcc,
  0x92,0x13,0xe8,0x0,0xc0,0xd0,0x5c,0x9c,0xe4,0xf1,0xdd,0x3f,0x19,0x8e,0x99,0xc7,
  0x73,0x0,0x0,0x0,0x0,0x80,0x59,0x13,0xd0,0x1,0x80,0x21,0xfa,0x42,0x92,0xdf,
  0xa9,0x43,0x7a,0x4b,0x3c,0x7,0x0,0x0,0x0,0x0,0x6,0xc1,0x15,0xee,0x0,0x40,
  0x6f,0xac,0xf3,0xa,0xf7,0x95,0x5e,0x9b,0xe4,0x89,0x75,0x48,0xaf,0xcc,0x35,0x9e,
  0xfb,0x2e,0xb,0x0,0x0,0x0,0x0,0xcc,0x92,0x80,0xe,0x0,0xf4,0xc6,0x26,0x2,
  0xfa,0xde,0x49,0x3e,0x96,0xe4,0xe,0x75,0x81,0x5e,0x98,0x6b,0x3c,0x8f,0x80,0xe,
  0x0,0x0,0x0,0x0,0xcc,0x98,0x2b,0xdc,0x1,0x80,0x21,0xbb,0x38,0xc9,0xc3,0x93,
  0x9c,0x5e,0x17,0x58,0xb8,0xb9,0xc7,0x73,0x0,0x0,0x0,0x0,0x80,0x59,0x13,0xd0,
  0x1,0x80,0xa1,0xfb,0x66,0x92,0x87,0x26,0x39,0xbf,0x2e,0xb0,0x30,0xe2,0x39,0x0,
  0x0,0x0,0x0,0x30,0x48,0x2,0x3a,0x0,0x30,0x6,0xc7,0x27,0x79,0x64,0x92,0x8b,
  0xea,0x2,0x5b,0x4e,0x3c,0x7,0x0,0x0,0x0,0x0,0x6,0x4b,0x40,0x7,0x0,0xc6,
  0xe2,0x83,0x49,0x1e,0x9b,0x64,0x47,0x5d,0x60,0xcb,0x88,0xe7,0x0,0x0,0x0,0x0,
  0xc0,0xa0,0x9,0xe8,0x0,0xc0,0x98,0xbc,0x2b,0xc9,0xe3,0x44,0xf4,0x85,0xf8,0xa0,
  0x78,0xe,0x0,0x0,0x0,0x0,0xc,0x9d,0x80,0xe,0x0,0x8c,0xcd,0x5b,0x92,0xfc,
  0x6c,0x92,0xb,0xeb,0x2,0x73,0xf3,0xae,0x24,0xf,0x13,0xcf,0x1,0x0,0x0,0x0,
  0x80,0xa1,0x13,0xd0,0x1,0x80,0x31,0x7a,0x77,0x17,0x74,0xcf,0xab,0xb,0xcc,0xdc,
  0x9b,0x92,0x3c,0xca,0x1f,0x2c,0x0,0x0,0x0,0x0,0x0,0x63,0x20,0xa0,0x3,0x0,
  0x63,0xf5,0xc1,0x24,0xf7,0x4c,0x72,0x46,0x5d,0x60,0x66,0x5e,0x94,0xe4,0xe7,0x5d,
  0x99,0xf,0x0,0x0,0x0,0x0,0x8c,0x85,0x80,0xe,0x0,0x8c,0xd9,0xf1,0x49,0xee,
  0x9e,0xe4,0x73,0x75,0x81,0xa9,0x5c,0x96,0xe4,0x37,0x92,0xfc,0x7e,0x92,0xe5,0xba,
  0x8,0x0,0x0,0x0,0x0,0x30,0x54,0x2,0x3a,0x0,0x30,0x76,0x67,0x24,0xf9,0xa9,
  0x24,0xaf,0xad,0xb,0x6c,0xca,0x77,0x92,0xdc,0x2f,0xc9,0x2b,0xea,0x2,0x0,0x0,
  0x0,0x0,0xc0,0xd0,0x9,0xe8,0x0,0x40,0xb,0x2e,0x4a,0xf2,0xe4,0xee,0xd4,0xf4,
  0xc5,0x75,0x91,0x75,0xfb,0x58,0x92,0x3b,0x25,0xf9,0x48,0x5d,0x0,0x0,0x0,0x0,
  0x0,0x18,0x3,0x1,0x1d,0x0,0x68,0xc9,0x2b,0x92,0xdc,0x35,0xc9,0x17,0xeb,0x2,
  0x6b,0xba,0x3c,0xc9,0xf3,0x93,0xdc,0xdb,0x3b,0xe5,0x1,0x0,0x0,0x0,0x80,0x31,
  0x5b,0x5a,0x5e,0xf6,0xda,0x4a,0x0,0xa0,0x2d,0x4b,0x4b,0x4b,0x7b,0x27,0x79,0x61,
  0x92,0xdf,0x4a,0xb2,0x7b,0x5d,0xe7,0x6a,0x4e,0x4c,0xf2,0xa4,0x24,0xc7,0xd4,0x85,
  0x3e,0xf0,0x5d,0x16,0x0,0x0,0x0,0x0,0x98,0x25,0x27,0xd0,0x1,0x80,0x16,0x5d,
  0x9c,0xe4,0xd9,0xdd,0xbb,0xd1,0x9d,0x46,0x9f,0xec,0xd2,0xee,0x8f,0xc,0x6e,0xd7,
  0xd7,0x78,0xe,0x0,0x0,0x0,0x0,0x30,0x6b,0x4e,0xa0,0x3,0x0,0xcd,0x59,0x5a,
  0x5a,0x5a,0xf9,0x1f,0xf7,0x4c,0xf2,0x3b,0x49,0xfe,0x20,0xc9,0x7e,0x2b,0x17,0x1a,
  0xf6,0xe1,0x24,0xcf,0x4c,0x72,0x5c,0x5d,0xe8,0x1b,0xdf,0x65,0x1,0x0,0x0,0x0,
  0x80,0x59,0x12,0xd0,0x1,0x80,0xe6,0x94,0x80,0xbe,0xd3,0xf5,0xbb,0x13,0xd7,0xbf,
  0xd2,0xf0,0x2d,0x3d,0x5f,0x4b,0xf2,0x7b,0x49,0xde,0x58,0x17,0xfa,0xca,0x77,0x59,
  0x0,0x0,0x0,0x0,0x60,0x96,0x5a,0xdd,0x1c,0x6,0x0,0xa8,0xbe,0x9d,0xe4,0xc9,
  0x49,0x6e,0x9b,0xe4,0x4d,0x49,0x5a,0x2a,0xb3,0x67,0x26,0x79,0x46,0x92,0x5b,0xe,
  0x29,0x9e,0x3,0x0,0x0,0x0,0x0,0xcc,0x9a,0x13,0xe8,0x0,0x40,0x73,0x56,0x39,
  0x81,0x5e,0xdd,0x3e,0xc9,0xef,0x27,0x79,0x74,0x92,0x6d,0x75,0x71,0x24,0x4e,0x49,
  0xf2,0xb2,0x24,0xff,0xd4,0xbd,0x17,0x7e,0x70,0x7c,0x97,0x5,0x0,0x0,0x0,0x0,
  0x66,0x49,0x40,0x7,0x0,0x9a,0xb3,0xce,0x80,0xbe,0xd3,0x61,0x49,0x9e,0x95,0xe4,
  0x49,0x49,0xae,0x5d,0x17,0x7,0xea,0x63,0x49,0x5e,0x9e,0xe4,0xcd,0x49,0x2e,0xab,
  0x8b,0x43,0xf2,0xff,0xb5,0x77,0xb7,0x2c,0x78,0x96,0x61,0x1c,0x87,0xff,0xd3,0x34,
  0x41,0x6,0xa2,0x8,0x96,0x89,0x69,0x41,0x9b,0x45,0x8d,0x6,0xb1,0xab,0x1f,0x61,
  0xdf,0xca,0xb6,0x64,0xb2,0x8,0x6,0xb3,0xa0,0xc1,0x20,0x82,0x55,0x56,0xe7,0x6b,
  0xb1,0x8,0x62,0xf8,0x3d,0x83,0x87,0x87,0x15,0xc7,0xed,0xcb,0xf6,0x1c,0x7,0x5c,
  0xe9,0x3a,0xb9,0xf3,0x9,0x3f,0x2e,0x6e,0xbb,0x2c,0x0,0x0,0x0,0x0,0x70,0x24,
  0x1,0x1d,0x0,0xb8,0x3a,0x7f,0x33,0xa0,0x3f,0x74,0x73,0xdb,0x7,0xdb,0xee,0x6e,
  0x7b,0x67,0xdb,0x63,0x7d,0xe4,0x3f,0xf4,0xe3,0xb6,0x7b,0xdb,0x3e,0xde,0xf6,0xdd,
  0xe5,0xe5,0x93,0xca,0x2e,0xb,0x0,0x0,0x0,0x0,0x1c,0x49,0x40,0x7,0x0,0xae,
  0xce,0x63,0x6,0xf4,0x73,0xb7,0xb7,0x7d,0xb8,0xed,0xa3,0x6d,0x6f,0xfe,0x8f,0x63,
  0xfa,0xaf,0xdb,0x3e,0xdd,0xf6,0xc9,0xb6,0x2f,0xb6,0xfd,0x71,0x39,0xf0,0xa4,0xb3,
  0xcb,0x2,0x0,0x0,0x0,0x0,0x47,0x12,0xd0,0x1,0x80,0xab,0x73,0x40,0x40,0x3f,
  0xf7,0xca,0xb6,0xf7,0xb7,0xbd,0xb7,0xed,0xdd,0x6d,0x2f,0x5c,0xe,0xfc,0x8b,0xfe,
  0xdc,0xf6,0xed,0xb6,0xcf,0xb7,0x7d,0xb6,0xed,0xab,0xa7,0x31,0x9a,0x9f,0xb3,0xcb,
  0x2,0x0,0x0,0x0,0x0,0x47,0x12,0xd0,0x1,0x80,0xab,0x73,0x70,0x40,0x3f,0x77,
  0x63,0xdb,0x9d,0x6d,0x6f,0x6f,0x7b,0x6b,0xdb,0x1b,0xdb,0x5e,0xdf,0xf6,0xdc,0xe5,
  0xe0,0x41,0xee,0x9f,0x82,0xf9,0x37,0xdb,0xbe,0xde,0xf6,0xe5,0xb6,0x5f,0x2e,0x87,
  0x9e,0x66,0x76,0x59,0x0,0x0,0x0,0x0,0xe0,0x48,0x2,0x3a,0x0,0x70,0x75,0xfe,
  0xc1,0x80,0xfe,0x28,0xcf,0x6e,0x7b,0xed,0xec,0xbc,0xba,0xed,0xe5,0x6d,0x2f,0x6d,
  0x7b,0x71,0xdb,0xad,0xd3,0xff,0xd5,0x9f,0xd9,0xf6,0xfc,0xe9,0xc5,0xf8,0xef,0xa7,
  0xd7,0xe4,0xbf,0x6d,0xfb,0x79,0xdb,0x4f,0xdb,0x1e,0x9c,0x82,0xf9,0xf,0xa7,0xf3,
  0xfd,0xe9,0xfe,0xaa,0xd9,0x65,0x1,0x0,0x0,0x0,0x80,0x23,0x9,0xe8,0x0,0x0,
  0x0,0x0,0x0,0x0,0x0,0x70,0x7a,0xe9,0x4,0x0,0x0,0x0,0x0,0x0,0x0,0x0,
  0x57,0x4f,0x40,0x7,0x0,0x0,0x0,0x0,0x0,0x0,0x0,0x1,0x1d,0x0,0x0,0x0,
  0x0,0x0,0x0,0x0,0x22,0xa0,0x3,0x0,0x0,0x0,0x0,0x0,0x0,0x80,0x80,0xe,
  0x0,0x0,0x0,0x0,0x0,0x0,0x0,0x11,0xd0,0x1,0x0,0x0,0x0,0x0,0x0,0x0,
  0x40,0x40,0x7,0x0,0x0,0x0,0x0,0x0,0x0,0x80,0x8,0xe8,0x0,0x0,0x0,0x0,
  0x0,0x0,0x0,0x20,0xa0,0x3,0x0,0x0,0x0,0x0,0x0,0x0,0x40,0x4,0x74,0x0,
  0x0,0x0,0x0,0x0,0x0,0x0,0x10,0xd0,0x1,0x0,0x0,0x0,0x0,0x0,0x0,0x20,
  0x2,0x3a,0x0,0x0,0x0,0x0,0x0,0x0,0x0,0x8,0xe8,0x0,0x0,0x0,0x0,0x0,
  0x0,0x0,0x10,0x1,0x1d,0x0,0x0,0x0,0x0,0x0,0x0,0x0,0x4,0x74,0x0,0x0,
  0x0,0x0,0x0,0x0,0x0,0x88,0x80,0xe,0x0,0x0,0x0,0x0,0x0,0x0,0x0,0x2,
  0x3a,0x0,0x0,0x0,0x0,0x0,0x0,0x0,0x44,0x40,0x7,0x0,0x0,0x0,0x0,0x0,
  0x0,0x0,0x1,0x1d,0x0,0x0,0x0,0x0,0x0,0x0,0x0,0x22,0xa0,0x3,0x0,0x0,
  0x0,0x0,0x0,0x0,0x80,0x80,0xe,0x0,0x0,0x0,0x0,0x0,0x0,0x0,0x11,0xd0,
  0x1,0x0,0x0,0x0,0x0,0x0,0x0,0x40,0x40,0x7,0x0,0x0,0x0,0x0,0x0,0x0,
  0x80,0x8,0xe8,0x0,0x0,0x0,0x0,0x0,0x0,0x0,0x20,0xa0,0x3,0x0,0x0,0x0,
  0x0,0x0,0x0,0x40,0x4,0x74,0x0,0x0,0x0,0x0,0x0,0x0,0x0,0x10,0xd0,0x1,
  0x0,0x0,0x0,0x0,0x0,0x0,0x20,0x2,0x3a,0x0,0x0,0x0,0x0,0x0,0x0,0x0,
  0x8,0xe8,0x0,0x0,0x0,0x0,0x0,0x0,0x0,0x10,0x1,0x1d,0x0,0x0,0x0,0x0,
  0x0,0x0,0x0,0x4,0x74,0x0,0x0,0x0,0x0,0x0,0x0,0x0,0x88,0x80,0xe,0x0,
  0x0,0x0,0x0,0x0,0x0,0x0,0x2,0x3a,0x0,0x0,0x0,0x0,0x0,0x0,0x0,0x44,
  0x40,0x7,0x0,0x0,0x0,0x0,0x0,0x0,0x0,0x1,0x1d,0x0,0x0,0x0,0x0,0x0,
  0x0,0x0,0x22,0xa0,0x3,0x0,0x0,0x0,0x0,0x0,0x0,0x80,0x80,0xe,0x0,0x0,
  0x0,0x0,0x0,0x0,0x0,0x11,0xd0,0x1,0x0,0x0,0x0,0x0,0x0,0x0,0x40,0x40,
  0x7,0x0,0x0,0x0,0x0,0x0,0x0,0x80,0x8,0xe8,0x0,0x0,0x0,0x0,0x0,0x0,
  0x0,0x20,0xa0,0x3,0x0,0x0,0x0,0x0,0x0,0x0,0x40,0x4,0x74,0x0,0x0,0x0,
  0x0,0x0,0x0,0x0,0x10,0xd0,0x1,0x0,0x0,0x0,0x0,0x0,0x0,0x20,0x2,0x3a,
  0x0,0x0,0x0,0x0,0x0,0x0,0x0,0x8,0xe8,0x0,0x0,0x0,0x0,0x0,0x0,0x0,
  0x10,0x1,0x1d,0x0,0x0,0x0,0x0,0x0,0x0,0x0,0x4,0x74,0x0,0x0,0x0,0x0,
  0x0,0x0,0x0,0x88,0x80,0xe,0x0,0x0,0x0,0x0,0x0,0x0,0x0,0x2,0x3a,0x0,
  0x0,0x0,0x0,0x0,0x0,0x0,0x44,0x40,0x7,0x0,0x0,0x0,0x0,0x0,0x0,0x0,
  0x1,0x1d,0x0,0x0,0x0,0x0,0x0,0x0,0x0,0x22,0xa0,0x3,0x0,0x0,0x0,0x0,
  0x0,0x0,0x80,0x80,0xe,0x0,0x0,0x0,0x0,0x0,0x0,0x0,0x11,0xd0,0x1,0x0,
  0x0,0x0,0x0,0x0,0x0,0x40,0x40,0x7,0x0,0x0,0x0,0x0,0x0,0x0,0x80,0x8,
  0xe8,0x0,0x0,0x0,0x0,0x0,0x0,0x0,0x20,0xa0,0x3,0x0,0x0,0x0,0x0,0x0,
  0x0,0x40,0x4,0x74,0x0,0x0,0x0,0x0,0x0,0x0,0x0,0x10,0xd0,0x1,0x0,0x0,
  0x0,0x0,0x0,0x0,0x20,0x2,0x3a,0x0,0x0,0x0,0x0,0x0,0x0,0x0,0x8,0xe8,
  0x0,0x0,0x0,0x0,0x0,0x0,0x0,0x10,0x1,0x1d,0x0,0x0,0x0,0x0,0x0,0x0,
  0x0,0x4,0x74,0x0,0x0,0x0,0x0,0x0,0x0,0x0,0x88,0x80,0xe,0x0,0x0,0x0,
  0x0,0x0,0x0,0x0,0x2,0x3a,0x0,0x0,0x0,0x0,0x0,0x0,0x0,0x44,0x40,0x7,
  0x0,0x0,0x0,0x0,0x0,0x0,0x0,0x1,0x1d,0x0,0x0,0x0,0x0,0x0,0x0,0x0,
  0x22,0xa0,0x3,0x0,0x0,0x0,0x0,0x0,0x0,0x80,0x80,0xe,0x0,0x0,0x0,0x0,
  0x0,0x0,0x0,0x11,0xd0,0x1,0x0,0x0,0x0,0x0,0x0,0x0,0x40,0x40,0x7,0x0,
  0x0,0x0,0x0,0x0,0x0,0x80,0x8,0xe8,0x0,0x0,0x0,0x0,0x0,0x0,0x0,0x20,
  0xa0,0x3,0x0,0x0,0x0,0x0,0x0,0x0,0x40,0x4,0x74,0x0,0x0,0x0,0x0,0x0,
  0x0,0x0,0x10,0xd0,0x1,0x0,0x0,0x0,0x0,0x0,0x0,0x20,0x2,0x3a,0x0,0x0,
  0x0,0x0,0x0,0x0,0x0,0x8,0xe8,0x0,0x0,0x0,0x0,0x0,0x0,0x0,0x10,0x1,
  0x1d,0x0,0x0,0x0,0x0,0x0,0x0,0x0,0x4,0x74,0x0,0x0,0x0,0x0,0x0,0x0,
  0x0,0x88,0x80,0xe,0x0,0x0,0x0,0x0,0x0,0x0,0x0,0x2,0x3a,0x0,0x0,0x0,
  0x0,0x0,0x0,0x0,0x44,0x40,0x7,0x0,0x0,0x0,0x0,0x0,0x0,0x0,0x1,0x1d,
  0x0,0x0,0x0,0x0,0x0,0x0,0x0,0x22,0xa0,0x3,0x0,0x0,0x0,0x0,0x0,0x0,
  0x80,0x80,0xe,0x0,0x0,0x0,0x0,0x0,0x0,0x0,0x11,0xd0,0x1,0x0,0x0,0x0,
  0x0,0x0,0x0,0x40,0x40,0x7,0x0,0x0,0x0,0x0,0x0,0x0,0x80,0x8,0xe8,0x0,
  0x0,0x0,0x0,0x0,0x0,0x0,0x20,0xa0,0x3,0x0,0x0,0x0,0x0,0x0,0x0,0x40,
  0x4,0x74,0x0,0x0,0x0,0x0,0x0,0x0,0x0,0x10,0xd0,0x1,0x0,0x0,0x0,0x0,
  0x0,0x0,0x20,0x2,0x3a,0x0,0x0,0x0,0x0,0x0,0x0,0x0,0x8,0xe8,0x0,0x0,
  0x0,0x0,0x0,0x0,0x0,0x10,0x1,0x1d,0x0,0x0,0x0,0x0,0x0,0x0,0x0,0x4,
  0x74,0x0,0x0,0x0,0x0,0x0,0x0,0x0,0x88,0x80,0xe,0x0,0x0,0x0,0x0,0x0,
  0x0,0x0,0x2,0x3a,0x0,0x0,0x0,0x0,0x0,0x0,0x0,0x44,0x40,0x7,0x0,0x0,
  0x0,0x0,0x0,0x0,0x0,0x1,0x1d,0x0,0x0,0x0,0x0,0x0,0x0,0x0,0x22,0xa0,
  0x3,0x0,0x0,0x0,0x0,0x0,0x0,0x80,0x80,0xe,0x0,0x0,0x0,0x0,0x0,0x0,
  0x0,0x11,0xd0,0x1,0x0,0x0,0x0,0x0,0x0,0x0,0x40,0x40,0x7,0x0,0x0,0x0,
  0x0,0x0,0x0,0x80,0x8,0xe8,0x0,0x0,0x0,0x0,0x0,0x0,0x0,0x20,0xa0,0x3,
  0x0,0x0,0x0,0x0,0x0,0x0,0x40,0x4,0x74,0x0,0x0,0x0,0x0,0x0,0x0,0x0,
  0x10,0xd0,0x1,0x0,0x0,0x0,0x0,0x0,0x0,0x20,0x2,0x3a,0x0,0x0,0x0,0x0,
  0x0,0x0,0x0,0x8,0xe8,0x0,0x0,0x0,0x0,0x0,0x0,0x0,0x10,0x1,0x1d,0x0,
  0x0,0x0,0x0,0x0,0x0,0x0,0x4,0x74,0x0,0x0,0x0,0x0,0x0,0x0,0x0,0x88,
  0x80,0xe,0x0,0x0,0x0,0x0,0x0,0x0,0x0,0x2,0x3a,0x0,0x0,0x0,0x0,0x0,
  0x0,0x0,0x44,0x40,0x7,0x0,0x0,0x0,0x0,0x0,0x0,0x0,0x1,0x1d,0x0,0x0,
  0x0,0x0,0x0,0x0,0x0,0x22,0xa0,0x3,0x0,0x0,0x0,0x0,0x0,0x0,0x80,0x80,
  0xe,0x0,0x0,0x0,0x0,0x0,0x0,0x0,0x11,0xd0,0x1,0x0,0x0,0x0,0x0,0x0,
  0x0,0x40,0x40,0x7,0x0,0x0,0x0,0x0,0x0,0x0,0x80,0x8,0xe8,0x0,0x0,0x0,
  0x0,0x0,0x0,0x0,0x20,0xa0,0x3,0x0,0x0,0x0,0x0,0x0,0x0,0x40,0x4,0x74,
  0x0,0x0,0x0,0x0,0x0,0x0,0x0,0x10,0xd0,0x1,0x0,0x0,0x0,0x0,0x0,0x0,
  0x20,0x2,0x3a,0x0,0x0,0x0,0x0,0x0,0x0,0x0,0x8,0xe8,0x0,0x0,0x0,0x0,
  0x0,0x0,0x0,0x10,0x1,0x1d,0x0,0x0,0x0,0x0,0x0,0x0,0x0,0x4,0x74,0x0,
  0x0,0x0,0x0,0x0,0x0,0x0,0x88,0x80,0xe,0x0,0x0,0x0,0x0,0x0,0x0,0x0,
  0x2,0x3a,0x0,0x0,0x0,0x0,0x0,0x0,0x0,0x44,0x40,0x7,0x0,0x0,0x0,0x0,
  0x0,0x0,0x0,0x1,0x1d,0x0,0x0,0x0,0x0,0x0,0x0,0x0,0x22,0xa0,0x3,0x0,
  0x0,0x0,0x0,0x0,0x0,0x80,0x80,0xe,0x0,0x0,0x0,0x0,0x0,0x0,0x0,0x11,
  0xd0,0x1,0x0,0x0,0x0,0x0,0x0,0x0,0x40,0x40,0x7,0x0,0x0,0x0,0x0,0x0,
  0x0,0x80,0x8,0xe8,0x0,0x0,0x0,0x0,0x0,0x0,0x0,0x20,0xa0,0x3,0x0,0x0,
  0x0,0x0,0x0,0x0,0x40,0x4,0x74,0x0,0x0,0x0,0x0,0x0,0x0,0x0,0x10,0xd0,
  0x1,0x0,0x0,0x0,0x0,0x0,0x0,0x20,0x2,0x3a,0x0,0x0,0x0,0x0,0x0,0x0,
  0x0,0x8,0xe8,0x0,0x0,0x0,0x0,0x0,0x0,0x0,0x10,0x1,0x1d,0x0,0x0,0x0,
  0x0,0x0,0x0,0x0,0x4,0x74,0x0,0x0,0x0,0x0,0x0,0x0,0x0,0x88,0x80,0xe,
  0x0,0x0,0x0,0x0,0x0,0x0,0x0,0x2,0x3a,0x0,0x0,0x0,0x0,0x0,0x0,0x0,
  0x44,0x40,0x7,0x0,0x0,0x0,0x0,0x0,0x0,0x0,0x1,0x1d,0x0,0x0,0x0,0x0,
  0x0,0x0,0x0,0x22,0xa0,0x3,0x0,0x0,0x0,0x0,0x0,0x0,0x80,0x80,0xe,0x0,
  0x0,0x0,0x0,0x0,0x0,0x0,0x11,0xd0,0x1,0x0,0x0,0x0,0x0,0x0,0x0,0x40,
  0x40,0x7,0x0,0x0,0x0,0x0,0x0,0x0,0x80,0x8,0xe8,0x0,0x0,0x0,0x0,0x0,
  0x0,0x0,0x20,0xa0,0x3,0x0,0x0,0x0,0x0,0x0,0x0,0x40,0x4,0x74,0x0,0x0,
  0x0,0x0,0x0,0x0,0x0,0x10,0xd0,0x1,0x0,0x0,0x0,0x0,0x0,0x0,0x20,0x2,
  0x3a,0x0,0x0,0x0,0x0,0x0,0x0,0x0,0x8,0xe8,0x0,0x0,0x0,0x0,0x0,0x0,
  0x0,0x10,0x1,0x1d,0x0,0x0,0x0,0x0,0x0,0x0,0x0,0x4,0x74,0x0,0x0,0x0,
  0x0,0x0,0x0,0x0,0x88,0x80,0xe,0x0,0x0,0x0,0x0,0x0,0x0,0x0,0x2,0x3a,
  0x0,0x0,0x0,0x0,0x0,0x0,0x0,0x44,0x40,0x7,0x0,0x0,0x0,0x0,0x0,0x0,
  0x0,0x1,0x1d,0x0,0x0,0x0,0x0,0x0,0x0,0x0,0x22,0xa0,0x3,0x0,0x0,0x0,
  0x0,0x0,0x0,0x80,0x80,0xe,0x0,0x0,0x0,0x0,0x0,0x0,0x0,0x11,0xd0,0x1,
  0x0,0x0,0x0,0x0,0x0,0x0,0x40,0x40,0x7,0x0,0x0,0x0,0x0,0x0,0x0,0x80,
  0x8,0xe8,0x0,0x0,0x0,0x0,0x0,0x0,0x0,0x20,0xa0,0x3,0x0,0x0,0x0,0x0,
  0x0,0x0,0x40,0x4,0x74,0x0,0x0,0x0,0x0,0x0,0x0,0x0,0x10,0xd0,0x1,0x0,
  0x0,0x0,0x0,0x0,0x0,0x20,0x2,0x3a,0x0,0x0,0x0,0x0,0x0,0x0,0x0,0x8,
  0xe8,0x0,0x0,0x0,0x0,0x0,0x0,0x0,0x10,0x1,0x1d,0x0,0x0,0x0,0x0,0x0,
  0x0,0x0,0x4,0x74,0x0,0x0,0x0,0x0,0x0,0x0,0x0,0x88,0x80,0xe,0x0,0x0,
  0x0,0x0,0x0,0x0,0x0,0x2,0x3a,0x0,0x0,0x0,0x0,0x0,0x0,0x0,0x44,0x40,
  0x7,0x0,0x0,0x0,0x0,0x0,0x0,0x0,0x1,0x1d,0x0,0x0,0x0,0x0,0x0,0x0,
  0x0,0x22,0xa0,0x3,0x0,0x0,0x0,0x0,0x0,0x0,0x80,0x80,0xe,0x0,0x0,0x0,
  0x0,0x0,0x0,0x0,0x11,0xd0,0x1,0x0,0x0,0x0,0x0,0x0,0x0,0x40,0x40,0x7,
  0x0,0x0,0x0,0x0,0x0,0x0,0x80,0x8,0xe8,0x0,0x0,0x0,0x0,0x0,0x0,0x0,
  0x20,0xa0,0x3,0x0,0x0,0x0,0x0,0x0,0x0,0x40,0x4,0x74,0x0,0x0,0x0,0x0,
  0x0,0x0,0x0,0x10,0xd0,0x1,0x0,0x0,0x0,0x0,0x0,0x0,0x20,0x2,0x3a,0x0,
  0x0,0x0,0x0,0x0,0x0,0x0,0x8,0xe8,0x0,0x0,0x0,0x0,0x0,0x0,0x0,0x10,
  0x1,0x1d,0x0,0x0,0x0,0x0,0x0,0x0,0x0,0x4,0x74,0x0,0x0,0x0,0x0,0x0,
  0x0,0x0,0x88,0x80,0xe,0x0,0x0,0x0,0x0,0x0,0x0,0x0,0x2,0x3a,0x0,0x0,
  0x0,0x0,0x0,0x0,0x0,0x44,0x40,0x7,0x0,0x0,0x0,0x0,0x0,0x0,0x0,0x1,
  0x1d,0x0,0x0,0x0,0x0,0x0,0x0,0x0,0x22,0xa0,0x3,0x0,0x0,0x0,0x0,0x0,
  0x0,0x80,0x80,0xe,0x0,0x0,0x0,0x0,0x0,0x0,0x0,0x11,0xd0,0x1,0x0,0x0,
  0x0,0x0,0x0,0x0,0x40,0x40,0x7,0x0,0x0,0x0,0x0,0x0,0x0,0x80,0x8,0xe8,
  0x0,0x0,0x0,0x0,0x0,0x0,0x0,0x20,0xa0,0x3,0x0,0x0,0x0,0x0,0x0,0x0,
  0x40,0x4,0x74,0x0,0x0,0x0,0x0,0x0,0x0,0x0,0x10,0xd0,0x1,0x0,0x0,0x0,
  0x0,0x0,0x0,0x20,0x2,0x3a,0x0,0x0,0x0,0x0,0x0,0x0,0x0,0x8,0xe8,0x0,
  0x0,0x0,0x0,0x0,0x0,0x0,0x10,0x1,0x1d,0x0,0x0,0x0,0x0,0x0,0x0,0x0,
  0x4,0x74,0x0,0x0,0x0,0x0,0x0,0x0,0x0,0x88,0x80,0xe,0x0,0x0,0x0,0x0,
  0x0,0x0,0x0,0x2,0x3a,0x0,0x0,0x0,0x0,0x0,0x0,0x0,0x44,0x40,0x7,0x0,
  0x0,0x0,0x0,0x0,0x0,0x0,0x1,0x1d,0x0,0x0,0x0,0x0,0x0,0x0,0x0,0x22,
  0xa0,0x3,0x0,0x0,0x0,0x0,0x0,0x0,0x80,0x80,0xe,0x0,0x0,0x0,0x0,0x0,
  0x0,0x0,0x11,0xd0,0x1,0x0,0x0,0x0,0x0,0x0,0x0,0x40,0x40,0x7,0x0,0x0,
  0x0,0x0,0x0,0x0,0x80,0x8,0xe8,0x0,0x0,0x0,0x0,0x0,0x0,0x0,0x20,0xa0,
  0x3,0x0,0x0,0x0,0x0,0x0,0x0,0x40,0x4,0x74,0x0,0x0,0x0,0x0,0x0,0x0,
  0x0,0x10,0xd0,0x1,0x0,0x0,0x0,0x0,0x0,0x0,0x20,0x2,0x3a,0x0,0x0,0x0,
  0x0,0x0,0x0,0x0,0x8,0xe8,0x0,0x0,0x0,0x0,0x0,0x0,0x0,0x10,0x1,0x1d,
  0x0,0x0,0x0,0x0,0x0,0x0,0x0,0x4,0x74,0x0,0x0,0x0,0x0,0x0,0x0,0x0,
  0x88,0x80,0xe,0x0,0x0,0x0,0x0,0x0,0x0,0x0,0x2,0x3a,0x0,0x0,0x0,0x0,
  0x0,0x0,0x0,0x44,0x40,0x7,0x0,0x0,0x0,0x0,0x0,0x0,0x0,0x1,0x1d,0x0,
  0x0,0x0,0x0,0x0,0x0,0x0,0x22,0xa0,0x3,0x0,0x0,0x0,0x0,0x0,0x0,0x80,
  0x80,0xe,0x0,0x0,0x0,0x0,0x0,0x0,0x0,0x11,0xd0,0x1,0x0,0x0,0x0,0x0,
  0x0,0x0,0x40,0x40,0x7,0x0,0x0,0x0,0x0,0x0,0x0,0x80,0x8,0xe8,0x0,0x0,
  0x0,0x0,0x0,0x0,0x0,0x20,0xa0,0x3,0x0,0x0,0x0,0x0,0x0,0x0,0x40,0x4,
  0x74,0x0,0x0,0x0,0x0,0x0,0x0,0x0,0x10,0xd0,0x1,0x0,0x0,0x0,0x0,0x0,
  0x0,0x20,0x2,0x3a,0x0,0x0,0x0,0x0,0x0,0x0,0x0,0x8,0xe8,0x0,0x0,0x0,
  0x0,0x0,0x0,0x0,0x10,0x1,0x1d,0x0,0x0,0x0,0x0,0x0,0x0,0x0,0x4,0x74,
  0x0,0x0,0x0,0x0,0x0,0x0,0x0,0x88,0x80,0xe,0x0,0x0,0x0,0x0,0x0,0x0,
  0x0,0x2,0x3a,0x0,0x0,0x0,0x0,0x0,0x0,0x0,0x44,0x40,0x7,0x0,0x0,0x0,
  0x0,0x0,0x0,0x0,0x1,0x1d,0x0,0x0,0x0,0x0,0x0,0x0,0x0,0x22,0xa0,0x3,
  0x0,0x0,0x0,0x0,0x0,0x0,0x80,0x80,0xe,0x0,0x0,0x0,0x0,0x0,0x0,0x0,
  0x11,0xd0,0x1,0x0,0x0,0x0,0x0,0x0,0x0,0x40,0x40,0x7,0x0,0x0,0x0,0x0,
  0x0,0x0,0x80,0x8,0xe8,0x0,0x0,0x0,0x0,0x0,0x0,0x0,0x20,0xa0,0x3,0x0,
  0x0,0x0,0x0,0x0,0x0,0x40,0x4,0x74,0x0,0x0,0x0,0x0,0x0,0x0,0x0,0x10,
  0xd0,0x1,0x0,0x0,0x0,0x0,0x0,0x0,0x20,0x2,0x3a,0x0,0x0,0x0,0x0,0x0,
  0x0,0x0,0x8,0xe8,0x0,0x0,0x0,0x0,0x0,0x0,0x0,0x10,0x1,0x1d,0x0,0x0,
  0x0,0x0,0x0,0x0,0x0,0x4,0x74,0x0,0x0,0x0,0x0,0x0,0x0,0x0,0x88,0x80,
  0xe,0x0,0x0,0x0,0x0,0x0,0x0,0x0,0x2,0x3a,0x0,0x0,0x0,0x0,0x0,0x0,
  0x0,0x44,0x40,0x7,0x0,0x0,0x0,0x0,0x0,0x0,0x0,0x1,0x1d,0x0,0x0,0x0,
  0x0,0x0,0x0,0x0,0x22,0xa0,0x3,0x0,0x0,0x0,0x0,0x0,0x0,0x80,0x80,0xe,
  0x0,0x0,0x0,0x0,0x0,0x0,0x0,0x11,0xd0,0x1,0x0,0x0,0x0,0x0,0x0,0x0,
  0x40,0x40,0x7,0x0,0x0,0x0,0x0,0x0,0x0,0x80,0x8,0xe8,0x0,0x0,0x0,0x0,
  0x0,0x0,0x0,0x20,0xa0,0x3,0x0,0x0,0x0,0x0,0x0,0x0,0x40,0x4,0x74,0x0,
  0x0,0x0,0x0,0x0,0x0,0x0,0x10,0xd0,0x1,0x0,0x0,0x0,0x0,0x0,0x0,0x20,
  0x2,0x3a,0x0,0x0,0x0,0x0,0x0,0x0,0x0,0x8,0xe8,0x0,0x0,0x0,0x0,0x0,
  0x0,0x0,0x10,0x1,0x1d,0x0,0x0,0x0,0x0,0x0,0x0,0x0,0x4,0x74,0x0,0x0,
  0x0,0x0,0x0,0x0,0x0,0x88,0x80,0xe,0x0,0x0,0x0,0x0,0x0,0x0,0x0,0x2,
  0x3a,0x0,0x0,0x0,0x0,0x0,0x0,0x0,0x44,0x40,0x7,0x0,0x0,0x0,0x0,0x0,
  0x0,0x0,0x1,0x1d,0x0,0x0,0x0,0x0,0x0,0x0,0x0,0x22,0xa0,0x3,0x0,0x0,
  0x0,0x0,0x0,0x0,0x80,0x80,0xe,0x0,0x0,0x0,0x0,0x0,0x0,0x0,0x11,0xd0,
  0x1,0x0,0x0,0x0,0x0,0x0,0x0,0x40,0x40,0x7,0x0,0x0,0x0,0x0,0x0,0x0,
  0x80,0x8,0xe8,0x0,0x0,0x0,0x0,0x0,0x0,0x0,0x20,0xa0,0x3,0x0,0x0,0x0,
  0x0,0x0,0x0,0x40,0x4,0x74,0x0,0x0,0x0,0x0,0x0,0x0,0x0,0x10,0xd0,0x1,
  0x0,0x0,0x0,0x0,0x0,0x0,0x20,0x2,0x3a,0x0,0x0,0x0,0x0,0x0,0x0,0x0,
  0x8,0xe8,0x0,0x0,0x0,0x0,0x0,0x0,0x0,0x10,0x1,0x1d,0x0,0x0,0x0,0x0,
  0x0,0x0,0x0,0x4,0x74,0x0,0x0,0x0,0x0,0x0,0x0,0x0,0x88,0x80,0xe,0x0,
  0x0,0x0,0x0,0x0,0x0,0x0,0x2,0x3a,0x0,0x0,0x0,0x0,0x0,0x0,0x0,0x44,
  0x40,0x7,0x0,0x0,0x0,0x0,0x0,0x0,0x0,0x1,0x1d,0x0,0x0,0x0,0x0,0x0,
  0x0,0x0,0x22,0xa0,0x3,0x0,0x0,0x0,0x0,0x0,0x0,0x80,0x80,0xe,0x0,0x0,
  0x0,0x0,0x0,0x0,0x0,0x11,0xd0,0x1,0x0,0x0,0x0,0x0,0x0,0x0,0x40,0x40,
  0x7,0x0,0x0,0x0,0x0,0x0,0x0,0x80,0x8,0xe8,0x0,0x0,0x0,0x0,0x0,0x0,
  0x0,0x20,0xa0,0x3,0x0,0x0,0x0,0x0,0x0,0x0,0x40,0x4,0x74,0x0,0x0,0x0,
  0x0,0x0,0x0,0x0,0x10,0xd0,0x1,0x0,0x0,0x0,0x0,0x0,0x0,0x20,0x2,0x3a,
  0x0,0x0,0x0,0x0,0x0,0x0,0x0,0x8,0xe8,0x0,0x0,0x0,0x0,0x0,0x0,0x0,
  0x10,0x1,0x1d,0x0,0x0,0x0,0x0,0x0,0x0,0x0,0x4,0x74,0x0,0x0,0x0,0x0,
  0x0,0x0,0x0,0x88,0x80,0xe,0x0,0x0,0x0,0x0,0x0,0x0,0x0,0x2,0x3a,0x0,
  0x0,0x0,0x0,0x0,0x0,0x0,0x44,0x40,0x7,0x0,0x0,0x0,0x0,0x0,0x0,0x0,
  0x1,0x1d,0x0,0x0,0x0,0x0,0x0,0x0,0x0,0x22,0xa0,0x3,0x0,0x0,0x0,0x0,
  0x0,0x0,0x80,0x80,0xe,0x0,0x0,0x0,0x0,0x0,0x0,0x0,0x11,0xd0,0x1,0x0,
  0x0,0x0,0x0,0x0,0x0,0x40,0x40,0x7,0x0,0x0,0x0,0x0,0x0,0x0,0x80,0x8,
  0xe8,0x0,0x0,0x0,0x0,0x0,0x0,0x0,0x20,0xa0,0x3,0x0,0x0,0x0,0x0,0x0,
  0x0,0x40,0x4,0x74,0x0,0x0,0x0,0x0,0x0,0x0,0x0,0x10,0xd0,0x1,0x0,0x0,
  0x0,0x0,0x0,0x0,0x20,0x2,0x3a,0x0,0x0,0x0,0x0,0x0,0x0,0x0,0x8,0xe8,
  0x0,0x0,0x0,0x0,0x0,0x0,0x0,0x10,0x1,0x1d,0x0,0x0,0x0,0x0,0x0,0x0,
  0x0,0x4,0x74,0x0,0x0,0x0,0x0,0x0,0x0,0x0,0x88,0x80,0xe,0x0,0x0,0x0,
  0x0,0x0,0x0,0x0,0x2,0x3a,0x0,0x0,0x0,0x0,0x0,0x0,0x0,0x44,0x40,0x7,
  0x0,0x0,0x0,0x0,0x0,0x0,0x0,0x1,0x1d,0x0,0x0,0x0,0x0,0x0,0x0,0x0,
  0x22,0xa0,0x3,0x0,0x0,0x0,0x0,0x0,0x0,0x80,0x80,0xe,0x0,0x0,0x0,0x0,
  0x0,0x0,0x0,0x11,0xd0,0x1,0x0,0x0,0x0,0x0,0x0,0x0,0x40,0x40,0x7,0x0,
  0x0,0x0,0x0,0x0,0x0,0x80,0x8,0xe8,0x0,0x0,0x0,0x0,0x0,0x0,0x0,0x20,
  0xa0,0x3,0x0,0x0,0x0,0x0,0x0,0x0,0x40,0x4,0x74,0x0,0x0,0x0,0x0,0x0,
  0x0,0x0,0x10,0xd0,0x1,0x0,0x0,0x0,0x0,0x0,0x0,0x20,0x2,0x3a,0x0,0x0,
  0x0,0x0,0x0,0x0,0x0,0x8,0xe8,0x0,0x0,0x0,0x0,0x0,0x0,0x0,0x10,0x1,
  0x1d,0x0,0x0,0x0,0x0,0x0,0x0,0x0,0x4,0x74,0x0,0x0,0x0,0x0,0x0,0x0,
  0x0,0x88,0x80,0xe,0x0,0x0,0x0,0x0,0x0,0x0,0x0,0x2,0x3a,0x0,0x0,0x0,
  0x0,0x0,0x0,0x0,0x44,0x40,0x7,0x0,0x0,0x0,0x0,0x0,0x0,0x0,0x1,0x1d,
  0x0,0x0,0x0,0x0,0x0,0x0,0x0,0x22,0xa0,0x3,0x0,0x0,0x0,0x0,0x0,0x0,
  0x80,0x80,0xe,0x0,0x0,0x0,0x0,0x0,0x0,0x0,0x11,0xd0,0x1,0x0,0x0,0x0,
  0x0,0x0,0x0,0x40,0x40,0x7,0x0,0x0,0x0,0x0,0x0,0x0,0x80,0x8,0xe8,0x0,
  0x0,0x0,0x0,0x0,0x0,0x0,0x20,0xa0,0x3,0x0,0x0,0x0,0x0,0x0,0x0,0x40,
  0x4,0x74,0x0,0x0,0x0,0x0,0x0,0x0,0x0,0x10,0xd0,0x1,0x0,0x0,0x0,0x0,
  0x0,0x0,0x20,0x2,0x3a,0x0,0x0,0x0,0x0,0x0,0x0,0x0,0x8,0xe8,0x0,0x0,
  0x0,0x0,0x0,0x0,0x0,0x10,0x1,0x1d,0x0,0x0,0x0,0x0,0x0,0x0,0x0,0x4,
  0x74,0x0,0x0,0x0,0x0,0x0,0x0,0x0,0x88,0x80,0xe,0x0,0x0,0x0,0x0,0x0,
  0x0,0x0,0x2,0x3a,0x0,0x0,0x0,0x0,0x0,0x0,0x0,0x44,0x40,0x7,0x0,0x0,
  0x0,0x0,0x0,0x0,0x0,0x1,0x1d,0x0,0x0,0x0,0x0,0x0,0x0,0x0,0x22,0xa0,
  0x3,0x0,0x0,0x0,0x0,0x0,0x0,0x80,0x80,0xe,0x0,0x0,0x0,0x0,0x0,0x0,
  0x0,0x11,0xd0,0x1,0x0,0x0,0x0,0x0,0x0,0x0,0x40,0x40,0x7,0x0,0x0,0x0,
  0x0,0x0,0x0,0x80,0x8,0xe8,0x0,0x0,0x0,0x0,0x0,0x0,0x0,0x20,0xa0,0x3,
  0x0,0x0,0x0,0x0,0x0,0x0,0x40,0x4,0x74,0x0,0x0,0x0,0x0,0x0,0x0,0x0,
  0x10,0xd0,0x1,0x0,0x0,0x0,0x0,0x0,0x0,0x20,0x2,0x3a,0x0,0x0,0x0,0x0,
  0x0,0x0,0x0,0x8,0xe8,0x0,0x0,0x0,0x0,0x0,0x0,0x0,0x10,0x1,0x1d,0x0,
  0x0,0x0,0x0,0x0,0x0,0x0,0x4,0x74,0x0,0x0,0x0,0x0,0x0,0x0,0x0,0x88,
  0x80,0xe,0x0,0x0,0x0,0x0,0x0,0x0,0x0,0x2,0x3a,0x0,0x0,0x0,0x0,0x0,
  0x0,0x0,0x44,0x40,0x7,0x0,0x0,0x0,0x0,0x0,0x0,0x0,0x1,0x1d,0x0,0x0,
  0x0,0x0,0x0,0x0,0x0,0x22,0xa0,0x3,0x0,0x0,0x0,0x0,0x0,0x0,0x80,0x80,
  0xe,0x0,0x0,0x0,0x0,0x0,0x0,0x0,0x11,0xd0,0x1,0x0,0x0,0x0,0x0,0x0,
  0x0,0x40,0x40,0x7,0x0,0x0,0x0,0x0,0x0,0x0,0x80,0x8,0xe8,0x0,0x0,0x0,
  0x0,0x0,0x0,0x0,0x20,0xa0,0x3,0x0,0x0,0x0,0x0,0x0,0x0,0x40,0x4,0x74,
  0x0,0x0,0x0,0x0,0x0,0x0,0x0,0x10,0xd0,0x1,0x0,0x0,0x0,0x0,0x0,0x0,
  0x20,0x2,0x3a,0x0,0x0,0x0,0x0,0x0,0x0,0x0,0x8,0xe8,0x0,0x0,0x0,0x0,
  0x0,0x0,0x0,0x10,0x1,0x1d,0x0,0x0,0x0,0x0,0x0,0x0,0x0,0x4,0x74,0x0,
  0x0,0x0,0x0,0x0,0x0,0x0,0x88,0x80,0xe,0x0,0x0,0x0,0x0,0x0,0x0,0x0,
  0x2,0x3a,0x0,0x0,0x0,0x0,0x0,0x0,0x0,0x44,0x40,0x7,0x0,0x0,0x0,0x0,
  0x0,0x0,0x0,0x1,0x1d,0x0,0x0,0x0,0x0,0x0,0x0,0x0,0x22,0xa0,0x3,0x0,
  0x0,0x0,0x0,0x0,0x0,0x80,0x80,0xe,0x0,0x0,0x0,0x0,0x0,0x0,0x0,0x11,
  0xd0,0x1,0x0,0x0,0x0,0x0,0x0,0x0,0x40,0x40,0x7,0x0,0x0,0x0,0x0,0x0,
  0x0,0x80,0x8,0xe8,0x0,0x0,0x0,0x0,0x0,0x0,0x0,0x20,0xa0,0x3,0x0,0x0,
  0x0,0x0,0x0,0x0,0x40,0x4,0x74,0x0,0x0,0x0,0x0,0x0,0x0,0x0,0x10,0xd0,
  0x1,0x0,0x0,0x0,0x0,0x0,0x0,0x20,0x2,0x3a,0x0,0x0,0x0,0x0,0x0,0x0,
  0x0,0x8,0xe8,0x0,0x0,0x0,0x0,0x0,0x0,0x0,0x10,0x1,0x1d,0x0,0x0,0x0,
  0x0,0x0,0x0,0x0,0x4,0x74,0x0,0x0,0x0,0x0,0x0,0x0,0x0,0x88,0x80,0xe,
  0x0,0x0,0x0,0x0,0x0,0x0,0x0,0x2,0x3a,0x0,0x0,0x0,0x0,0x0,0x0,0x0,
  0x44,0x40,0x7,0x0,0x0,0x0,0x0,0x0,0x0,0x0,0x1,0x1d,0x0,0x0,0x0,0x0,
  0x0,0x0,0x0,0x22,0xa0,0x3,0x0,0x0,0x0,0x0,0x0,0x0,0x80,0x80,0xe,0x0,
  0x0,0x0,0x0,0x0,0x0,0x0,0x11,0xd0,0x1,0x0,0x0,0x0,0x0,0x0,0x0,0x40,
  0x40,0x7,0x0,0x0,0x0,0x0,0x0,0x0,0x80,0x8,0xe8,0x0,0x0,0x0,0x0,0x0,
  0x0,0x0,0x20,0xa0,0x3,0x0,0x0,0x0,0x0,0x0,0x0,0x40,0x4,0x74,0x0,0x0,
  0x0,0x0,0x0,0x0,0x0,0x10,0xd0,0x1,0x0,0x0,0x0,0x0,0x0,0x0,0x20,0x2,
  0x3a,0x0,0x0,0x0,0x0,0x0,0x0,0x0,0x8,0xe8,0x0,0x0,0x0,0x0,0x0,0x0,
  0x0,0x10,0x1,0x1d,0x0,0x0,0x0,0x0,0x0,0x0,0x0,0x4,0x74,0x0,0x0,0x0,
  0x0,0x0,0x0,0x0,0x88,0x80,0xe,0x0,0x0,0x0,0x0,0x0,0x0,0x0,0x2,0x3a,
  0x0,0x0,0x0,0x0,0x0,0x0,0x0,0x44,0x40,0x7,0x0,0x0,0x0,0x0,0x0,0x0,
  0x0,0x1,0x1d,0x0,0x0,0x0,0x0,0x0,0x0,0x0,0x22,0xa0,0x3,0x0,0x0,0x0,
  0x0,0x0,0x0,0x80,0x80,0xe,0x0,0x0,0x0,0x0,0x0,0x0,0x0,0x11,0xd0,0x1,
  0x0,0x0,0x0,0x0,0x0,0x0,0x40,0x40,0x7,0x0,0x0,0x0,0x0,0x0,0x0,0x80,
  0x8,0xe8,0x0,0x0,0x0,0x0,0x0,0x0,0x0,0x20,0xa0,0x3,0x0,0x0,0x0,0x0,
  0x0,0x0,0x40,0x4,0x74,0x0,0x0,0x0,0x0,0x0,0x0,0x0,0x10,0xd0,0x1,0x0,
  0x0,0x0,0x0,0x0,0x0,0x20,0x2,0x3a,0x0,0x0,0x0,0x0,0x0,0x0,0x0,0x8,
  0xe8,0x0,0x0,0x0,0x0,0x0,0x0,0x0,0x10,0x1,0x1d,0x0,0x0,0x0,0x0,0x0,
  0x0,0x0,0x4,0x74,0x0,0x0,0x0,0x0,0x0,0x0,0x0,0x88,0x80,0xe,0x0,0x0,
  0x0,0x0,0x0,0x0,0x0,0x2,0x3a,0x0,0x0,0x0,0x0,0x0,0x0,0x0,0x44,0x40,
  0x7,0x0,0x0,0x0,0x0,0x0,0x0,0x0,0x1,0x1d,0x0,0x0,0x0,0x0,0x0,0x0,
  0x0,0x22,0xa0,0x3,0x0,0x0,0x0,0x0,0x0,0x0,0x80,0x80,0xe,0x0,0x0,0x0,
  0x0,0x0,0x0,0x0,0x11,0xd0,0x1,0x0,0x0,0x0,0x0,0x0,0x0,0x40,0x40,0x7,
  0x0,0x0,0x0,0x0,0x0,0x0,0x80,0x8,0xe8,0x0,0x0,0x0,0x0,0x0,0x0,0x0,
  0x20,0xa0,0x3,0x0,0x0,0x0,0x0,0x0,0x0,0x40,0x4,0x74,0x0,0x0,0x0,0x0,
  0x0,0x0,0x0,0x10,0xd0,0x1,0x0,0x0,0x0,0x0,0x0,0x0,0x20,0x2,0x3a,0x0,
  0x0,0x0,0x0,0x0,0x0,0x0,0x8,0xe8,0x0,0x0,0x0,0x0,0x0,0x0,0x0,0x10,
  0x1,0x1d,0x0,0x0,0x0,0x0,0x0,0x0,0x0,0x4,0x74,0x0,0x0,0x0,0x0,0x0,
  0x0,0x0,0x88,0x80,0xe,0x0,0x0,0x0,0x0,0x0,0x0,0x0,0x2,0x3a,0x0,0x0,
  0x0,0x0,0x0,0x0,0x0,0x44,0x40,0x7,0x0,0x0,0x0,0x0,0x0,0x0,0x0,0x1,
  0x1d,0x0,0x0,0x0,0x0,0x0,0x0,0x0,0x22,0xa0,0x3,0x0,0x0,0x0,0x0,0x0,
  0x0,0x80,0x80,0xe,0x0,0x0,0x0,0x0,0x0,0x0,0x0,0x11,0xd0,0x1,0x0,0x0,
  0x0,0x0,0x0,0x0,0x40,0x40,0x7,0x0,0x0,0x0,0x0,0x0,0x0,0x80,0x8,0xe8,
  0x0,0x0,0x0,0x0,0x0,0x0,0x0,0x20,0xa0,0x3,0x0,0x0,0x0,0x0,0x0,0x0,
  0x40,0x4,0x74,0x0,0x0,0x0,0x0,0x0,0x0,0x0,0x10,0xd0,0x1,0x0,0x0,0x0,
  0x0,0x0,0x0,0x20,0x2,0x3a,0x0,0x0,0x0,0x0,0x0,0x0,0x0,0x8,0xe8,0x0,
  0x0,0x0,0x0,0x0,0x0,0x0,0x10,0x1,0x1d,0x0,0x0,0x0,0x0,0x0,0x0,0x0,
  0x4,0x74,0x0,0x0,0x0,0x0,0x0,0x0,0x0,0x88,0x80,0xe,0x0,0x0,0x0,0x0,
  0x0,0x0,0x0,0x2,0x3a,0x0,0x0,0x0,0x0,0x0,0x0,0x0,0x44,0x40,0x7,0x0,
  0x0,0x0,0x0,0x0,0x0,0x0,0x1,0x1d,0x0,0x0,0x0,0x0,0x0,0x0,0x0,0x22,
  0xa0,0x3,0x0,0x0,0x0,0x0,0x0,0x0,0x80,0x80,0xe,0x0,0x0,0x0,0x0,0x0,
  0x0,0x0,0x11,0xd0,0x1,0x0,0x0,0x0,0x0,0x0,0x0,0x40,0x40,0x7,0x0,0x0,
  0x0,0x0,0x0,0x0,0x80,0x8,0xe8,0x0,0x0,0x0,0x0,0x0,0x0,0x0,0x20,0xa0,
  0x3,0x0,0x0,0x0,0x0,0x0,0x0,0x40,0x4,0x74,0x0,0x0,0x0,0x0,0x0,0x0,
  0x0,0x10,0xd0,0x1,0x0,0x0,0x0,0x0,0x0,0x0,0x20,0x2,0x3a,0x0,0x0,0x0,
  0x0,0x0,0x0,0x0,0x8,0xe8,0x0,0x0,0x0,0x0,0x0,0x0,0x0,0x10,0x1,0x1d,
  0x0,0x0,0x0,0x0,0x0,0x0,0x0,0x4,0x74,0x0,0x0,0x0,0x0,0x0,0x0,0x0,
  0xc8,0x5f,0xa7,0xd4,0xb,0x23,0x3c,0xbf,0xa0,0x82,0x0,0x0,0x0,0x0,0x49,0x45,
  0x4e,0x44,0xae,0x42,0x60,0x82,
  
};

static const unsigned char qt_resource_name[] = {
  // rech
  0x0,0x4,
  0x0,0x7,0x8b,0x98,
  0x0,0x72,
  0x0,0x65,0x0,0x63,0x0,0x68,
    // recherche.png
  0x0,0xd,
  0x8,0x97,0x8f,0xa7,
  0x0,0x72,
  0x0,0x65,0x0,0x63,0x0,0x68,0x0,0x65,0x0,0x72,0x0,0x63,0x0,0x68,0x0,0x65,0x0,0x2e,0x0,0x70,0x0,0x6e,0x0,0x67,
  
};

static const unsigned char qt_resource_struct[] = {
  // :
  0x0,0x0,0x0,0x0,0x0,0x2,0x0,0x0,0x0,0x1,0x0,0x0,0x0,0x1,
0x0,0x0,0x0,0x0,0x0,0x0,0x0,0x0,
  // :/rech
  0x0,0x0,0x0,0x0,0x0,0x2,0x0,0x0,0x0,0x1,0x0,0x0,0x0,0x2,
0x0,0x0,0x0,0x0,0x0,0x0,0x0,0x0,
  // :/rech/recherche.png
  0x0,0x0,0x0,0xe,0x0,0x0,0x0,0x0,0x0,0x1,0x0,0x0,0x0,0x0,
0x0,0x0,0x1,0x9a,0xcc,0x18,0x92,0x4e,

};

#ifdef QT_NAMESPACE
#  define QT_RCC_PREPEND_NAMESPACE(name) ::QT_NAMESPACE::name
#  define QT_RCC_MANGLE_NAMESPACE0(x) x
#  define QT_RCC_MANGLE_NAMESPACE1(a, b) a##_##b
#  define QT_RCC_MANGLE_NAMESPACE2(a, b) QT_RCC_MANGLE_NAMESPACE1(a,b)
#  define QT_RCC_MANGLE_NAMESPACE(name) QT_RCC_MANGLE_NAMESPACE2( \
        QT_RCC_MANGLE_NAMESPACE0(name), QT_RCC_MANGLE_NAMESPACE0(QT_NAMESPACE))
#else
#   define QT_RCC_PREPEND_NAMESPACE(name) name
#   define QT_RCC_MANGLE_NAMESPACE(name) name
#endif

#ifdef QT_NAMESPACE
namespace QT_NAMESPACE {
#endif

bool qRegisterResourceData(int, const unsigned char *, const unsigned char *, const unsigned char *);
bool qUnregisterResourceData(int, const unsigned char *, const unsigned char *, const unsigned char *);

#ifdef QT_NAMESPACE
}
#endif

int QT_RCC_MANGLE_NAMESPACE(qInitResources_rech)();
int QT_RCC_MANGLE_NAMESPACE(qInitResources_rech)()
{
    int version = 3;
    QT_RCC_PREPEND_NAMESPACE(qRegisterResourceData)
        (version, qt_resource_struct, qt_resource_name, qt_resource_data);
    return 1;
}

int QT_RCC_MANGLE_NAMESPACE(qCleanupResources_rech)();
int QT_RCC_MANGLE_NAMESPACE(qCleanupResources_rech)()
{
    int version = 3;
    QT_RCC_PREPEND_NAMESPACE(qUnregisterResourceData)
       (version, qt_resource_struct, qt_resource_name, qt_resource_data);
    return 1;
}

#ifdef __clang__
#   pragma clang diagnostic push
#   pragma clang diagnostic ignored "-Wexit-time-destructors"
#endif

namespace {
   struct initializer {
       initializer() { QT_RCC_MANGLE_NAMESPACE(qInitResources_rech)(); }
       ~initializer() { QT_RCC_MANGLE_NAMESPACE(qCleanupResources_rech)(); }
   } dummy;
}

#ifdef __clang__
#   pragma clang diagnostic pop
#endif
